{
  "type": "FeatureCollection",
  "features": [
    {
      "type": "Feature",
      "properties": {
        "kind": "boundary",
        "region_id": "E22",
        "polygon_index": 0,
        "edge_distance_lon": [
          0.15,
          0.5
        ],
        "edge_distance_lat": [
          0.3,
          0.3
        ]
      },
      "geometry": {
        "type": "Polygon",
        "coordinates": [
          [
            [
              110.64727817901424,
              35.602276693637386
            ],
            [
              110.64742962574496,
              35.602277601960715
            ],
            [
              110.64742868463246,
              35.602406783823106
            ],
            [
              110.64727723790173,
              35.60240587549978
            ],
            [
              110.64727817901424,
              35.602276693637386
            ]
          ]
        ]
      }
    },
    {
      "type": "Feature",
      "properties": {
        "kind": "boundary",
        "region_id": "E22",
        "polygon_index": 1,
        "edge_distance_lon": [
          0.3,
          0.1
        ],
        "edge_distance_lat": [
          0.3,
          0.3
        ]
      },
      "geometry": {
        "type": "Polygon",
        "coordinates": [
          [
            [
              110.64743693221848,
              35.602287578661766
            ],
            [
              110.64777328985258,
              35.602289317044416
            ],
            [
              110.64777309831817,
              35.60240848925073
            ],
            [
              110.64743674068407,
              35.60240675086808
            ],
            [
              110.64743693221848,
              35.602287578661766
            ]
          ]
        ]
      }
    },
    {
      "type": "Feature",
      "properties": {
        "kind": "boundary",
        "region_id": "E23",
        "polygon_index": 0,
        "edge_distance_lon": [
          0.15,
          0.5
        ],
        "edge_distance_lat": [
          0.3,
          0.3
        ]
      },
      "geometry": {
        "type": "Polygon",
        "coordinates": [
          [
            [
              110.64720056627007,
              35.602114985332534
            ],
            [
              110.64727199480592,
              35.60211544701447
            ],
            [
              110.64727207955534,
              35.602129950559984
            ],
            [
              110.6472006510195,
              35.60212948887804
            ],
            [
              110.64720056627007,
              35.602114985332534
            ]
          ]
        ]
      }
    },
    {
      "type": "Feature",
      "properties": {
        "kind": "boundary",
        "region_id": "E23",
        "polygon_index": 1,
        "edge_distance_lon": [
          0.3,
          0.5
        ],
        "edge_distance_lat": [
          0.3,
          0.3
        ]
      },
      "geometry": {
        "type": "Polygon",
        "coordinates": [
          [
            [
              110.64728016133493,
              35.60211505018816
            ],
            [
              110.64777457663791,
              35.60211783161967
            ],
            [
              110.64777398498698,
              35.602184783694824
            ],
            [
              110.647279569684,
              35.60218200226331
            ],
            [
              110.64728016133493,
              35.60211505018816
            ]
          ]
        ]
      }
    },
    {
      "type": "Feature",
      "properties": {
        "kind": "boundary",
        "region_id": "E24",
        "polygon_index": 0,
        "edge_distance_lon": [
          0.3,
          0.5
        ],
        "edge_distance_lat": [
          0.3,
          0.3
        ]
      },
      "geometry": {
        "type": "Polygon",
        "coordinates": [
          [
            [
              110.64720206011204,
              35.60192640248204
            ],
            [
              110.64777591376827,
              35.60192967830139
            ],
            [
              110.64777435841093,
              35.602079561345256
            ],
            [
              110.6472005047547,
              35.60207628552591
            ],
            [
              110.64720206011204,
              35.60192640248204
            ]
          ]
        ]
      }
    },
    {
      "type": "Feature",
      "properties": {
        "kind": "boundary",
        "region_id": "W24",
        "polygon_index": 0,
        "edge_distance_lon": [
          0.3,
          0.5
        ],
        "edge_distance_lat": [
          0.3,
          0.3
        ]
      },
      "geometry": {
        "type": "Polygon",
        "coordinates": [
          [
            [
              110.64718329993853,
              35.60208048052034
            ],
            [
              110.6466094331906,
              35.60207900896125
            ],
            [
              110.64660984388259,
              35.60192961528979
            ],
            [
              110.64718371063053,
              35.601931086848886
            ],
            [
              110.64718329993853,
              35.60208048052034
            ]
          ]
        ]
      }
    },
    {
      "type": "Feature",
      "properties": {
        "kind": "bridge",
        "connector_id": "bridge_5B-6B",
        "edge_distance_lon": [
          0.1,
          0.1
        ],
        "edge_distance_lat": [
          0.1,
          0.1
        ]
      },
      "geometry": {
        "type": "LineString",
        "coordinates": [
          [
            110.64741549006075,
            35.60589856772437
          ],
          [
            110.64741642174106,
            35.60568374013546
          ]
        ]
      }
    },
    {
      "type": "Feature",
      "properties": {
        "kind": "bridge",
        "connector_id": "bridge_6A-7bB",
        "edge_distance_lon": [
          0.1,
          0.1
        ],
        "edge_distance_lat": [
          0.1,
          0.1
        ]
      },
      "geometry": {
        "type": "LineString",
        "coordinates": [
          [
            110.64741690256913,
            35.605502653578235
          ],
          [
            110.64741521205767,
            35.605467251897565
          ]
        ]
      }
    },
    {
      "type": "Feature",
      "properties": {
        "kind": "bridge",
        "connector_id": "bridge_7bA-7A",
        "edge_distance_lon": [
          0.3,
          0.3
        ],
        "edge_distance_lat": [
          0.1,
          0.5
        ]
      },
      "geometry": {
        "type": "LineString",
        "coordinates": [
          [
            110.64741623970805,
            35.605286201553355
          ],
          [
            110.64776001450005,
            35.605286952396405
          ]
        ]
      }
    },
    {
      "type": "Feature",
      "properties": {
        "kind": "bridge",
        "connector_id": "bridge_8B-9A",
        "edge_distance_lon": [
          0.1,
          0.1
        ],
        "edge_distance_lat": [
          -3.2,
          2.3
        ]
      },
      "geometry": {
        "type": "LineString",
        "coordinates": [
          [
            110.6477602879233,
            35.605252466171876
          ],
          [
            110.6477609856752,
            35.60500043052129
          ]
        ]
      }
    },
    {
      "type": "Feature",
      "properties": {
        "kind": "bridge",
        "connector_id": "bridge_10A-11B",
        "edge_distance_lon": [
          0.1,
          0.1
        ],
        "edge_distance_lat": [
          0.1,
          0.1
        ]
      },
      "geometry": {
        "type": "LineString",
        "coordinates": [
          [
            110.64776183179559,
            35.604852917286685
          ],
          [
            110.64776265157377,
            35.60475014299974
          ]
        ]
      }
    },
    {
      "type": "Feature",
      "properties": {
        "kind": "bridge",
        "connector_id": "bridge_11A-12B",
        "edge_distance_lon": [
          0.1,
          0.1
        ],
        "edge_distance_lat": [
          0.1,
          0.1
        ]
      },
      "geometry": {
        "type": "LineString",
        "coordinates": [
          [
            110.64776313280512,
            35.60452749634761
          ],
          [
            110.64776416327175,
            35.60442191035046
          ]
        ]
      }
    },
    {
      "type": "Feature",
      "properties": {
        "kind": "bridge",
        "connector_id": "bridge_12A-13B",
        "edge_distance_lon": [
          0.1,
          0.1
        ],
        "edge_distance_lat": [
          0.1,
          0.1
        ]
      },
      "geometry": {
        "type": "LineString",
        "coordinates": [
          [
            110.64776463744738,
            35.60429273226822
          ],
          [
            110.64776464459975,
            35.60426221780848
          ]
        ]
      }
    },
    {
      "type": "Feature",
      "properties": {
        "kind": "bridge",
        "connector_id": "bridge_13A-14B",
        "edge_distance_lon": [
          0.1,
          0.1
        ],
        "edge_distance_lat": [
          0.1,
          0.1
        ]
      },
      "geometry": {
        "type": "LineString",
        "coordinates": [
          [
            110.64776491482968,
            35.60415389596566
          ],
          [
            110.64776557275421,
            35.60404401827957
          ]
        ]
      }
    },
    {
      "type": "Feature",
      "properties": {
        "kind": "bridge",
        "connector_id": "bridge_14A-15B",
        "edge_distance_lon": [
          0.1,
          0.1
        ],
        "edge_distance_lat": [
          0.1,
          0.1
        ]
      },
      "geometry": {
        "type": "LineString",
        "coordinates": [
          [
            110.64776723843342,
            35.603863009383225
          ],
          [
            110.64776678225708,
            35.60382802136538
          ]
        ]
      }
    },
    {
      "type": "Feature",
      "properties": {
        "kind": "bridge",
        "connector_id": "bridge_15A-16B",
        "edge_distance_lon": [
          0.1,
          0.1
        ],
        "edge_distance_lat": [
          0.1,
          0.1
        ]
      },
      "geometry": {
        "type": "LineString",
        "coordinates": [
          [
            110.64776705903036,
            35.60371975122639
          ],
          [
            110.6477676095043,
            35.60360864241737
          ]
        ]
      }
    },
    {
      "type": "Feature",
      "properties": {
        "kind": "bridge",
        "connector_id": "bridge_16A-17B",
        "edge_distance_lon": [
          0.1,
          0.1
        ],
        "edge_distance_lat": [
          0.1,
          0.1
        ]
      },
      "geometry": {
        "type": "LineString",
        "coordinates": [
          [
            110.64776810603713,
            35.60346909433307
          ],
          [
            110.64776797468316,
            35.60344504040682
          ]
        ]
      }
    },
    {
      "type": "Feature",
      "properties": {
        "kind": "bridge",
        "connector_id": "bridge_17A-18B",
        "edge_distance_lon": [
          0.1,
          0.1
        ],
        "edge_distance_lat": [
          0.1,
          0.1
        ]
      },
      "geometry": {
        "type": "LineString",
        "coordinates": [
          [
            110.64776897053187,
            35.603305884061356
          ],
          [
            110.64776922016449,
            35.60327065277348
          ]
        ]
      }
    },
    {
      "type": "Feature",
      "properties": {
        "kind": "bridge",
        "connector_id": "bridge_18A-19B",
        "edge_distance_lon": [
          0.1,
          0.1
        ],
        "edge_distance_lat": [
          0.1,
          0.1
        ]
      },
      "geometry": {
        "type": "LineString",
        "coordinates": [
          [
            110.64776956203357,
            35.60320371639688
          ],
          [
            110.64776966454107,
            35.603101230415184
          ]
        ]
      }
    },
    {
      "type": "Feature",
      "properties": {
        "kind": "bridge",
        "connector_id": "bridge_19A-20B",
        "edge_distance_lon": [
          0.1,
          0.1
        ],
        "edge_distance_lat": [
          0.1,
          0.1
        ]
      },
      "geometry": {
        "type": "LineString",
        "coordinates": [
          [
            110.6477703763593,
            35.602868395349155
          ],
          [
            110.64777090237833,
            35.60283616232081
          ]
        ]
      }
    },
    {
      "type": "Feature",
      "properties": {
        "kind": "bridge",
        "connector_id": "bridge_20A-21B",
        "edge_distance_lon": [
          0.1,
          0.1
        ],
        "edge_distance_lat": [
          0.1,
          0.1
        ]
      },
      "geometry": {
        "type": "LineString",
        "coordinates": [
          [
            110.64777166295664,
            35.602665661235534
          ],
          [
            110.64777235307753,
            35.60255989772949
          ]
        ]
      }
    },
    {
      "type": "Feature",
      "properties": {
        "kind": "bridge",
        "connector_id": "bridge_21A-22B",
        "edge_distance_lon": [
          0.1,
          0.1
        ],
        "edge_distance_lat": [
          0.1,
          -0.3
        ]
      },
      "geometry": {
        "type": "LineString",
        "coordinates": [
          [
            110.64777253579807,
            35.60244104011207
          ],
          [
            110.64777309831817,
            35.60240848925073
          ]
        ]
      }
    },
    {
      "type": "Feature",
      "properties": {
        "kind": "bridge",
        "connector_id": "bridge_22-23B",
        "edge_distance_lon": [
          0.1,
          0.1
        ],
        "edge_distance_lat": [
          0.1,
          0.4
        ],
        "from_region": "E22",
        "to_region": "E23"
      },
      "geometry": {
        "type": "LineString",
        "coordinates": [
          [
            110.64777328985258,
            35.602289317044416
          ],
          [
            110.64777457663791,
            35.60211783161967
          ]
        ]
      }
    },
    {
      "type": "Feature",
      "properties": {
        "kind": "bridge",
        "connector_id": "bridge_23-24B",
        "edge_distance_lon": [
          0.1,
          0.1
        ],
        "edge_distance_lat": [
          0.1,
          -0.1
        ],
        "from_region": "E23",
        "to_region": "E24"
      },
      "geometry": {
        "type": "LineString",
        "coordinates": [
          [
            110.64777398498698,
            35.602184783694824
          ],
          [
            110.64777435841093,
            35.602079561345256
          ]
        ]
      }
    },
    {
      "type": "Feature",
      "properties": {
        "kind": "bridge",
        "connector_id": "bridge_E24A-E24D",
        "edge_distance_lon": [
          0.3,
          0.3
        ],
        "edge_distance_lat": [
          0.3,
          1.0
        ]
      },
      "geometry": {
        "type": "LineString",
        "coordinates": [
          [
            110.64777591376827,
            35.60192967830139
          ],
          [
            110.64720316,
            35.60192661
          ]
        ]
      }
    },
    {
      "type": "Feature",
      "properties": {
        "kind": "bridge",
        "connector_id": "bridge_front1-W24C",
        "edge_distance_lon": [
          0.1,
          0.1
        ],
        "edge_distance_lat": [
          0.1,
          0.1
        ]
      },
      "geometry": {
        "type": "LineString",
        "coordinates": [
          [
            110.6472026954892,
            35.601931421995225
          ],
          [
            110.64718371063053,
            35.601931086848886
          ]
        ]
      }
    },
    {
      "type": "Feature",
      "properties": {
        "kind": "bridge",
        "connector_id": "back_W24B-W24C_stop",
        "edge_distance_lon": [
          0.1,
          0.1
        ],
        "edge_distance_lat": [
          0.1,
          0.1
        ]
      },
      "geometry": {
        "type": "LineString",
        "coordinates": [
          [
            110.64660984388259,
            35.60192961528979
          ],
          [
            110.64718371063053,
            35.601931086848886
          ]
        ]
      }
    },
    {
      "type": "Feature",
      "properties": {
        "kind": "bridge",
        "connector_id": "back_E24D-24A",
        "edge_distance_lon": [
          0.3,
          0.3
        ],
        "edge_distance_lat": [
          3.0,
          0.5
        ]
      },
      "geometry": {
        "type": "LineString",
        "coordinates": [
          [
            110.64720316,
            35.60192661
          ],
          [
            110.64777591376827,
            35.60192967830139
          ]
        ]
      }
    },
    {
      "type": "Feature",
      "properties": {
        "kind": "bridge",
        "connector_id": "back_24B-23A",
        "edge_distance_lon": [
          0.1,
          0.1
        ],
        "edge_distance_lat": [
          0.1,
          0.1
        ]
      },
      "geometry": {
        "type": "LineString",
        "coordinates": [
          [
            110.64777435841093,
            35.602079561345256
          ],
          [
            110.64777457663791,
            35.60211783161967
          ]
        ]
      }
    },
    {
      "type": "Feature",
      "properties": {
        "kind": "bridge",
        "connector_id": "back_23B-22A",
        "edge_distance_lon": [
          0.1,
          0.1
        ],
        "edge_distance_lat": [
          0.1,
          0.1
        ]
      },
      "geometry": {
        "type": "LineString",
        "coordinates": [
          [
            110.64777398498698,
            35.602184783694824
          ],
          [
            110.64777328985258,
            35.602289317044416
          ]
        ]
      }
    },
    {
      "type": "Feature",
      "properties": {
        "kind": "bridge",
        "connector_id": "back_22B-21A",
        "edge_distance_lon": [
          0.1,
          0.1
        ],
        "edge_distance_lat": [
          0.1,
          0.1
        ]
      },
      "geometry": {
        "type": "LineString",
        "coordinates": [
          [
            110.64777309831817,
            35.60240848925073
          ],
          [
            110.64777253579807,
            35.60244104011207
          ]
        ]
      }
    },
    {
      "type": "Feature",
      "properties": {
        "kind": "bridge",
        "connector_id": "back_21B-20A",
        "edge_distance_lon": [
          0.1,
          0.1
        ],
        "edge_distance_lat": [
          0.1,
          0.1
        ]
      },
      "geometry": {
        "type": "LineString",
        "coordinates": [
          [
            110.64777235307753,
            35.60255989772949
          ],
          [
            110.64777166295664,
            35.602665661235534
          ]
        ]
      }
    },
    {
      "type": "Feature",
      "properties": {
        "kind": "bridge",
        "connector_id": "back_20B-19A",
        "edge_distance_lon": [
          0.1,
          0.1
        ],
        "edge_distance_lat": [
          0.1,
          0.1
        ]
      },
      "geometry": {
        "type": "LineString",
        "coordinates": [
          [
            110.64777090237833,
            35.60283616232081
          ],
          [
            110.6477703763593,
            35.602868395349155
          ]
        ]
      }
    },
    {
      "type": "Feature",
      "properties": {
        "kind": "bridge",
        "connector_id": "back_19B-18A",
        "edge_distance_lon": [
          0.1,
          0.1
        ],
        "edge_distance_lat": [
          0.1,
          0.1
        ]
      },
      "geometry": {
        "type": "LineString",
        "coordinates": [
          [
            110.64776966454107,
            35.603101230415184
          ],
          [
            110.64776956203357,
            35.60320371639688
          ]
        ]
      }
    },
    {
      "type": "Feature",
      "properties": {
        "kind": "bridge",
        "connector_id": "back_18B-17A",
        "edge_distance_lon": [
          0.1,
          0.1
        ],
        "edge_distance_lat": [
          0.1,
          0.1
        ]
      },
      "geometry": {
        "type": "LineString",
        "coordinates": [
          [
            110.64776922016449,
            35.60327065277348
          ],
          [
            110.64776897053187,
            35.603305884061356
          ]
        ]
      }
    },
    {
      "type": "Feature",
      "properties": {
        "kind": "bridge",
        "connector_id": "back_17B-16A",
        "edge_distance_lon": [
          0.1,
          0.1
        ],
        "edge_distance_lat": [
          0.1,
          0.1
        ]
      },
      "geometry": {
        "type": "LineString",
        "coordinates": [
          [
            110.64776797468316,
            35.60344504040682
          ],
          [
            110.64776810603713,
            35.60346909433307
          ]
        ]
      }
    },
    {
      "type": "Feature",
      "properties": {
        "kind": "bridge",
        "connector_id": "back_16B-15A",
        "edge_distance_lon": [
          0.1,
          0.1
        ],
        "edge_distance_lat": [
          0.1,
          0.1
        ]
      },
      "geometry": {
        "type": "LineString",
        "coordinates": [
          [
            110.6477676095043,
            35.60360864241737
          ],
          [
            110.64776705903036,
            35.60371975122639
          ]
        ]
      }
    },
    {
      "type": "Feature",
      "properties": {
        "kind": "bridge",
        "connector_id": "back_15B-14A",
        "edge_distance_lon": [
          0.1,
          0.1
        ],
        "edge_distance_lat": [
          0.1,
          0.1
        ]
      },
      "geometry": {
        "type": "LineString",
        "coordinates": [
          [
            110.64776678225708,
            35.60382802136538
          ],
          [
            110.64776723843342,
            35.603863009383225
          ]
        ]
      }
    },
    {
      "type": "Feature",
      "properties": {
        "kind": "bridge",
        "connector_id": "back_14B-13A",
        "edge_distance_lon": [
          0.1,
          0.1
        ],
        "edge_distance_lat": [
          0.1,
          0.1
        ]
      },
      "geometry": {
        "type": "LineString",
        "coordinates": [
          [
            110.64776557275421,
            35.60404401827957
          ],
          [
            110.64776491482968,
            35.60415389596566
          ]
        ]
      }
    },
    {
      "type": "Feature",
      "properties": {
        "kind": "bridge",
        "connector_id": "back_13B-12A",
        "edge_distance_lon": [
          0.1,
          0.1
        ],
        "edge_distance_lat": [
          0.1,
          0.1
        ]
      },
      "geometry": {
        "type": "LineString",
        "coordinates": [
          [
            110.64776464459975,
            35.60426221780848
          ],
          [
            110.64776463744738,
            35.60429273226822
          ]
        ]
      }
    },
    {
      "type": "Feature",
      "properties": {
        "kind": "bridge",
        "connector_id": "back_12B-11A",
        "edge_distance_lon": [
          0.1,
          0.1
        ],
        "edge_distance_lat": [
          0.1,
          0.1
        ]
      },
      "geometry": {
        "type": "LineString",
        "coordinates": [
          [
            110.64776416327175,
            35.60442191035046
          ],
          [
            110.64776313280512,
            35.60452749634761
          ]
        ]
      }
    },
    {
      "type": "Feature",
      "properties": {
        "kind": "bridge",
        "connector_id": "back_11B-10A",
        "edge_distance_lon": [
          0.1,
          0.1
        ],
        "edge_distance_lat": [
          0.1,
          0.1
        ]
      },
      "geometry": {
        "type": "LineString",
        "coordinates": [
          [
            110.64776265157377,
            35.60475014299974
          ],
          [
            110.64776183179559,
            35.604852917286685
          ]
        ]
      }
    },
    {
      "type": "Feature",
      "properties": {
        "kind": "bridge",
        "connector_id": "back_9A-8B",
        "edge_distance_lon": [
          0.1,
          0.1
        ],
        "edge_distance_lat": [
          0.1,
          -3.6
        ]
      },
      "geometry": {
        "type": "LineString",
        "coordinates": [
          [
            110.6477609856752,
            35.60500043052129
          ],
          [
            110.6477602879233,
            35.605252466171876
          ]
        ]
      }
    },
    {
      "type": "Feature",
      "properties": {
        "kind": "bridge",
        "connector_id": "back_7A-7bA",
        "edge_distance_lon": [
          0.3,
          0.3
        ],
        "edge_distance_lat": [
          0.6,
          0.1
        ]
      },
      "geometry": {
        "type": "LineString",
        "coordinates": [
          [
            110.64776001450005,
            35.605286952396405
          ],
          [
            110.64741623970805,
            35.605286201553355
          ]
        ]
      }
    },
    {
      "type": "Feature",
      "properties": {
        "kind": "bridge",
        "connector_id": "back_7bB-6A",
        "edge_distance_lon": [
          0.1,
          0.1
        ],
        "edge_distance_lat": [
          0.1,
          0.1
        ]
      },
      "geometry": {
        "type": "LineString",
        "coordinates": [
          [
            110.64741521205767,
            35.605467251897565
          ],
          [
            110.64741690256913,
            35.605502653578235
          ]
        ]
      }
    },
    {
      "type": "Feature",
      "properties": {
        "kind": "bridge",
        "connector_id": "back_6B-5A",
        "edge_distance_lon": [
          0.1,
          0.1
        ],
        "edge_distance_lat": [
          0.1,
          0.1
        ]
      },
      "geometry": {
        "type": "LineString",
        "coordinates": [
          [
            110.64741642174106,
            35.60568374013546
          ],
          [
            110.64741639744143,
            35.60571753896705
          ]
        ]
      }
    },
    {
      "type": "Feature",
      "properties": {
        "kind": "bridge",
        "connector_id": "back_5B-4A",
        "edge_distance_lon": [
          0.1,
          0.1
        ],
        "edge_distance_lat": [
          0.1,
          0.1
        ]
      },
      "geometry": {
        "type": "LineString",
        "coordinates": [
          [
            110.64741549006075,
            35.60589856772437
          ],
          [
            110.64741564488955,
            35.605933355288805
          ]
        ]
      }
    },
    {
      "type": "Feature",
      "properties": {
        "index": 0,
        "sequence": 0,
        "kind": "connector",
        "length_m": 23.747191,
        "connector_id": "bridge_5B-6B"
      },
      "geometry": {
        "type": "LineString",
        "coordinates": [
          [
            110.64741549006075,
            35.60589856772437
          ],
          [
            110.64741642174106,
            35.60568374013546
          ]
        ]
      }
    },
    {
      "type": "Feature",
      "properties": {
        "index": 1,
        "sequence": 1,
        "kind": "connector",
        "length_m": 3.916292,
        "connector_id": "bridge_6A-7bB"
      },
      "geometry": {
        "type": "LineString",
        "coordinates": [
          [
            110.64741690256913,
            35.605502653578235
          ],
          [
            110.64741521205767,
            35.605467251897565
          ]
        ]
      }
    },
    {
      "type": "Feature",
      "properties": {
        "index": 2,
        "sequence": 2,
        "kind": "connector",
        "length_m": 31.115786,
        "connector_id": "bridge_7bA-7A"
      },
      "geometry": {
        "type": "LineString",
        "coordinates": [
          [
            110.64741623970805,
            35.605286201553355
          ],
          [
            110.64776001450005,
            35.605286952396405
          ]
        ]
      }
    },
    {
      "type": "Feature",
      "properties": {
        "index": 3,
        "sequence": 3,
        "kind": "connector",
        "length_m": 27.860092,
        "connector_id": "bridge_8B-9A"
      },
      "geometry": {
        "type": "LineString",
        "coordinates": [
          [
            110.6477602879233,
            35.605252466171876
          ],
          [
            110.6477609856752,
            35.60500043052129
          ]
        ]
      }
    },
    {
      "type": "Feature",
      "properties": {
        "index": 4,
        "sequence": 4,
        "kind": "connector",
        "length_m": 11.360912,
        "connector_id": "bridge_10A-11B"
      },
      "geometry": {
        "type": "LineString",
        "coordinates": [
          [
            110.64776183179559,
            35.604852917286685
          ],
          [
            110.64776265157377,
            35.60475014299974
          ]
        ]
      }
    },
    {
      "type": "Feature",
      "properties": {
        "index": 5,
        "sequence": 5,
        "kind": "connector",
        "length_m": 11.671849,
        "connector_id": "bridge_11A-12B"
      },
      "geometry": {
        "type": "LineString",
        "coordinates": [
          [
            110.64776313280512,
            35.60452749634761
          ],
          [
            110.64776416327175,
            35.60442191035046
          ]
        ]
      }
    },
    {
      "type": "Feature",
      "properties": {
        "index": 6,
        "sequence": 6,
        "kind": "connector",
        "length_m": 3.373068,
        "connector_id": "bridge_12A-13B"
      },
      "geometry": {
        "type": "LineString",
        "coordinates": [
          [
            110.64776463744738,
            35.60429273226822
          ],
          [
            110.64776464459975,
            35.60426221780848
          ]
        ]
      }
    },
    {
      "type": "Feature",
      "properties": {
        "index": 7,
        "sequence": 7,
        "kind": "connector",
        "length_m": 12.146025,
        "connector_id": "bridge_13A-14B"
      },
      "geometry": {
        "type": "LineString",
        "coordinates": [
          [
            110.64776491482968,
            35.60415389596566
          ],
          [
            110.64776557275421,
            35.60404401827957
          ]
        ]
      }
    },
    {
      "type": "Feature",
      "properties": {
        "index": 8,
        "sequence": 8,
        "kind": "connector",
        "length_m": 3.867796,
        "connector_id": "bridge_14A-15B"
      },
      "geometry": {
        "type": "LineString",
        "coordinates": [
          [
            110.64776723843342,
            35.603863009383225
          ],
          [
            110.64776678225708,
            35.60382802136538
          ]
        ]
      }
    },
    {
      "type": "Feature",
      "properties": {
        "index": 9,
        "sequence": 9,
        "kind": "connector",
        "length_m": 12.282069,
        "connector_id": "bridge_15A-16B"
      },
      "geometry": {
        "type": "LineString",
        "coordinates": [
          [
            110.64776705903036,
            35.60371975122639
          ],
          [
            110.6477676095043,
            35.60360864241737
          ]
        ]
      }
    },
    {
      "type": "Feature",
      "properties": {
        "index": 10,
        "sequence": 10,
        "kind": "connector",
        "length_m": 2.658948,
        "connector_id": "bridge_16A-17B"
      },
      "geometry": {
        "type": "LineString",
        "coordinates": [
          [
            110.64776810603713,
            35.60346909433307
          ],
          [
            110.64776797468316,
            35.60344504040682
          ]
        ]
      }
    },
    {
      "type": "Feature",
      "properties": {
        "index": 11,
        "sequence": 11,
        "kind": "connector",
        "length_m": 3.894532,
        "connector_id": "bridge_17A-18B"
      },
      "geometry": {
        "type": "LineString",
        "coordinates": [
          [
            110.64776897053187,
            35.603305884061356
          ],
          [
            110.64776922016449,
            35.60327065277348
          ]
        ]
      }
    },
    {
      "type": "Feature",
      "properties": {
        "index": 12,
        "sequence": 12,
        "kind": "connector",
        "length_m": 11.328804,
        "connector_id": "bridge_18A-19B"
      },
      "geometry": {
        "type": "LineString",
        "coordinates": [
          [
            110.64776956203357,
            35.60320371639688
          ],
          [
            110.64776966454107,
            35.603101230415184
          ]
        ]
      }
    },
    {
      "type": "Feature",
      "properties": {
        "index": 13,
        "sequence": 13,
        "kind": "connector",
        "length_m": 3.563357,
        "connector_id": "bridge_19A-20B"
      },
      "geometry": {
        "type": "LineString",
        "coordinates": [
          [
            110.6477703763593,
            35.602868395349155
          ],
          [
            110.64777090237833,
            35.60283616232081
          ]
        ]
      }
    },
    {
      "type": "Feature",
      "properties": {
        "index": 14,
        "sequence": 14,
        "kind": "connector",
        "length_m": 11.691265,
        "connector_id": "bridge_20A-21B"
      },
      "geometry": {
        "type": "LineString",
        "coordinates": [
          [
            110.64777166295664,
            35.602665661235534
          ],
          [
            110.64777235307753,
            35.60255989772949
          ]
        ]
      }
    },
    {
      "type": "Feature",
      "properties": {
        "index": 15,
        "sequence": 15,
        "kind": "connector",
        "length_m": 3.598532,
        "connector_id": "bridge_21A-22B"
      },
      "geometry": {
        "type": "LineString",
        "coordinates": [
          [
            110.64777253579807,
            35.60244104011207
          ],
          [
            110.64777309831817,
            35.60240848925073
          ]
        ]
      }
    },
    {
      "type": "Feature",
      "properties": {
        "index": 16,
        "sequence": 16,
        "kind": "connector",
        "length_m": 0.912991,
        "region_id": "E22"
      },
      "geometry": {
        "type": "LineString",
        "coordinates": [
          [
            110.64777309831817,
            35.60240848925073
          ],
          [
            110.64776647940096,
            35.60240225672068
          ]
        ]
      }
    },
    {
      "type": "Feature",
      "properties": {
        "index": 17,
        "sequence": 17,
        "kind": "coverage",
        "length_m": 29.444937,
        "region_id": "E22"
      },
      "geometry": {
        "type": "LineString",
        "coordinates": [
          [
            110.64776647940096,
            35.60240225672068
          ],
          [
            110.64744116988493,
            35.602400575437294
          ]
        ]
      }
    },
    {
      "type": "Feature",
      "properties": {
        "index": 18,
        "sequence": 18,
        "kind": "connector",
        "length_m": 1.575949,
        "region_id": "E22"
      },
      "geometry": {
        "type": "LineString",
        "coordinates": [
          [
            110.64744116988493,
            35.602400575437294
          ],
          [
            110.64742375870159,
            35.60240048545181
          ]
        ]
      }
    },
    {
      "type": "Feature",
      "properties": {
        "index": 19,
        "sequence": 19,
        "kind": "coverage",
        "length_m": 12.458072,
        "region_id": "E22"
      },
      "geometry": {
        "type": "LineString",
        "coordinates": [
          [
            110.64742375870159,
            35.60240048545181
          ],
          [
            110.64728612113491,
            35.60239977410541
          ]
        ]
      }
    },
    {
      "type": "Feature",
      "properties": {
        "index": 20,
        "sequence": 20,
        "kind": "connector",
        "length_m": 1.000347,
        "region_id": "E22"
      },
      "geometry": {
        "type": "LineString",
        "coordinates": [
          [
            110.64728612113491,
            35.60239977410541
          ],
          [
            110.64728611730509,
            35.60239977408562
          ],
          [
            110.64728618703907,
            35.60239072776681
          ]
        ]
      }
    },
    {
      "type": "Feature",
      "properties": {
        "index": 21,
        "sequence": 21,
        "kind": "coverage",
        "length_m": 12.458072,
        "region_id": "E22"
      },
      "geometry": {
        "type": "LineString",
        "coordinates": [
          [
            110.64728618703907,
            35.60239072776681
          ],
          [
            110.64742382460575,
            35.60239143911321
          ]
        ]
      }
    },
    {
      "type": "Feature",
      "properties": {
        "index": 22,
        "sequence": 22,
        "kind": "connector",
        "length_m": 1.5713,
        "region_id": "E22"
      },
      "geometry": {
        "type": "LineString",
        "coordinates": [
          [
            110.64742382460575,
            35.60239143911321
          ],
          [
            110.6474411844247,
            35.60239152883323
          ]
        ]
      }
    },
    {
      "type": "Feature",
      "properties": {
        "index": 23,
        "sequence": 23,
        "kind": "coverage",
        "length_m": 29.444937,
        "region_id": "E22"
      },
      "geometry": {
        "type": "LineString",
        "coordinates": [
          [
            110.6474411844247,
            35.60239152883323
          ],
          [
            110.64776649394072,
            35.60239321011662
          ]
        ]
      }
    },
    {
      "type": "Feature",
      "properties": {
        "index": 24,
        "sequence": 24,
        "kind": "connector",
        "length_m": 1.004996,
        "region_id": "E22"
      },
      "geometry": {
        "type": "LineString",
        "coordinates": [
          [
            110.64776649394072,
            35.60239321011662
          ],
          [
            110.64776643874649,
            35.602393209831355
          ],
          [
            110.64776650848049,
            35.60238416351255
          ]
        ]
      }
    },
    {
      "type": "Feature",
      "properties": {
        "index": 25,
        "sequence": 25,
        "kind": "coverage",
        "length_m": 29.444937,
        "region_id": "E22"
      },
      "geometry": {
        "type": "LineString",
        "coordinates": [
          [
            110.64776650848049,
            35.60238416351255
          ],
          [
            110.64744119896446,
            35.60238248222917
          ]
        ]
      }
    },
    {
      "type": "Feature",
      "properties": {
        "index": 26,
        "sequence": 26,
        "kind": "connector",
        "length_m": 1.566651,
        "region_id": "E22"
      },
      "geometry": {
        "type": "LineString",
        "coordinates": [
          [
            110.64744119896446,
            35.60238248222917
          ],
          [
            110.64742389050991,
            35.602382392774615
          ]
        ]
      }
    },
    {
      "type": "Feature",
      "properties": {
        "index": 27,
        "sequence": 27,
        "kind": "coverage",
        "length_m": 12.458072,
        "region_id": "E22"
      },
      "geometry": {
        "type": "LineString",
        "coordinates": [
          [
            110.64742389050991,
            35.602382392774615
          ],
          [
            110.64728625294325,
            35.60238168142821
          ]
        ]
      }
    },
    {
      "type": "Feature",
      "properties": {
        "index": 28,
        "sequence": 28,
        "kind": "connector",
        "length_m": 1.000347,
        "region_id": "E22"
      },
      "geometry": {
        "type": "LineString",
        "coordinates": [
          [
            110.64728625294325,
            35.60238168142821
          ],
          [
            110.6472862491134,
            35.60238168140842
          ],
          [
            110.6472863188474,
            35.602372635089615
          ]
        ]
      }
    },
    {
      "type": "Feature",
      "properties": {
        "index": 29,
        "sequence": 29,
        "kind": "coverage",
        "length_m": 12.458072,
        "region_id": "E22"
      },
      "geometry": {
        "type": "LineString",
        "coordinates": [
          [
            110.6472863188474,
            35.602372635089615
          ],
          [
            110.64742395641407,
            35.60237334643602
          ]
        ]
      }
    },
    {
      "type": "Feature",
      "properties": {
        "index": 30,
        "sequence": 30,
        "kind": "connector",
        "length_m": 1.562001,
        "region_id": "E22"
      },
      "geometry": {
        "type": "LineString",
        "coordinates": [
          [
            110.64742395641407,
            35.60237334643602
          ],
          [
            110.64744121350424,
            35.602373435625104
          ]
        ]
      }
    },
    {
      "type": "Feature",
      "properties": {
        "index": 31,
        "sequence": 31,
        "kind": "coverage",
        "length_m": 29.444937,
        "region_id": "E22"
      },
      "geometry": {
        "type": "LineString",
        "coordinates": [
          [
            110.64744121350424,
            35.602373435625104
          ],
          [
            110.64776652302025,
            35.60237511690849
          ]
        ]
      }
    },
    {
      "type": "Feature",
      "properties": {
        "index": 32,
        "sequence": 32,
        "kind": "connector",
        "length_m": 1.004996,
        "region_id": "E22"
      },
      "geometry": {
        "type": "LineString",
        "coordinates": [
          [
            110.64776652302025,
            35.60237511690849
          ],
          [
            110.64776646782603,
            35.60237511662323
          ],
          [
            110.64776653756002,
            35.60236607030443
          ]
        ]
      }
    },
    {
      "type": "Feature",
      "properties": {
        "index": 33,
        "sequence": 33,
        "kind": "coverage",
        "length_m": 29.444937,
        "region_id": "E22"
      },
      "geometry": {
        "type": "LineString",
        "coordinates": [
          [
            110.64776653756002,
            35.60236607030443
          ],
          [
            110.647441228044,
            35.60236438902104
          ]
        ]
      }
    },
    {
      "type": "Feature",
      "properties": {
        "index": 34,
        "sequence": 34,
        "kind": "connector",
        "length_m": 1.557352,
        "region_id": "E22"
      },
      "geometry": {
        "type": "LineString",
        "coordinates": [
          [
            110.647441228044,
            35.60236438902104
          ],
          [
            110.64742402231823,
            35.60236430009742
          ]
        ]
      }
    },
    {
      "type": "Feature",
      "properties": {
        "index": 35,
        "sequence": 35,
        "kind": "coverage",
        "length_m": 12.458072,
        "region_id": "E22"
      },
      "geometry": {
        "type": "LineString",
        "coordinates": [
          [
            110.64742402231823,
            35.60236430009742
          ],
          [
            110.64728638475157,
            35.60236358875102
          ]
        ]
      }
    },
    {
      "type": "Feature",
      "properties": {
        "index": 36,
        "sequence": 36,
        "kind": "connector",
        "length_m": 1.000347,
        "region_id": "E22"
      },
      "geometry": {
        "type": "LineString",
        "coordinates": [
          [
            110.64728638475157,
            35.60236358875102
          ],
          [
            110.64728638092173,
            35.60236358873122
          ],
          [
            110.64728645065573,
            35.602354542412414
          ]
        ]
      }
    },
    {
      "type": "Feature",
      "properties": {
        "index": 37,
        "sequence": 37,
        "kind": "coverage",
        "length_m": 12.458072,
        "region_id": "E22"
      },
      "geometry": {
        "type": "LineString",
        "coordinates": [
          [
            110.64728645065573,
            35.602354542412414
          ],
          [
            110.6474240882224,
            35.602355253758816
          ]
        ]
      }
    },
    {
      "type": "Feature",
      "properties": {
        "index": 38,
        "sequence": 38,
        "kind": "connector",
        "length_m": 1.552703,
        "region_id": "E22"
      },
      "geometry": {
        "type": "LineString",
        "coordinates": [
          [
            110.6474240882224,
            35.602355253758816
          ],
          [
            110.64744124258377,
            35.60235534241698
          ]
        ]
      }
    },
    {
      "type": "Feature",
      "properties": {
        "index": 39,
        "sequence": 39,
        "kind": "coverage",
        "length_m": 29.444937,
        "region_id": "E22"
      },
      "geometry": {
        "type": "LineString",
        "coordinates": [
          [
            110.64744124258377,
            35.60235534241698
          ],
          [
            110.64776655209978,
            35.602357023700364
          ]
        ]
      }
    },
    {
      "type": "Feature",
      "properties": {
        "index": 40,
        "sequence": 40,
        "kind": "connector",
        "length_m": 1.004996,
        "region_id": "E22"
      },
      "geometry": {
        "type": "LineString",
        "coordinates": [
          [
            110.64776655209978,
            35.602357023700364
          ],
          [
            110.64776649690556,
            35.6023570234151
          ],
          [
            110.64776656663955,
            35.6023479770963
          ]
        ]
      }
    },
    {
      "type": "Feature",
      "properties": {
        "index": 41,
        "sequence": 41,
        "kind": "coverage",
        "length_m": 29.444937,
        "region_id": "E22"
      },
      "geometry": {
        "type": "LineString",
        "coordinates": [
          [
            110.64776656663955,
            35.6023479770963
          ],
          [
            110.64744125712353,
            35.602346295812914
          ]
        ]
      }
    },
    {
      "type": "Feature",
      "properties": {
        "index": 42,
        "sequence": 42,
        "kind": "connector",
        "length_m": 1.548054,
        "region_id": "E22"
      },
      "geometry": {
        "type": "LineString",
        "coordinates": [
          [
            110.64744125712353,
            35.602346295812914
          ],
          [
            110.64742415412657,
            35.60234620742022
          ]
        ]
      }
    },
    {
      "type": "Feature",
      "properties": {
        "index": 43,
        "sequence": 43,
        "kind": "coverage",
        "length_m": 12.458072,
        "region_id": "E22"
      },
      "geometry": {
        "type": "LineString",
        "coordinates": [
          [
            110.64742415412657,
            35.60234620742022
          ],
          [
            110.64728651655989,
            35.602345496073816
          ]
        ]
      }
    },
    {
      "type": "Feature",
      "properties": {
        "index": 44,
        "sequence": 44,
        "kind": "connector",
        "length_m": 1.000347,
        "region_id": "E22"
      },
      "geometry": {
        "type": "LineString",
        "coordinates": [
          [
            110.64728651655989,
            35.602345496073816
          ],
          [
            110.64728651273005,
            35.60234549605402
          ],
          [
            110.64728658246405,
            35.60233644973522
          ]
        ]
      }
    },
    {
      "type": "Feature",
      "properties": {
        "index": 45,
        "sequence": 45,
        "kind": "coverage",
        "length_m": 12.458072,
        "region_id": "E22"
      },
      "geometry": {
        "type": "LineString",
        "coordinates": [
          [
            110.64728658246405,
            35.60233644973522
          ],
          [
            110.64742422003073,
            35.60233716108162
          ]
        ]
      }
    },
    {
      "type": "Feature",
      "properties": {
        "index": 46,
        "sequence": 46,
        "kind": "connector",
        "length_m": 1.543405,
        "region_id": "E22"
      },
      "geometry": {
        "type": "LineString",
        "coordinates": [
          [
            110.64742422003073,
            35.60233716108162
          ],
          [
            110.6474412716633,
            35.60233724920885
          ]
        ]
      }
    },
    {
      "type": "Feature",
      "properties": {
        "index": 47,
        "sequence": 47,
        "kind": "coverage",
        "length_m": 29.444937,
        "region_id": "E22"
      },
      "geometry": {
        "type": "LineString",
        "coordinates": [
          [
            110.6474412716633,
            35.60233724920885
          ],
          [
            110.64776658117931,
            35.60233893049224
          ]
        ]
      }
    },
    {
      "type": "Feature",
      "properties": {
        "index": 48,
        "sequence": 48,
        "kind": "connector",
        "length_m": 1.004996,
        "region_id": "E22"
      },
      "geometry": {
        "type": "LineString",
        "coordinates": [
          [
            110.64776658117931,
            35.60233893049224
          ],
          [
            110.64776652598509,
            35.602338930206976
          ],
          [
            110.64776659571908,
            35.602329883888174
          ]
        ]
      }
    },
    {
      "type": "Feature",
      "properties": {
        "index": 49,
        "sequence": 49,
        "kind": "coverage",
        "length_m": 29.444937,
        "region_id": "E22"
      },
      "geometry": {
        "type": "LineString",
        "coordinates": [
          [
            110.64776659571908,
            35.602329883888174
          ],
          [
            110.64744128620306,
            35.60232820260479
          ]
        ]
      }
    },
    {
      "type": "Feature",
      "properties": {
        "index": 50,
        "sequence": 50,
        "kind": "connector",
        "length_m": 1.538756,
        "region_id": "E22"
      },
      "geometry": {
        "type": "LineString",
        "coordinates": [
          [
            110.64744128620306,
            35.60232820260479
          ],
          [
            110.64742428593489,
            35.602328114743024
          ]
        ]
      }
    },
    {
      "type": "Feature",
      "properties": {
        "index": 51,
        "sequence": 51,
        "kind": "coverage",
        "length_m": 12.458072,
        "region_id": "E22"
      },
      "geometry": {
        "type": "LineString",
        "coordinates": [
          [
            110.64742428593489,
            35.602328114743024
          ],
          [
            110.64728664836821,
            35.60232740339662
          ]
        ]
      }
    },
    {
      "type": "Feature",
      "properties": {
        "index": 52,
        "sequence": 52,
        "kind": "connector",
        "length_m": 1.000347,
        "region_id": "E22"
      },
      "geometry": {
        "type": "LineString",
        "coordinates": [
          [
            110.64728664836821,
            35.60232740339662
          ],
          [
            110.64728664453838,
            35.602327403376826
          ],
          [
            110.64728671427237,
            35.602318357058024
          ]
        ]
      }
    },
    {
      "type": "Feature",
      "properties": {
        "index": 53,
        "sequence": 53,
        "kind": "coverage",
        "length_m": 12.458072,
        "region_id": "E22"
      },
      "geometry": {
        "type": "LineString",
        "coordinates": [
          [
            110.64728671427237,
            35.602318357058024
          ],
          [
            110.64742435183905,
            35.60231906840443
          ]
        ]
      }
    },
    {
      "type": "Feature",
      "properties": {
        "index": 54,
        "sequence": 54,
        "kind": "connector",
        "length_m": 1.534106,
        "region_id": "E22"
      },
      "geometry": {
        "type": "LineString",
        "coordinates": [
          [
            110.64742435183905,
            35.60231906840443
          ],
          [
            110.64744130074283,
            35.602319156000725
          ]
        ]
      }
    },
    {
      "type": "Feature",
      "properties": {
        "index": 55,
        "sequence": 55,
        "kind": "coverage",
        "length_m": 29.444937,
        "region_id": "E22"
      },
      "geometry": {
        "type": "LineString",
        "coordinates": [
          [
            110.64744130074283,
            35.602319156000725
          ],
          [
            110.64776661025886,
            35.60232083728411
          ]
        ]
      }
    },
    {
      "type": "Feature",
      "properties": {
        "index": 56,
        "sequence": 56,
        "kind": "connector",
        "length_m": 1.004996,
        "region_id": "E22"
      },
      "geometry": {
        "type": "LineString",
        "coordinates": [
          [
            110.64776661025886,
            35.60232083728411
          ],
          [
            110.64776655506462,
            35.60232083699885
          ],
          [
            110.64776662479862,
            35.60231179068005
          ]
        ]
      }
    },
    {
      "type": "Feature",
      "properties": {
        "index": 57,
        "sequence": 57,
        "kind": "coverage",
        "length_m": 29.444937,
        "region_id": "E22"
      },
      "geometry": {
        "type": "LineString",
        "coordinates": [
          [
            110.64776662479862,
            35.60231179068005
          ],
          [
            110.64744131528259,
            35.60231010939666
          ]
        ]
      }
    },
    {
      "type": "Feature",
      "properties": {
        "index": 58,
        "sequence": 58,
        "kind": "connector",
        "length_m": 1.529457,
        "region_id": "E22"
      },
      "geometry": {
        "type": "LineString",
        "coordinates": [
          [
            110.64744131528259,
            35.60231010939666
          ],
          [
            110.64742441774321,
            35.60231002206583
          ]
        ]
      }
    },
    {
      "type": "Feature",
      "properties": {
        "index": 59,
        "sequence": 59,
        "kind": "coverage",
        "length_m": 12.458072,
        "region_id": "E22"
      },
      "geometry": {
        "type": "LineString",
        "coordinates": [
          [
            110.64742441774321,
            35.60231002206583
          ],
          [
            110.64728678017653,
            35.60230931071942
          ]
        ]
      }
    },
    {
      "type": "Feature",
      "properties": {
        "index": 60,
        "sequence": 60,
        "kind": "connector",
        "length_m": 2.000693,
        "region_id": "E22"
      },
      "geometry": {
        "type": "LineString",
        "coordinates": [
          [
            110.64728678017653,
            35.60230931071942
          ],
          [
            110.64728677251686,
            35.602309310679836
          ],
          [
            110.64728691198486,
            35.602291218042225
          ]
        ]
      }
    },
    {
      "type": "Feature",
      "properties": {
        "index": 61,
        "sequence": 61,
        "kind": "coverage",
        "length_m": 12.458072,
        "region_id": "E22"
      },
      "geometry": {
        "type": "LineString",
        "coordinates": [
          [
            110.64728691198486,
            35.602291218042225
          ],
          [
            110.64742454955153,
            35.60229192938863
          ]
        ]
      }
    },
    {
      "type": "Feature",
      "properties": {
        "index": 62,
        "sequence": 62,
        "kind": "connector",
        "length_m": 1.000347,
        "region_id": "E22"
      },
      "geometry": {
        "type": "LineString",
        "coordinates": [
          [
            110.64742454955153,
            35.60229192938863
          ],
          [
            110.6474245457217,
            35.60229192936883
          ],
          [
            110.64742461545569,
            35.60228288305003
          ]
        ]
      }
    },
    {
      "type": "Feature",
      "properties": {
        "index": 63,
        "sequence": 63,
        "kind": "coverage",
        "length_m": 12.458072,
        "region_id": "E22"
      },
      "geometry": {
        "type": "LineString",
        "coordinates": [
          [
            110.64742461545569,
            35.60228288305003
          ],
          [
            110.64728697788902,
            35.60228217170363
          ]
        ]
      }
    },
    {
      "type": "Feature",
      "properties": {
        "index": 64,
        "sequence": 64,
        "kind": "connector",
        "length_m": 2.000693,
        "region_id": "E22"
      },
      "geometry": {
        "type": "LineString",
        "coordinates": [
          [
            110.64728697788902,
            35.60228217170363
          ],
          [
            110.64728698554869,
            35.60228217174321
          ],
          [
            110.64728684608069,
            35.60230026438082
          ]
        ]
      }
    },
    {
      "type": "Feature",
      "properties": {
        "index": 65,
        "sequence": 65,
        "kind": "coverage",
        "length_m": 12.458072,
        "region_id": "E22"
      },
      "geometry": {
        "type": "LineString",
        "coordinates": [
          [
            110.64728684608069,
            35.60230026438082
          ],
          [
            110.64742448364737,
            35.602300975727225
          ]
        ]
      }
    },
    {
      "type": "Feature",
      "properties": {
        "index": 66,
        "sequence": 66,
        "kind": "connector",
        "length_m": 1.524808,
        "region_id": "E22"
      },
      "geometry": {
        "type": "LineString",
        "coordinates": [
          [
            110.64742448364737,
            35.602300975727225
          ],
          [
            110.64744132982236,
            35.6023010627926
          ]
        ]
      }
    },
    {
      "type": "Feature",
      "properties": {
        "index": 67,
        "sequence": 67,
        "kind": "coverage",
        "length_m": 29.444937,
        "region_id": "E22"
      },
      "geometry": {
        "type": "LineString",
        "coordinates": [
          [
            110.64744132982236,
            35.6023010627926
          ],
          [
            110.64776663933839,
            35.602302744075985
          ]
        ]
      }
    },
    {
      "type": "Feature",
      "properties": {
        "index": 68,
        "sequence": 68,
        "kind": "connector",
        "length_m": 1.004996,
        "region_id": "E22"
      },
      "geometry": {
        "type": "LineString",
        "coordinates": [
          [
            110.64776663933839,
            35.602302744075985
          ],
          [
            110.64776658414415,
            35.60230274379073
          ],
          [
            110.64776665387815,
            35.60229369747192
          ]
        ]
      }
    },
    {
      "type": "Feature",
      "properties": {
        "index": 69,
        "sequence": 69,
        "kind": "coverage",
        "length_m": 29.444937,
        "region_id": "E22"
      },
      "geometry": {
        "type": "LineString",
        "coordinates": [
          [
            110.64776665387815,
            35.60229369747192
          ],
          [
            110.64744134436212,
            35.602292016188535
          ]
        ]
      }
    },
    {
      "type": "Feature",
      "properties": {
        "index": 70,
        "sequence": 70,
        "kind": "connector",
        "length_m": 49.71896,
        "connector_id": "bridge_22-23B",
        "from_region": "E22",
        "to_region": "E23"
      },
      "geometry": {
        "type": "LineString",
        "coordinates": [
          [
            110.64744134436212,
            35.602292016188535
          ],
          [
            110.64776665387815,
            35.60229369747192
          ],
          [
            110.6477666676399,
            35.60228930313991
          ],
          [
            110.64777328985258,
            35.602289317044416
          ],
          [
            110.64777329664072,
            35.60228841241159
          ],
          [
            110.64777454466146,
            35.60212145012239
          ],
          [
            110.64776789985967,
            35.60212322208021
          ]
        ]
      }
    },
    {
      "type": "Feature",
      "properties": {
        "index": 71,
        "sequence": 71,
        "kind": "coverage",
        "length_m": 43.351476,
        "region_id": "E23"
      },
      "geometry": {
        "type": "LineString",
        "coordinates": [
          [
            110.64776789985967,
            35.60212322208021
          ],
          [
            110.64728895178837,
            35.60212052766808
          ]
        ]
      }
    },
    {
      "type": "Feature",
      "properties": {
        "index": 72,
        "sequence": 72,
        "kind": "connector",
        "length_m": 7.197419,
        "region_id": "E23"
      },
      "geometry": {
        "type": "LineString",
        "coordinates": [
          [
            110.64728895178837,
            35.60212052766808
          ],
          [
            110.64720943454442,
            35.602120080328916
          ]
        ]
      }
    },
    {
      "type": "Feature",
      "properties": {
        "index": 73,
        "sequence": 73,
        "kind": "coverage",
        "length_m": 5.215202,
        "region_id": "E23"
      },
      "geometry": {
        "type": "LineString",
        "coordinates": [
          [
            110.64720943454442,
            35.602120080328916
          ],
          [
            110.64726705221496,
            35.602120404467925
          ]
        ]
      }
    },
    {
      "type": "Feature",
      "properties": {
        "index": 74,
        "sequence": 74,
        "kind": "connector",
        "length_m": 2.981851,
        "region_id": "E23"
      },
      "geometry": {
        "type": "LineString",
        "coordinates": [
          [
            110.64726705221496,
            35.602120404467925
          ],
          [
            110.64726697630925,
            35.60212945075342
          ],
          [
            110.64728887184717,
            35.602129573930874
          ]
        ]
      }
    },
    {
      "type": "Feature",
      "properties": {
        "index": 75,
        "sequence": 75,
        "kind": "coverage",
        "length_m": 43.351476,
        "region_id": "E23"
      },
      "geometry": {
        "type": "LineString",
        "coordinates": [
          [
            110.64728887184717,
            35.602129573930874
          ],
          [
            110.64776781991846,
            35.602132268343006
          ]
        ]
      }
    },
    {
      "type": "Feature",
      "properties": {
        "index": 76,
        "sequence": 76,
        "kind": "connector",
        "length_m": 1.000365,
        "region_id": "E23"
      },
      "geometry": {
        "type": "LineString",
        "coordinates": [
          [
            110.64776781991846,
            35.602132268343006
          ],
          [
            110.64776781588294,
            35.6021322683203
          ],
          [
            110.64776773997725,
            35.602141314605795
          ]
        ]
      }
    },
    {
      "type": "Feature",
      "properties": {
        "index": 77,
        "sequence": 77,
        "kind": "coverage",
        "length_m": 43.351476,
        "region_id": "E23"
      },
      "geometry": {
        "type": "LineString",
        "coordinates": [
          [
            110.64776773997725,
            35.602141314605795
          ],
          [
            110.64728879190595,
            35.602138620193664
          ]
        ]
      }
    },
    {
      "type": "Feature",
      "properties": {
        "index": 78,
        "sequence": 78,
        "kind": "connector",
        "length_m": 44.351111,
        "region_id": "E23"
      },
      "geometry": {
        "type": "LineString",
        "coordinates": [
          [
            110.64728879190595,
            35.602138620193664
          ],
          [
            110.64728871600026,
            35.60214766647916
          ],
          [
            110.64776766003604,
            35.60215036086859
          ]
        ]
      }
    },
    {
      "type": "Feature",
      "properties": {
        "index": 79,
        "sequence": 79,
        "kind": "coverage",
        "length_m": 43.351476,
        "region_id": "E23"
      },
      "geometry": {
        "type": "LineString",
        "coordinates": [
          [
            110.64776766003604,
            35.60215036086859
          ],
          [
            110.64728871196475,
            35.60214766645646
          ]
        ]
      }
    },
    {
      "type": "Feature",
      "properties": {
        "index": 80,
        "sequence": 80,
        "kind": "connector",
        "length_m": 1.000365,
        "region_id": "E23"
      },
      "geometry": {
        "type": "LineString",
        "coordinates": [
          [
            110.64728871196475,
            35.60214766645646
          ],
          [
            110.64728870792923,
            35.60214766643376
          ],
          [
            110.64728863202355,
            35.60215671271925
          ]
        ]
      }
    },
    {
      "type": "Feature",
      "properties": {
        "index": 81,
        "sequence": 81,
        "kind": "coverage",
        "length_m": 43.351476,
        "region_id": "E23"
      },
      "geometry": {
        "type": "LineString",
        "coordinates": [
          [
            110.64728863202355,
            35.60215671271925
          ],
          [
            110.64776758009484,
            35.60215940713138
          ]
        ]
      }
    },
    {
      "type": "Feature",
      "properties": {
        "index": 82,
        "sequence": 82,
        "kind": "connector",
        "length_m": 1.000365,
        "region_id": "E23"
      },
      "geometry": {
        "type": "LineString",
        "coordinates": [
          [
            110.64776758009484,
            35.60215940713138
          ],
          [
            110.64776757605932,
            35.60215940710868
          ],
          [
            110.64776750015362,
            35.60216845339418
          ]
        ]
      }
    },
    {
      "type": "Feature",
      "properties": {
        "index": 83,
        "sequence": 83,
        "kind": "coverage",
        "length_m": 43.351476,
        "region_id": "E23"
      },
      "geometry": {
        "type": "LineString",
        "coordinates": [
          [
            110.64776750015362,
            35.60216845339418
          ],
          [
            110.64728855208233,
            35.602165758982046
          ]
        ]
      }
    },
    {
      "type": "Feature",
      "properties": {
        "index": 84,
        "sequence": 84,
        "kind": "connector",
        "length_m": 1.000365,
        "region_id": "E23"
      },
      "geometry": {
        "type": "LineString",
        "coordinates": [
          [
            110.64728855208233,
            35.602165758982046
          ],
          [
            110.64728854804682,
            35.602165758959345
          ],
          [
            110.64728847214113,
            35.60217480524484
          ]
        ]
      }
    },
    {
      "type": "Feature",
      "properties": {
        "index": 85,
        "sequence": 85,
        "kind": "coverage",
        "length_m": 43.351476,
        "region_id": "E23"
      },
      "geometry": {
        "type": "LineString",
        "coordinates": [
          [
            110.64728847214113,
            35.60217480524484
          ],
          [
            110.64776742021242,
            35.602177499656975
          ]
        ]
      }
    },
    {
      "type": "Feature",
      "properties": {
        "index": 86,
        "sequence": 86,
        "kind": "connector",
        "length_m": 13.608309,
        "connector_id": "bridge_23-24B",
        "from_region": "E23",
        "to_region": "E24"
      },
      "geometry": {
        "type": "LineString",
        "coordinates": [
          [
            110.64776742021242,
            35.602177499656975
          ],
          [
            110.64777398819749,
            35.602183879048745
          ],
          [
            110.64777436162143,
            35.60207865669918
          ],
          [
            110.64776782052913,
            35.602070760901526
          ]
        ]
      }
    },
    {
      "type": "Feature",
      "properties": {
        "index": 87,
        "sequence": 87,
        "kind": "coverage",
        "length_m": 50.54179,
        "region_id": "E24"
      },
      "geometry": {
        "type": "LineString",
        "coordinates": [
          [
            110.64776782052913,
            35.602070760901526
          ],
          [
            110.64720943410336,
            35.6020675733901
          ]
        ]
      }
    },
    {
      "type": "Feature",
      "properties": {
        "index": 88,
        "sequence": 88,
        "kind": "connector",
        "length_m": 1.001525,
        "region_id": "E24"
      },
      "geometry": {
        "type": "LineString",
        "coordinates": [
          [
            110.64720943410336,
            35.6020675733901
          ],
          [
            110.64720945095476,
            35.602067573486295
          ],
          [
            110.64720952797686,
            35.60205852720713
          ]
        ]
      }
    },
    {
      "type": "Feature",
      "properties": {
        "index": 89,
        "sequence": 89,
        "kind": "coverage",
        "length_m": 50.54179,
        "region_id": "E24"
      },
      "geometry": {
        "type": "LineString",
        "coordinates": [
          [
            110.64720952797686,
            35.60205852720713
          ],
          [
            110.64776791440264,
            35.60206171471855
          ]
        ]
      }
    },
    {
      "type": "Feature",
      "properties": {
        "index": 90,
        "sequence": 90,
        "kind": "connector",
        "length_m": 1.001525,
        "region_id": "E24"
      },
      "geometry": {
        "type": "LineString",
        "coordinates": [
          [
            110.64776791440264,
            35.60206171471855
          ],
          [
            110.64776793125404,
            35.602061714814745
          ],
          [
            110.64776800827615,
            35.60205266853558
          ]
        ]
      }
    },
    {
      "type": "Feature",
      "properties": {
        "index": 91,
        "sequence": 91,
        "kind": "coverage",
        "length_m": 50.54179,
        "region_id": "E24"
      },
      "geometry": {
        "type": "LineString",
        "coordinates": [
          [
            110.64776800827615,
            35.60205266853558
          ],
          [
            110.64720962185037,
            35.60204948102415
          ]
        ]
      }
    },
    {
      "type": "Feature",
      "properties": {
        "index": 92,
        "sequence": 92,
        "kind": "connector",
        "length_m": 1.001525,
        "region_id": "E24"
      },
      "geometry": {
        "type": "LineString",
        "coordinates": [
          [
            110.64720962185037,
            35.60204948102415
          ],
          [
            110.64720963870177,
            35.602049481120346
          ],
          [
            110.64720971572387,
            35.60204043484118
          ]
        ]
      }
    },
    {
      "type": "Feature",
      "properties": {
        "index": 93,
        "sequence": 93,
        "kind": "coverage",
        "length_m": 50.54179,
        "region_id": "E24"
      },
      "geometry": {
        "type": "LineString",
        "coordinates": [
          [
            110.64720971572387,
            35.60204043484118
          ],
          [
            110.64776810214966,
            35.6020436223526
          ]
        ]
      }
    },
    {
      "type": "Feature",
      "properties": {
        "index": 94,
        "sequence": 94,
        "kind": "connector",
        "length_m": 1.001525,
        "region_id": "E24"
      },
      "geometry": {
        "type": "LineString",
        "coordinates": [
          [
            110.64776810214966,
            35.6020436223526
          ],
          [
            110.64776811900106,
            35.6020436224488
          ],
          [
            110.64776819602315,
            35.60203457616963
          ]
        ]
      }
    },
    {
      "type": "Feature",
      "properties": {
        "index": 95,
        "sequence": 95,
        "kind": "coverage",
        "length_m": 50.54179,
        "region_id": "E24"
      },
      "geometry": {
        "type": "LineString",
        "coordinates": [
          [
            110.64776819602315,
            35.60203457616963
          ],
          [
            110.64720980959738,
            35.602031388658204
          ]
        ]
      }
    },
    {
      "type": "Feature",
      "properties": {
        "index": 96,
        "sequence": 96,
        "kind": "connector",
        "length_m": 1.001525,
        "region_id": "E24"
      },
      "geometry": {
        "type": "LineString",
        "coordinates": [
          [
            110.64720980959738,
            35.602031388658204
          ],
          [
            110.64720982644879,
            35.6020313887544
          ],
          [
            110.6472099034709,
            35.60202234247523
          ]
        ]
      }
    },
    {
      "type": "Feature",
      "properties": {
        "index": 97,
        "sequence": 97,
        "kind": "coverage",
        "length_m": 50.54179,
        "region_id": "E24"
      },
      "geometry": {
        "type": "LineString",
        "coordinates": [
          [
            110.6472099034709,
            35.60202234247523
          ],
          [
            110.64776828989666,
            35.602025529986655
          ]
        ]
      }
    },
    {
      "type": "Feature",
      "properties": {
        "index": 98,
        "sequence": 98,
        "kind": "connector",
        "length_m": 1.001525,
        "region_id": "E24"
      },
      "geometry": {
        "type": "LineString",
        "coordinates": [
          [
            110.64776828989666,
            35.602025529986655
          ],
          [
            110.64776830674806,
            35.60202553008285
          ],
          [
            110.64776838377017,
            35.60201648380368
          ]
        ]
      }
    },
    {
      "type": "Feature",
      "properties": {
        "index": 99,
        "sequence": 99,
        "kind": "coverage",
        "length_m": 50.54179,
        "region_id": "E24"
      },
      "geometry": {
        "type": "LineString",
        "coordinates": [
          [
            110.64776838377017,
            35.60201648380368
          ],
          [
            110.6472099973444,
            35.602013296292256
          ]
        ]
      }
    },
    {
      "type": "Feature",
      "properties": {
        "index": 100,
        "sequence": 100,
        "kind": "connector",
        "length_m": 1.001525,
        "region_id": "E24"
      },
      "geometry": {
        "type": "LineString",
        "coordinates": [
          [
            110.6472099973444,
            35.602013296292256
          ],
          [
            110.6472100141958,
            35.60201329638845
          ],
          [
            110.64721009121791,
            35.60200425010928
          ]
        ]
      }
    },
    {
      "type": "Feature",
      "properties": {
        "index": 101,
        "sequence": 101,
        "kind": "coverage",
        "length_m": 50.54179,
        "region_id": "E24"
      },
      "geometry": {
        "type": "LineString",
        "coordinates": [
          [
            110.64721009121791,
            35.60200425010928
          ],
          [
            110.64776847764368,
            35.602007437620706
          ]
        ]
      }
    },
    {
      "type": "Feature",
      "properties": {
        "index": 102,
        "sequence": 102,
        "kind": "connector",
        "length_m": 1.001525,
        "region_id": "E24"
      },
      "geometry": {
        "type": "LineString",
        "coordinates": [
          [
            110.64776847764368,
            35.602007437620706
          ],
          [
            110.64776849449508,
            35.6020074377169
          ],
          [
            110.64776857151719,
            35.60199839143773
          ]
        ]
      }
    },
    {
      "type": "Feature",
      "properties": {
        "index": 103,
        "sequence": 103,
        "kind": "coverage",
        "length_m": 50.54179,
        "region_id": "E24"
      },
      "geometry": {
        "type": "LineString",
        "coordinates": [
          [
            110.64776857151719,
            35.60199839143773
          ],
          [
            110.64721018509141,
            35.60199520392631
          ]
        ]
      }
    },
    {
      "type": "Feature",
      "properties": {
        "index": 104,
        "sequence": 104,
        "kind": "connector",
        "length_m": 1.001525,
        "region_id": "E24"
      },
      "geometry": {
        "type": "LineString",
        "coordinates": [
          [
            110.64721018509141,
            35.60199520392631
          ],
          [
            110.64721020194283,
            35.6019952040225
          ],
          [
            110.64721027896492,
            35.601986157743326
          ]
        ]
      }
    },
    {
      "type": "Feature",
      "properties": {
        "index": 105,
        "sequence": 105,
        "kind": "coverage",
        "length_m": 50.54179,
        "region_id": "E24"
      },
      "geometry": {
        "type": "LineString",
        "coordinates": [
          [
            110.64721027896492,
            35.601986157743326
          ],
          [
            110.6477686653907,
            35.60198934525476
          ]
        ]
      }
    },
    {
      "type": "Feature",
      "properties": {
        "index": 106,
        "sequence": 106,
        "kind": "connector",
        "length_m": 1.001525,
        "region_id": "E24"
      },
      "geometry": {
        "type": "LineString",
        "coordinates": [
          [
            110.6477686653907,
            35.60198934525476
          ],
          [
            110.6477686822421,
            35.60198934535095
          ],
          [
            110.64776875926421,
            35.60198029907178
          ]
        ]
      }
    },
    {
      "type": "Feature",
      "properties": {
        "index": 107,
        "sequence": 107,
        "kind": "coverage",
        "length_m": 50.54179,
        "region_id": "E24"
      },
      "geometry": {
        "type": "LineString",
        "coordinates": [
          [
            110.64776875926421,
            35.60198029907178
          ],
          [
            110.64721037283843,
            35.60197711156035
          ]
        ]
      }
    },
    {
      "type": "Feature",
      "properties": {
        "index": 108,
        "sequence": 108,
        "kind": "connector",
        "length_m": 1.001525,
        "region_id": "E24"
      },
      "geometry": {
        "type": "LineString",
        "coordinates": [
          [
            110.64721037283843,
            35.60197711156035
          ],
          [
            110.64721038968983,
            35.60197711165655
          ],
          [
            110.64721046671194,
            35.60196806537738
          ]
        ]
      }
    },
    {
      "type": "Feature",
      "properties": {
        "index": 109,
        "sequence": 109,
        "kind": "coverage",
        "length_m": 50.54179,
        "region_id": "E24"
      },
      "geometry": {
        "type": "LineString",
        "coordinates": [
          [
            110.64721046671194,
            35.60196806537738
          ],
          [
            110.64776885313772,
            35.60197125288881
          ]
        ]
      }
    },
    {
      "type": "Feature",
      "properties": {
        "index": 110,
        "sequence": 110,
        "kind": "connector",
        "length_m": 1.001525,
        "region_id": "E24"
      },
      "geometry": {
        "type": "LineString",
        "coordinates": [
          [
            110.64776885313772,
            35.60197125288881
          ],
          [
            110.64776886998912,
            35.601971252985
          ],
          [
            110.64776894701122,
            35.601962206705835
          ]
        ]
      }
    },
    {
      "type": "Feature",
      "properties": {
        "index": 111,
        "sequence": 111,
        "kind": "coverage",
        "length_m": 50.54179,
        "region_id": "E24"
      },
      "geometry": {
        "type": "LineString",
        "coordinates": [
          [
            110.64776894701122,
            35.601962206705835
          ],
          [
            110.64721056058545,
            35.6019590191944
          ]
        ]
      }
    },
    {
      "type": "Feature",
      "properties": {
        "index": 112,
        "sequence": 112,
        "kind": "connector",
        "length_m": 1.001525,
        "region_id": "E24"
      },
      "geometry": {
        "type": "LineString",
        "coordinates": [
          [
            110.64721056058545,
            35.6019590191944
          ],
          [
            110.64721057743685,
            35.601959019290604
          ],
          [
            110.64721065445896,
            35.60194997301143
          ]
        ]
      }
    },
    {
      "type": "Feature",
      "properties": {
        "index": 113,
        "sequence": 113,
        "kind": "coverage",
        "length_m": 50.54179,
        "region_id": "E24"
      },
      "geometry": {
        "type": "LineString",
        "coordinates": [
          [
            110.64721065445896,
            35.60194997301143
          ],
          [
            110.64776904088473,
            35.601953160522854
          ]
        ]
      }
    },
    {
      "type": "Feature",
      "properties": {
        "index": 114,
        "sequence": 114,
        "kind": "connector",
        "length_m": 1.001525,
        "region_id": "E24"
      },
      "geometry": {
        "type": "LineString",
        "coordinates": [
          [
            110.64776904088473,
            35.601953160522854
          ],
          [
            110.64776905773613,
            35.601953160619054
          ],
          [
            110.64776913475824,
            35.60194411433988
          ]
        ]
      }
    },
    {
      "type": "Feature",
      "properties": {
        "index": 115,
        "sequence": 115,
        "kind": "coverage",
        "length_m": 50.54179,
        "region_id": "E24"
      },
      "geometry": {
        "type": "LineString",
        "coordinates": [
          [
            110.64776913475824,
            35.60194411433988
          ],
          [
            110.64721074833247,
            35.601940926828455
          ]
        ]
      }
    },
    {
      "type": "Feature",
      "properties": {
        "index": 116,
        "sequence": 116,
        "kind": "connector",
        "length_m": 1.001525,
        "region_id": "E24"
      },
      "geometry": {
        "type": "LineString",
        "coordinates": [
          [
            110.64721074833247,
            35.601940926828455
          ],
          [
            110.64721076518387,
            35.60194092692465
          ],
          [
            110.64721084220598,
            35.60193188064548
          ]
        ]
      }
    },
    {
      "type": "Feature",
      "properties": {
        "index": 117,
        "sequence": 117,
        "kind": "coverage",
        "length_m": 50.54179,
        "region_id": "E24"
      },
      "geometry": {
        "type": "LineString",
        "coordinates": [
          [
            110.64721084220598,
            35.60193188064548
          ],
          [
            110.64776922863174,
            35.601935068156905
          ]
        ]
      }
    },
    {
      "type": "Feature",
      "properties": {
        "index": 118,
        "sequence": 118,
        "kind": "connector",
        "length_m": 0.849175,
        "region_id": "E24"
      },
      "geometry": {
        "type": "LineString",
        "coordinates": [
          [
            110.64776922863174,
            35.601935068156905
          ],
          [
            110.64777591376827,
            35.60192967830139
          ]
        ]
      }
    },
    {
      "type": "Feature",
      "properties": {
        "index": 119,
        "sequence": 119,
        "kind": "connector",
        "length_m": 51.842085,
        "connector_id": "bridge_E24A-E24D"
      },
      "geometry": {
        "type": "LineString",
        "coordinates": [
          [
            110.64777591376827,
            35.60192967830139
          ],
          [
            110.64720316,
            35.60192661
          ]
        ]
      }
    },
    {
      "type": "Feature",
      "properties": {
        "index": 120,
        "sequence": 120,
        "kind": "connector",
        "length_m": 0.533577,
        "region_id": "E24"
      },
      "geometry": {
        "type": "LineString",
        "coordinates": [
          [
            110.64720316,
            35.60192661
          ],
          [
            110.6472026954892,
            35.601931421995225
          ]
        ]
      }
    },
    {
      "type": "Feature",
      "properties": {
        "index": 121,
        "sequence": 121,
        "kind": "connector",
        "length_m": 1.718753,
        "connector_id": "bridge_front1-W24C"
      },
      "geometry": {
        "type": "LineString",
        "coordinates": [
          [
            110.6472026954892,
            35.601931421995225
          ],
          [
            110.64718371063053,
            35.601931086848886
          ]
        ]
      }
    },
    {
      "type": "Feature",
      "properties": {
        "index": 122,
        "sequence": 122,
        "kind": "connector",
        "length_m": 15.611012,
        "region_id": "W24"
      },
      "geometry": {
        "type": "LineString",
        "coordinates": [
          [
            110.64718371063053,
            35.601931086848886
          ],
          [
            110.64717669373081,
            35.60207219492583
          ]
        ]
      }
    },
    {
      "type": "Feature",
      "properties": {
        "index": 123,
        "sequence": 123,
        "kind": "coverage",
        "length_m": 50.541968,
        "region_id": "W24"
      },
      "geometry": {
        "type": "LineString",
        "coordinates": [
          [
            110.64717669373081,
            35.60207219492583
          ],
          [
            110.64661829450664,
            35.6020707630361
          ]
        ]
      }
    },
    {
      "type": "Feature",
      "properties": {
        "index": 124,
        "sequence": 124,
        "kind": "connector",
        "length_m": 1.000881,
        "region_id": "W24"
      },
      "geometry": {
        "type": "LineString",
        "coordinates": [
          [
            110.64661829450664,
            35.6020707630361
          ],
          [
            110.6466182847763,
            35.60207076301115
          ],
          [
            110.64661831937595,
            35.602061716556506
          ]
        ]
      }
    },
    {
      "type": "Feature",
      "properties": {
        "index": 125,
        "sequence": 125,
        "kind": "coverage",
        "length_m": 50.541968,
        "region_id": "W24"
      },
      "geometry": {
        "type": "LineString",
        "coordinates": [
          [
            110.64661831937595,
            35.602061716556506
          ],
          [
            110.64717671860012,
            35.602063148446234
          ]
        ]
      }
    },
    {
      "type": "Feature",
      "properties": {
        "index": 126,
        "sequence": 126,
        "kind": "connector",
        "length_m": 1.000881,
        "region_id": "W24"
      },
      "geometry": {
        "type": "LineString",
        "coordinates": [
          [
            110.64717671860012,
            35.602063148446234
          ],
          [
            110.64717670886978,
            35.60206314842128
          ],
          [
            110.64717674346942,
            35.60205410196664
          ]
        ]
      }
    },
    {
      "type": "Feature",
      "properties": {
        "index": 127,
        "sequence": 127,
        "kind": "coverage",
        "length_m": 50.541968,
        "region_id": "W24"
      },
      "geometry": {
        "type": "LineString",
        "coordinates": [
          [
            110.64717674346942,
            35.60205410196664
          ],
          [
            110.64661834424525,
            35.602052670076915
          ]
        ]
      }
    },
    {
      "type": "Feature",
      "properties": {
        "index": 128,
        "sequence": 128,
        "kind": "connector",
        "length_m": 1.000881,
        "region_id": "W24"
      },
      "geometry": {
        "type": "LineString",
        "coordinates": [
          [
            110.64661834424525,
            35.602052670076915
          ],
          [
            110.64661833451491,
            35.60205267005196
          ],
          [
            110.64661836911456,
            35.60204362359732
          ]
        ]
      }
    },
    {
      "type": "Feature",
      "properties": {
        "index": 129,
        "sequence": 129,
        "kind": "coverage",
        "length_m": 50.541968,
        "region_id": "W24"
      },
      "geometry": {
        "type": "LineString",
        "coordinates": [
          [
            110.64661836911456,
            35.60204362359732
          ],
          [
            110.64717676833872,
            35.60204505548705
          ]
        ]
      }
    },
    {
      "type": "Feature",
      "properties": {
        "index": 130,
        "sequence": 130,
        "kind": "connector",
        "length_m": 1.000881,
        "region_id": "W24"
      },
      "geometry": {
        "type": "LineString",
        "coordinates": [
          [
            110.64717676833872,
            35.60204505548705
          ],
          [
            110.64717675860838,
            35.60204505546209
          ],
          [
            110.64717679320803,
            35.60203600900745
          ]
        ]
      }
    },
    {
      "type": "Feature",
      "properties": {
        "index": 131,
        "sequence": 131,
        "kind": "coverage",
        "length_m": 50.541968,
        "region_id": "W24"
      },
      "geometry": {
        "type": "LineString",
        "coordinates": [
          [
            110.64717679320803,
            35.60203600900745
          ],
          [
            110.64661839398386,
            35.60203457711772
          ]
        ]
      }
    },
    {
      "type": "Feature",
      "properties": {
        "index": 132,
        "sequence": 132,
        "kind": "connector",
        "length_m": 1.000881,
        "region_id": "W24"
      },
      "geometry": {
        "type": "LineString",
        "coordinates": [
          [
            110.64661839398386,
            35.60203457711772
          ],
          [
            110.64661838425351,
            35.60203457709277
          ],
          [
            110.64661841885317,
            35.60202553063813
          ]
        ]
      }
    },
    {
      "type": "Feature",
      "properties": {
        "index": 133,
        "sequence": 133,
        "kind": "coverage",
        "length_m": 50.541968,
        "region_id": "W24"
      },
      "geometry": {
        "type": "LineString",
        "coordinates": [
          [
            110.64661841885317,
            35.60202553063813
          ],
          [
            110.64717681807734,
            35.60202696252785
          ]
        ]
      }
    },
    {
      "type": "Feature",
      "properties": {
        "index": 134,
        "sequence": 134,
        "kind": "connector",
        "length_m": 1.000881,
        "region_id": "W24"
      },
      "geometry": {
        "type": "LineString",
        "coordinates": [
          [
            110.64717681807734,
            35.60202696252785
          ],
          [
            110.647176808347,
            35.602026962502904
          ],
          [
            110.64717684294664,
            35.60201791604826
          ]
        ]
      }
    },
    {
      "type": "Feature",
      "properties": {
        "index": 135,
        "sequence": 135,
        "kind": "coverage",
        "length_m": 50.541968,
        "region_id": "W24"
      },
      "geometry": {
        "type": "LineString",
        "coordinates": [
          [
            110.64717684294664,
            35.60201791604826
          ],
          [
            110.64661844372247,
            35.60201648415853
          ]
        ]
      }
    },
    {
      "type": "Feature",
      "properties": {
        "index": 136,
        "sequence": 136,
        "kind": "connector",
        "length_m": 1.000881,
        "region_id": "W24"
      },
      "geometry": {
        "type": "LineString",
        "coordinates": [
          [
            110.64661844372247,
            35.60201648415853
          ],
          [
            110.64661843399213,
            35.602016484133586
          ],
          [
            110.64661846859177,
            35.60200743767894
          ]
        ]
      }
    },
    {
      "type": "Feature",
      "properties": {
        "index": 137,
        "sequence": 137,
        "kind": "coverage",
        "length_m": 50.541968,
        "region_id": "W24"
      },
      "geometry": {
        "type": "LineString",
        "coordinates": [
          [
            110.64661846859177,
            35.60200743767894
          ],
          [
            110.64717686781594,
            35.602008869568664
          ]
        ]
      }
    },
    {
      "type": "Feature",
      "properties": {
        "index": 138,
        "sequence": 138,
        "kind": "connector",
        "length_m": 1.000881,
        "region_id": "W24"
      },
      "geometry": {
        "type": "LineString",
        "coordinates": [
          [
            110.64717686781594,
            35.602008869568664
          ],
          [
            110.6471768580856,
            35.60200886954372
          ],
          [
            110.64717689268525,
            35.60199982308907
          ]
        ]
      }
    },
    {
      "type": "Feature",
      "properties": {
        "index": 139,
        "sequence": 139,
        "kind": "coverage",
        "length_m": 50.541968,
        "region_id": "W24"
      },
      "geometry": {
        "type": "LineString",
        "coordinates": [
          [
            110.64717689268525,
            35.60199982308907
          ],
          [
            110.64661849346108,
            35.601998391199345
          ]
        ]
      }
    },
    {
      "type": "Feature",
      "properties": {
        "index": 140,
        "sequence": 140,
        "kind": "connector",
        "length_m": 1.000881,
        "region_id": "W24"
      },
      "geometry": {
        "type": "LineString",
        "coordinates": [
          [
            110.64661849346108,
            35.601998391199345
          ],
          [
            110.64661848373073,
            35.60199839117439
          ],
          [
            110.64661851833038,
            35.60198934471975
          ]
        ]
      }
    },
    {
      "type": "Feature",
      "properties": {
        "index": 141,
        "sequence": 141,
        "kind": "coverage",
        "length_m": 50.541968,
        "region_id": "W24"
      },
      "geometry": {
        "type": "LineString",
        "coordinates": [
          [
            110.64661851833038,
            35.60198934471975
          ],
          [
            110.64717691755456,
            35.601990776609476
          ]
        ]
      }
    },
    {
      "type": "Feature",
      "properties": {
        "index": 142,
        "sequence": 142,
        "kind": "connector",
        "length_m": 1.000881,
        "region_id": "W24"
      },
      "geometry": {
        "type": "LineString",
        "coordinates": [
          [
            110.64717691755456,
            35.601990776609476
          ],
          [
            110.64717690782422,
            35.60199077658452
          ],
          [
            110.64717694242385,
            35.60198173012988
          ]
        ]
      }
    },
    {
      "type": "Feature",
      "properties": {
        "index": 143,
        "sequence": 143,
        "kind": "coverage",
        "length_m": 50.541968,
        "region_id": "W24"
      },
      "geometry": {
        "type": "LineString",
        "coordinates": [
          [
            110.64717694242385,
            35.60198173012988
          ],
          [
            110.64661854319968,
            35.60198029824016
          ]
        ]
      }
    },
    {
      "type": "Feature",
      "properties": {
        "index": 144,
        "sequence": 144,
        "kind": "connector",
        "length_m": 1.000881,
        "region_id": "W24"
      },
      "geometry": {
        "type": "LineString",
        "coordinates": [
          [
            110.64661854319968,
            35.60198029824016
          ],
          [
            110.64661853346934,
            35.6019802982152
          ],
          [
            110.64661856806899,
            35.60197125176056
          ]
        ]
      }
    },
    {
      "type": "Feature",
      "properties": {
        "index": 145,
        "sequence": 145,
        "kind": "coverage",
        "length_m": 50.541968,
        "region_id": "W24"
      },
      "geometry": {
        "type": "LineString",
        "coordinates": [
          [
            110.64661856806899,
            35.60197125176056
          ],
          [
            110.64717696729316,
            35.60197268365029
          ]
        ]
      }
    },
    {
      "type": "Feature",
      "properties": {
        "index": 146,
        "sequence": 146,
        "kind": "connector",
        "length_m": 1.000881,
        "region_id": "W24"
      },
      "geometry": {
        "type": "LineString",
        "coordinates": [
          [
            110.64717696729316,
            35.60197268365029
          ],
          [
            110.64717695756282,
            35.601972683625334
          ],
          [
            110.64717699216247,
            35.60196363717069
          ]
        ]
      }
    },
    {
      "type": "Feature",
      "properties": {
        "index": 147,
        "sequence": 147,
        "kind": "coverage",
        "length_m": 50.541968,
        "region_id": "W24"
      },
      "geometry": {
        "type": "LineString",
        "coordinates": [
          [
            110.64717699216247,
            35.60196363717069
          ],
          [
            110.6466185929383,
            35.60196220528096
          ]
        ]
      }
    },
    {
      "type": "Feature",
      "properties": {
        "index": 148,
        "sequence": 148,
        "kind": "connector",
        "length_m": 1.000881,
        "region_id": "W24"
      },
      "geometry": {
        "type": "LineString",
        "coordinates": [
          [
            110.6466185929383,
            35.60196220528096
          ],
          [
            110.64661858320795,
            35.601962205256015
          ],
          [
            110.64661861780759,
            35.60195315880137
          ]
        ]
      }
    },
    {
      "type": "Feature",
      "properties": {
        "index": 149,
        "sequence": 149,
        "kind": "coverage",
        "length_m": 50.541968,
        "region_id": "W24"
      },
      "geometry": {
        "type": "LineString",
        "coordinates": [
          [
            110.64661861780759,
            35.60195315880137
          ],
          [
            110.64717701703178,
            35.60195459069109
          ]
        ]
      }
    },
    {
      "type": "Feature",
      "properties": {
        "index": 150,
        "sequence": 150,
        "kind": "connector",
        "length_m": 1.000881,
        "region_id": "W24"
      },
      "geometry": {
        "type": "LineString",
        "coordinates": [
          [
            110.64717701703178,
            35.60195459069109
          ],
          [
            110.64717700730144,
            35.601954590666146
          ],
          [
            110.64717704190107,
            35.6019455442115
          ]
        ]
      }
    },
    {
      "type": "Feature",
      "properties": {
        "index": 151,
        "sequence": 151,
        "kind": "coverage",
        "length_m": 50.541968,
        "region_id": "W24"
      },
      "geometry": {
        "type": "LineString",
        "coordinates": [
          [
            110.64717704190107,
            35.6019455442115
          ],
          [
            110.6466186426769,
            35.601944112321775
          ]
        ]
      }
    },
    {
      "type": "Feature",
      "properties": {
        "index": 152,
        "sequence": 152,
        "kind": "connector",
        "length_m": 1.000881,
        "region_id": "W24"
      },
      "geometry": {
        "type": "LineString",
        "coordinates": [
          [
            110.6466186426769,
            35.601944112321775
          ],
          [
            110.64661863294656,
            35.60194411229683
          ],
          [
            110.6466186675462,
            35.601935065842184
          ]
        ]
      }
    },
    {
      "type": "Feature",
      "properties": {
        "index": 153,
        "sequence": 153,
        "kind": "coverage",
        "length_m": 50.541968,
        "region_id": "W24"
      },
      "geometry": {
        "type": "LineString",
        "coordinates": [
          [
            110.6466186675462,
            35.601935065842184
          ],
          [
            110.64717706677038,
            35.601936497731906
          ]
        ]
      }
    },
    {
      "type": "Feature",
      "properties": {
        "index": 154,
        "sequence": 154,
        "kind": "connector",
        "length_m": 25.270984,
        "region_id": "W24"
      },
      "geometry": {
        "type": "LineString",
        "coordinates": [
          [
            110.64717706677038,
            35.601936497731906
          ],
          [
            110.64689786715829,
            35.60193578178704
          ]
        ]
      }
    },
    {
      "type": "Feature",
      "properties": {
        "index": 155,
        "sequence": 155,
        "kind": "connector",
        "length_m": 25.270984,
        "region_id": "W24"
      },
      "geometry": {
        "type": "LineString",
        "coordinates": [
          [
            110.64689786715829,
            35.60193578178704
          ],
          [
            110.6466186675462,
            35.601935065842184
          ]
        ]
      }
    },
    {
      "type": "Feature",
      "properties": {
        "index": 156,
        "sequence": 156,
        "kind": "connector",
        "length_m": 1.000423,
        "region_id": "W24"
      },
      "geometry": {
        "type": "LineString",
        "coordinates": [
          [
            110.6466186675462,
            35.601935065842184
          ],
          [
            110.64660984388259,
            35.60192961528979
          ]
        ]
      }
    },
    {
      "type": "Feature",
      "properties": {
        "index": 157,
        "sequence": 157,
        "kind": "connector",
        "length_m": 51.941968,
        "connector_id": "back_W24B-W24C_stop"
      },
      "geometry": {
        "type": "LineString",
        "coordinates": [
          [
            110.64660984388259,
            35.60192961528979
          ],
          [
            110.64718371063053,
            35.601931086848886
          ]
        ]
      }
    },
    {
      "type": "Feature",
      "properties": {
        "index": 158,
        "sequence": 158,
        "kind": "connector",
        "length_m": 1.828632,
        "region_id": "W24"
      },
      "geometry": {
        "type": "LineString",
        "coordinates": [
          [
            110.64718371063053,
            35.601931086848886
          ],
          [
            110.64720316,
            35.60192661
          ]
        ]
      }
    },
    {
      "type": "Feature",
      "properties": {
        "index": 159,
        "sequence": 159,
        "kind": "connector",
        "length_m": 51.842085,
        "connector_id": "back_E24D-24A"
      },
      "geometry": {
        "type": "LineString",
        "coordinates": [
          [
            110.64720316,
            35.60192661
          ],
          [
            110.64777591376827,
            35.60192967830139
          ]
        ]
      }
    },
    {
      "type": "Feature",
      "properties": {
        "index": 160,
        "sequence": 160,
        "kind": "connector",
        "length_m": 16.56867,
        "region_id": "W24"
      },
      "geometry": {
        "type": "LineString",
        "coordinates": [
          [
            110.64777591376827,
            35.60192967830139
          ],
          [
            110.64777435841093,
            35.602079561345256
          ]
        ]
      }
    },
    {
      "type": "Feature",
      "properties": {
        "index": 161,
        "sequence": 161,
        "kind": "connector",
        "length_m": 4.230442,
        "connector_id": "back_24B-23A"
      },
      "geometry": {
        "type": "LineString",
        "coordinates": [
          [
            110.64777435841093,
            35.602079561345256
          ],
          [
            110.64777457663791,
            35.60211783161967
          ]
        ]
      }
    },
    {
      "type": "Feature",
      "properties": {
        "index": 162,
        "sequence": 162,
        "kind": "connector",
        "length_m": 7.401076,
        "region_id": "W24"
      },
      "geometry": {
        "type": "LineString",
        "coordinates": [
          [
            110.64777457663791,
            35.60211783161967
          ],
          [
            110.64777398498698,
            35.602184783694824
          ]
        ]
      }
    },
    {
      "type": "Feature",
      "properties": {
        "index": 163,
        "sequence": 163,
        "kind": "connector",
        "length_m": 11.555288,
        "connector_id": "back_23B-22A"
      },
      "geometry": {
        "type": "LineString",
        "coordinates": [
          [
            110.64777398498698,
            35.602184783694824
          ],
          [
            110.64777328985258,
            35.602289317044416
          ]
        ]
      }
    },
    {
      "type": "Feature",
      "properties": {
        "index": 164,
        "sequence": 164,
        "kind": "connector",
        "length_m": 13.173307,
        "region_id": "W24"
      },
      "geometry": {
        "type": "LineString",
        "coordinates": [
          [
            110.64777328985258,
            35.602289317044416
          ],
          [
            110.64777309831817,
            35.60240848925073
          ]
        ]
      }
    },
    {
      "type": "Feature",
      "properties": {
        "index": 165,
        "sequence": 165,
        "kind": "connector",
        "length_m": 3.598532,
        "connector_id": "back_22B-21A"
      },
      "geometry": {
        "type": "LineString",
        "coordinates": [
          [
            110.64777309831817,
            35.60240848925073
          ],
          [
            110.64777253579807,
            35.60244104011207
          ]
        ]
      }
    },
    {
      "type": "Feature",
      "properties": {
        "index": 166,
        "sequence": 166,
        "kind": "connector",
        "length_m": 13.138531,
        "region_id": "W24"
      },
      "geometry": {
        "type": "LineString",
        "coordinates": [
          [
            110.64777253579807,
            35.60244104011207
          ],
          [
            110.64777235307753,
            35.60255989772949
          ]
        ]
      }
    },
    {
      "type": "Feature",
      "properties": {
        "index": 167,
        "sequence": 167,
        "kind": "connector",
        "length_m": 11.691265,
        "connector_id": "back_21B-20A"
      },
      "geometry": {
        "type": "LineString",
        "coordinates": [
          [
            110.64777235307753,
            35.60255989772949
          ],
          [
            110.64777166295664,
            35.602665661235534
          ]
        ]
      }
    },
    {
      "type": "Feature",
      "properties": {
        "index": 168,
        "sequence": 168,
        "kind": "connector",
        "length_m": 18.847316,
        "region_id": "W24"
      },
      "geometry": {
        "type": "LineString",
        "coordinates": [
          [
            110.64777166295664,
            35.602665661235534
          ],
          [
            110.64777090237833,
            35.60283616232081
          ]
        ]
      }
    },
    {
      "type": "Feature",
      "properties": {
        "index": 169,
        "sequence": 169,
        "kind": "connector",
        "length_m": 3.563357,
        "connector_id": "back_20B-19A"
      },
      "geometry": {
        "type": "LineString",
        "coordinates": [
          [
            110.64777090237833,
            35.60283616232081
          ],
          [
            110.6477703763593,
            35.602868395349155
          ]
        ]
      }
    },
    {
      "type": "Feature",
      "properties": {
        "index": 170,
        "sequence": 170,
        "kind": "connector",
        "length_m": 25.737669,
        "region_id": "W24"
      },
      "geometry": {
        "type": "LineString",
        "coordinates": [
          [
            110.6477703763593,
            35.602868395349155
          ],
          [
            110.64776966454107,
            35.603101230415184
          ]
        ]
      }
    },
    {
      "type": "Feature",
      "properties": {
        "index": 171,
        "sequence": 171,
        "kind": "connector",
        "length_m": 11.328804,
        "connector_id": "back_19B-18A"
      },
      "geometry": {
        "type": "LineString",
        "coordinates": [
          [
            110.64776966454107,
            35.603101230415184
          ],
          [
            110.64776956203357,
            35.60320371639688
          ]
        ]
      }
    },
    {
      "type": "Feature",
      "properties": {
        "index": 172,
        "sequence": 172,
        "kind": "connector",
        "length_m": 7.399212,
        "region_id": "W24"
      },
      "geometry": {
        "type": "LineString",
        "coordinates": [
          [
            110.64776956203357,
            35.60320371639688
          ],
          [
            110.64776922016449,
            35.60327065277348
          ]
        ]
      }
    },
    {
      "type": "Feature",
      "properties": {
        "index": 173,
        "sequence": 173,
        "kind": "connector",
        "length_m": 3.894532,
        "connector_id": "back_18B-17A"
      },
      "geometry": {
        "type": "LineString",
        "coordinates": [
          [
            110.64776922016449,
            35.60327065277348
          ],
          [
            110.64776897053187,
            35.603305884061356
          ]
        ]
      }
    },
    {
      "type": "Feature",
      "properties": {
        "index": 174,
        "sequence": 174,
        "kind": "connector",
        "length_m": 15.382607,
        "region_id": "W24"
      },
      "geometry": {
        "type": "LineString",
        "coordinates": [
          [
            110.64776897053187,
            35.603305884061356
          ],
          [
            110.64776797468316,
            35.60344504040682
          ]
        ]
      }
    },
    {
      "type": "Feature",
      "properties": {
        "index": 175,
        "sequence": 175,
        "kind": "connector",
        "length_m": 2.658948,
        "connector_id": "back_17B-16A"
      },
      "geometry": {
        "type": "LineString",
        "coordinates": [
          [
            110.64776797468316,
            35.60344504040682
          ],
          [
            110.64776810603713,
            35.60346909433307
          ]
        ]
      }
    },
    {
      "type": "Feature",
      "properties": {
        "index": 176,
        "sequence": 176,
        "kind": "connector",
        "length_m": 15.425711,
        "region_id": "W24"
      },
      "geometry": {
        "type": "LineString",
        "coordinates": [
          [
            110.64776810603713,
            35.60346909433307
          ],
          [
            110.6477676095043,
            35.60360864241737
          ]
        ]
      }
    },
    {
      "type": "Feature",
      "properties": {
        "index": 177,
        "sequence": 177,
        "kind": "connector",
        "length_m": 12.282069,
        "connector_id": "back_16B-15A"
      },
      "geometry": {
        "type": "LineString",
        "coordinates": [
          [
            110.6477676095043,
            35.60360864241737
          ],
          [
            110.64776705903036,
            35.60371975122639
          ]
        ]
      }
    },
    {
      "type": "Feature",
      "properties": {
        "index": 178,
        "sequence": 178,
        "kind": "connector",
        "length_m": 11.968207,
        "region_id": "W24"
      },
      "geometry": {
        "type": "LineString",
        "coordinates": [
          [
            110.64776705903036,
            35.60371975122639
          ],
          [
            110.64776678225708,
            35.60382802136538
          ]
        ]
      }
    },
    {
      "type": "Feature",
      "properties": {
        "index": 179,
        "sequence": 179,
        "kind": "connector",
        "length_m": 3.867796,
        "connector_id": "back_15B-14A"
      },
      "geometry": {
        "type": "LineString",
        "coordinates": [
          [
            110.64776678225708,
            35.60382802136538
          ],
          [
            110.64776723843342,
            35.603863009383225
          ]
        ]
      }
    },
    {
      "type": "Feature",
      "properties": {
        "index": 180,
        "sequence": 180,
        "kind": "connector",
        "length_m": 20.009291,
        "region_id": "W24"
      },
      "geometry": {
        "type": "LineString",
        "coordinates": [
          [
            110.64776723843342,
            35.603863009383225
          ],
          [
            110.64776557275421,
            35.60404401827957
          ]
        ]
      }
    },
    {
      "type": "Feature",
      "properties": {
        "index": 181,
        "sequence": 181,
        "kind": "connector",
        "length_m": 12.146025,
        "connector_id": "back_14B-13A"
      },
      "geometry": {
        "type": "LineString",
        "coordinates": [
          [
            110.64776557275421,
            35.60404401827957
          ],
          [
            110.64776491482968,
            35.60415389596566
          ]
        ]
      }
    },
    {
      "type": "Feature",
      "properties": {
        "index": 182,
        "sequence": 182,
        "kind": "connector",
        "length_m": 11.973921,
        "region_id": "W24"
      },
      "geometry": {
        "type": "LineString",
        "coordinates": [
          [
            110.64776491482968,
            35.60415389596566
          ],
          [
            110.64776464459975,
            35.60426221780848
          ]
        ]
      }
    },
    {
      "type": "Feature",
      "properties": {
        "index": 183,
        "sequence": 183,
        "kind": "connector",
        "length_m": 3.373068,
        "connector_id": "back_13B-12A"
      },
      "geometry": {
        "type": "LineString",
        "coordinates": [
          [
            110.64776464459975,
            35.60426221780848
          ],
          [
            110.64776463744738,
            35.60429273226822
          ]
        ]
      }
    },
    {
      "type": "Feature",
      "properties": {
        "index": 184,
        "sequence": 184,
        "kind": "connector",
        "length_m": 14.27941,
        "region_id": "W24"
      },
      "geometry": {
        "type": "LineString",
        "coordinates": [
          [
            110.64776463744738,
            35.60429273226822
          ],
          [
            110.64776416327175,
            35.60442191035046
          ]
        ]
      }
    },
    {
      "type": "Feature",
      "properties": {
        "index": 185,
        "sequence": 185,
        "kind": "connector",
        "length_m": 11.671849,
        "connector_id": "back_12B-11A"
      },
      "geometry": {
        "type": "LineString",
        "coordinates": [
          [
            110.64776416327175,
            35.60442191035046
          ],
          [
            110.64776313280512,
            35.60452749634761
          ]
        ]
      }
    },
    {
      "type": "Feature",
      "properties": {
        "index": 186,
        "sequence": 186,
        "kind": "connector",
        "length_m": 24.611399,
        "region_id": "W24"
      },
      "geometry": {
        "type": "LineString",
        "coordinates": [
          [
            110.64776313280512,
            35.60452749634761
          ],
          [
            110.64776265157377,
            35.60475014299974
          ]
        ]
      }
    },
    {
      "type": "Feature",
      "properties": {
        "index": 187,
        "sequence": 187,
        "kind": "connector",
        "length_m": 11.360912,
        "connector_id": "back_11B-10A"
      },
      "geometry": {
        "type": "LineString",
        "coordinates": [
          [
            110.64776265157377,
            35.60475014299974
          ],
          [
            110.64776183179559,
            35.604852917286685
          ]
        ]
      }
    },
    {
      "type": "Feature",
      "properties": {
        "index": 188,
        "sequence": 188,
        "kind": "connector",
        "length_m": 16.306293,
        "region_id": "W24"
      },
      "geometry": {
        "type": "LineString",
        "coordinates": [
          [
            110.64776183179559,
            35.604852917286685
          ],
          [
            110.6477609856752,
            35.60500043052129
          ]
        ]
      }
    },
    {
      "type": "Feature",
      "properties": {
        "index": 189,
        "sequence": 189,
        "kind": "connector",
        "length_m": 27.860092,
        "connector_id": "back_9A-8B"
      },
      "geometry": {
        "type": "LineString",
        "coordinates": [
          [
            110.6477609856752,
            35.60500043052129
          ],
          [
            110.6477602879233,
            35.605252466171876
          ]
        ]
      }
    },
    {
      "type": "Feature",
      "properties": {
        "index": 190,
        "sequence": 190,
        "kind": "connector",
        "length_m": 31.362912,
        "region_id": "W24"
      },
      "geometry": {
        "type": "LineString",
        "coordinates": [
          [
            110.6477602879233,
            35.605252466171876
          ],
          [
            110.64741623970805,
            35.605286201553355
          ]
        ]
      }
    },
    {
      "type": "Feature",
      "properties": {
        "index": 191,
        "sequence": 191,
        "kind": "connector",
        "length_m": 31.115786,
        "connector_id": "back_7A-7bA"
      },
      "geometry": {
        "type": "LineString",
        "coordinates": [
          [
            110.64741623970805,
            35.605286201553355
          ],
          [
            110.64776001450005,
            35.605286952396405
          ]
        ]
      }
    },
    {
      "type": "Feature",
      "properties": {
        "index": 192,
        "sequence": 192,
        "kind": "connector",
        "length_m": 37.029711,
        "region_id": "W24"
      },
      "geometry": {
        "type": "LineString",
        "coordinates": [
          [
            110.64776001450005,
            35.605286952396405
          ],
          [
            110.64741521205767,
            35.605467251897565
          ]
        ]
      }
    },
    {
      "type": "Feature",
      "properties": {
        "index": 193,
        "sequence": 193,
        "kind": "connector",
        "length_m": 3.916292,
        "connector_id": "back_7bB-6A"
      },
      "geometry": {
        "type": "LineString",
        "coordinates": [
          [
            110.64741521205767,
            35.605467251897565
          ],
          [
            110.64741690256913,
            35.605502653578235
          ]
        ]
      }
    },
    {
      "type": "Feature",
      "properties": {
        "index": 194,
        "sequence": 194,
        "kind": "connector",
        "length_m": 20.017355,
        "region_id": "W24"
      },
      "geometry": {
        "type": "LineString",
        "coordinates": [
          [
            110.64741690256913,
            35.605502653578235
          ],
          [
            110.64741642174106,
            35.60568374013546
          ]
        ]
      }
    },
    {
      "type": "Feature",
      "properties": {
        "index": 195,
        "sequence": 195,
        "kind": "connector",
        "length_m": 3.736123,
        "connector_id": "back_6B-5A"
      },
      "geometry": {
        "type": "LineString",
        "coordinates": [
          [
            110.64741642174106,
            35.60568374013546
          ],
          [
            110.64741639744143,
            35.60571753896705
          ]
        ]
      }
    },
    {
      "type": "Feature",
      "properties": {
        "index": 196,
        "sequence": 196,
        "kind": "connector",
        "length_m": 20.011087,
        "region_id": "W24"
      },
      "geometry": {
        "type": "LineString",
        "coordinates": [
          [
            110.64741639744143,
            35.60571753896705
          ],
          [
            110.64741549006075,
            35.60589856772437
          ]
        ]
      }
    },
    {
      "type": "Feature",
      "properties": {
        "index": 197,
        "sequence": 197,
        "kind": "connector",
        "length_m": 3.845443,
        "connector_id": "back_5B-4A"
      },
      "geometry": {
        "type": "LineString",
        "coordinates": [
          [
            110.64741549006075,
            35.60589856772437
          ],
          [
            110.64741564488955,
            35.605933355288805
          ]
        ]
      }
    }
  ]
}
