{
  "type": "FeatureCollection",
  "features": [
    {
      "type": "Feature",
      "properties": {
        "kind": "boundary",
        "region_id": "E15",
        "polygon_index": 0,
        "edge_distance_lon": [
          0.15,
          0.5
        ],
        "edge_distance_lat": [
          0.3,
          0.3
        ]
      },
      "geometry": {
        "type": "Polygon",
        "coordinates": [
          [
            [
              110.64727243530348,
              35.60369818654844
            ],
            [
              110.64742323532546,
              35.6036984811552
            ],
            [
              110.64742302745503,
              35.60382746878024
            ],
            [
              110.64727222743305,
              35.60382717417348
            ],
            [
              110.64727243530348,
              35.60369818654844
            ]
          ]
        ]
      }
    },
    {
      "type": "Feature",
      "properties": {
        "kind": "boundary",
        "region_id": "E15",
        "polygon_index": 1,
        "edge_distance_lon": [
          0.3,
          0.1
        ],
        "edge_distance_lat": [
          0.3,
          0.3
        ]
      },
      "geometry": {
        "type": "Polygon",
        "coordinates": [
          [
            [
              110.64743142483125,
              35.60371926611277
            ],
            [
              110.64776705903036,
              35.60371975122639
            ],
            [
              110.64776678225708,
              35.60382802136538
            ],
            [
              110.64743114805798,
              35.60382753625176
            ],
            [
              110.64743142483125,
              35.60371926611277
            ]
          ]
        ]
      }
    },
    {
      "type": "Feature",
      "properties": {
        "kind": "boundary",
        "region_id": "E16",
        "polygon_index": 0,
        "edge_distance_lon": [
          0.3,
          0.5
        ],
        "edge_distance_lat": [
          0.3,
          0.3
        ]
      },
      "geometry": {
        "type": "Polygon",
        "coordinates": [
          [
            [
              110.64727306866325,
              35.603468957737846
            ],
            [
              110.64776810603713,
              35.60346909433307
            ],
            [
              110.64776805468944,
              35.603593856235435
            ],
            [
              110.64727301731556,
              35.60359371964021
            ],
            [
              110.64727306866325,
              35.603468957737846
            ]
          ]
        ]
      }
    },
    {
      "type": "Feature",
      "properties": {
        "kind": "boundary",
        "region_id": "E17_up",
        "polygon_index": 0,
        "edge_distance_lon": [
          0.15,
          0.5
        ],
        "edge_distance_lat": [
          0.3,
          0.3
        ],
        "guide": "vertical"
      },
      "geometry": {
        "type": "Polygon",
        "coordinates": [
          [
            [
              110.64727450976491,
              35.60330484009559
            ],
            [
              110.6474252497039,
              35.60330511443972
            ],
            [
              110.64742449566111,
              35.603444344219525
            ],
            [
              110.64727375572214,
              35.603444069875394
            ],
            [
              110.64727450976491,
              35.60330484009559
            ]
          ]
        ]
      }
    },
    {
      "type": "Feature",
      "properties": {
        "kind": "boundary",
        "region_id": "E17_down",
        "polygon_index": 0,
        "edge_distance_lon": [
          0.3,
          0.1
        ],
        "edge_distance_lat": [
          0.3,
          0.3
        ]
      },
      "geometry": {
        "type": "Polygon",
        "coordinates": [
          [
            [
              110.64746003129768,
              35.60330539750442
            ],
            [
              110.64776897053187,
              35.603305884061356
            ],
            [
              110.64776797468316,
              35.60344504040682
            ],
            [
              110.64745903544897,
              35.603444553849876
            ],
            [
              110.64746003129768,
              35.60330539750442
            ]
          ]
        ]
      }
    },
    {
      "type": "Feature",
      "properties": {
        "kind": "boundary",
        "region_id": "E18",
        "polygon_index": 0,
        "edge_distance_lon": [
          0.15,
          0.5
        ],
        "edge_distance_lat": [
          0.3,
          0.3
        ]
      },
      "geometry": {
        "type": "Polygon",
        "coordinates": [
          [
            [
              110.64727457343058,
              35.603191164205064
            ],
            [
              110.64742563166243,
              35.60319254527348
            ],
            [
              110.64742540106296,
              35.603269692175225
            ],
            [
              110.6472743428311,
              35.60326831110682
            ],
            [
              110.64727457343058,
              35.603191164205064
            ]
          ]
        ]
      }
    },
    {
      "type": "Feature",
      "properties": {
        "kind": "boundary",
        "region_id": "E18",
        "polygon_index": 1,
        "edge_distance_lon": [
          0.3,
          0.1
        ],
        "edge_distance_lat": [
          0.3,
          0.3
        ]
      },
      "geometry": {
        "type": "Polygon",
        "coordinates": [
          [
            [
              110.6474335934206,
              35.60320276163544
            ],
            [
              110.64776956203357,
              35.60320371639688
            ],
            [
              110.64776922016449,
              35.60327065277348
            ],
            [
              110.6474332515515,
              35.60326969801204
            ],
            [
              110.6474335934206,
              35.60320276163544
            ]
          ]
        ]
      }
    },
    {
      "type": "Feature",
      "properties": {
        "kind": "bridge",
        "connector_id": "bridge_5B-6B",
        "edge_distance_lon": [
          0.1,
          0.1
        ],
        "edge_distance_lat": [
          0.1,
          0.1
        ]
      },
      "geometry": {
        "type": "LineString",
        "coordinates": [
          [
            110.64741549006075,
            35.60589856772437
          ],
          [
            110.64741642174106,
            35.60568374013546
          ]
        ]
      }
    },
    {
      "type": "Feature",
      "properties": {
        "kind": "bridge",
        "connector_id": "bridge_6A-7bB",
        "edge_distance_lon": [
          0.1,
          0.1
        ],
        "edge_distance_lat": [
          0.1,
          0.1
        ]
      },
      "geometry": {
        "type": "LineString",
        "coordinates": [
          [
            110.64741690256913,
            35.605502653578235
          ],
          [
            110.64741521205767,
            35.605467251897565
          ]
        ]
      }
    },
    {
      "type": "Feature",
      "properties": {
        "kind": "bridge",
        "connector_id": "bridge_7bA-7A",
        "edge_distance_lon": [
          0.3,
          0.3
        ],
        "edge_distance_lat": [
          0.1,
          0.5
        ]
      },
      "geometry": {
        "type": "LineString",
        "coordinates": [
          [
            110.64741623970805,
            35.605286201553355
          ],
          [
            110.64776001450005,
            35.605286952396405
          ]
        ]
      }
    },
    {
      "type": "Feature",
      "properties": {
        "kind": "bridge",
        "connector_id": "bridge_8B-9A",
        "edge_distance_lon": [
          0.1,
          0.1
        ],
        "edge_distance_lat": [
          -3.2,
          2.3
        ]
      },
      "geometry": {
        "type": "LineString",
        "coordinates": [
          [
            110.6477602879233,
            35.605252466171876
          ],
          [
            110.6477609856752,
            35.60500043052129
          ]
        ]
      }
    },
    {
      "type": "Feature",
      "properties": {
        "kind": "bridge",
        "connector_id": "bridge_10A-11B",
        "edge_distance_lon": [
          0.1,
          0.1
        ],
        "edge_distance_lat": [
          0.1,
          0.1
        ]
      },
      "geometry": {
        "type": "LineString",
        "coordinates": [
          [
            110.64776160546539,
            35.60485301059596
          ],
          [
            110.64776265157377,
            35.60475014299974
          ]
        ]
      }
    },
    {
      "type": "Feature",
      "properties": {
        "kind": "bridge",
        "connector_id": "bridge_11A-12B",
        "edge_distance_lon": [
          0.1,
          0.1
        ],
        "edge_distance_lat": [
          0.1,
          0.1
        ]
      },
      "geometry": {
        "type": "LineString",
        "coordinates": [
          [
            110.64776313280512,
            35.60452749634761
          ],
          [
            110.64776416327175,
            35.60442191035046
          ]
        ]
      }
    },
    {
      "type": "Feature",
      "properties": {
        "kind": "bridge",
        "connector_id": "bridge_12A-13B",
        "edge_distance_lon": [
          0.1,
          0.1
        ],
        "edge_distance_lat": [
          0.1,
          0.1
        ]
      },
      "geometry": {
        "type": "LineString",
        "coordinates": [
          [
            110.64776463744738,
            35.60429273226822
          ],
          [
            110.64776464459975,
            35.60426221780848
          ]
        ]
      }
    },
    {
      "type": "Feature",
      "properties": {
        "kind": "bridge",
        "connector_id": "bridge_13A-14B",
        "edge_distance_lon": [
          0.1,
          0.1
        ],
        "edge_distance_lat": [
          0.1,
          0.1
        ]
      },
      "geometry": {
        "type": "LineString",
        "coordinates": [
          [
            110.64776491482968,
            35.60415389596566
          ],
          [
            110.64776557275421,
            35.60404401827957
          ]
        ]
      }
    },
    {
      "type": "Feature",
      "properties": {
        "kind": "bridge",
        "connector_id": "bridge_14A-15B",
        "edge_distance_lon": [
          0.1,
          0.1
        ],
        "edge_distance_lat": [
          0.1,
          -0.3
        ]
      },
      "geometry": {
        "type": "LineString",
        "coordinates": [
          [
            110.64776723843342,
            35.603863009383225
          ],
          [
            110.64776678225708,
            35.60382802136538
          ]
        ]
      }
    },
    {
      "type": "Feature",
      "properties": {
        "kind": "bridge",
        "connector_id": "bridge_15-16B",
        "edge_distance_lon": [
          0.1,
          0.1
        ],
        "edge_distance_lat": [
          0.1,
          0.1
        ],
        "from_region": "E15",
        "to_region": "E16"
      },
      "geometry": {
        "type": "LineString",
        "coordinates": [
          [
            110.64776705903036,
            35.60371975122639
          ],
          [
            110.6477676095043,
            35.60360864241737
          ],
          [
            110.64776805468944,
            35.603593856235435
          ]
        ]
      }
    },
    {
      "type": "Feature",
      "properties": {
        "kind": "bridge",
        "connector_id": "bridge_16A-17downB",
        "edge_distance_lon": [
          0.1,
          0.1
        ],
        "edge_distance_lat": [
          0.1,
          -0.3
        ],
        "from_region": "E16",
        "to_region": "E17_up"
      },
      "geometry": {
        "type": "LineString",
        "coordinates": [
          [
            110.64776810603713,
            35.60346909433307
          ],
          [
            110.64776797468316,
            35.60344504040682
          ],
          [
            110.64745903544897,
            35.603444553849876
          ],
          [
            110.64742449566111,
            35.603444344219525
          ]
        ]
      }
    },
    {
      "type": "Feature",
      "properties": {
        "kind": "bridge",
        "connector_id": "E17_upB_downC",
        "edge_distance_lon": [
          0.3,
          0.3
        ],
        "edge_distance_lat": [
          0.0,
          0.0
        ],
        "from_region": "E17_up",
        "to_region": "E17_down"
      },
      "geometry": {
        "type": "LineString",
        "coordinates": [
          [
            110.64742449566111,
            35.603444344219525
          ],
          [
            110.64745903544897,
            35.603444553849876
          ]
        ]
      }
    },
    {
      "type": "Feature",
      "properties": {
        "kind": "bridge",
        "connector_id": "bridge_17A-18B",
        "edge_distance_lon": [
          0.1,
          0.1
        ],
        "edge_distance_lat": [
          0.1,
          -0.3
        ],
        "from_region": "E17_down",
        "to_region": "E18"
      },
      "geometry": {
        "type": "LineString",
        "coordinates": [
          [
            110.64776897053187,
            35.603305884061356
          ],
          [
            110.64776922016449,
            35.60327065277348
          ]
        ]
      }
    },
    {
      "type": "Feature",
      "properties": {
        "kind": "bridge",
        "connector_id": "back_18B-17A_stop",
        "edge_distance_lon": [
          0.1,
          0.1
        ],
        "edge_distance_lat": [
          0.1,
          0.1
        ]
      },
      "geometry": {
        "type": "LineString",
        "coordinates": [
          [
            110.64776922016449,
            35.60327065277348
          ],
          [
            110.64776897053187,
            35.603305884061356
          ]
        ]
      }
    },
    {
      "type": "Feature",
      "properties": {
        "kind": "bridge",
        "connector_id": "back_17B-16A",
        "edge_distance_lon": [
          0.1,
          0.1
        ],
        "edge_distance_lat": [
          0.1,
          0.1
        ]
      },
      "geometry": {
        "type": "LineString",
        "coordinates": [
          [
            110.64776797468316,
            35.60344504040682
          ],
          [
            110.64776810603713,
            35.60346909433307
          ]
        ]
      }
    },
    {
      "type": "Feature",
      "properties": {
        "kind": "bridge",
        "connector_id": "back_16B-15A",
        "edge_distance_lon": [
          0.1,
          0.1
        ],
        "edge_distance_lat": [
          0.1,
          0.1
        ]
      },
      "geometry": {
        "type": "LineString",
        "coordinates": [
          [
            110.6477676095043,
            35.60360864241737
          ],
          [
            110.64776705903036,
            35.60371975122639
          ]
        ]
      }
    },
    {
      "type": "Feature",
      "properties": {
        "kind": "bridge",
        "connector_id": "back_15B-14A",
        "edge_distance_lon": [
          0.1,
          0.1
        ],
        "edge_distance_lat": [
          0.1,
          0.1
        ]
      },
      "geometry": {
        "type": "LineString",
        "coordinates": [
          [
            110.64776678225708,
            35.60382802136538
          ],
          [
            110.64776723843342,
            35.603863009383225
          ]
        ]
      }
    },
    {
      "type": "Feature",
      "properties": {
        "kind": "bridge",
        "connector_id": "back_14B-13A",
        "edge_distance_lon": [
          0.1,
          0.1
        ],
        "edge_distance_lat": [
          0.1,
          0.1
        ]
      },
      "geometry": {
        "type": "LineString",
        "coordinates": [
          [
            110.64776557275421,
            35.60404401827957
          ],
          [
            110.64776491482968,
            35.60415389596566
          ]
        ]
      }
    },
    {
      "type": "Feature",
      "properties": {
        "kind": "bridge",
        "connector_id": "back_13B-12A",
        "edge_distance_lon": [
          0.1,
          0.1
        ],
        "edge_distance_lat": [
          0.1,
          0.1
        ]
      },
      "geometry": {
        "type": "LineString",
        "coordinates": [
          [
            110.64776464459975,
            35.60426221780848
          ],
          [
            110.64776463744738,
            35.60429273226822
          ]
        ]
      }
    },
    {
      "type": "Feature",
      "properties": {
        "kind": "bridge",
        "connector_id": "back_12B-11A",
        "edge_distance_lon": [
          0.1,
          0.1
        ],
        "edge_distance_lat": [
          0.1,
          0.1
        ]
      },
      "geometry": {
        "type": "LineString",
        "coordinates": [
          [
            110.64776416327175,
            35.60442191035046
          ],
          [
            110.64776313280512,
            35.60452749634761
          ]
        ]
      }
    },
    {
      "type": "Feature",
      "properties": {
        "kind": "bridge",
        "connector_id": "back_11B-10A",
        "edge_distance_lon": [
          0.1,
          0.1
        ],
        "edge_distance_lat": [
          0.1,
          0.1
        ]
      },
      "geometry": {
        "type": "LineString",
        "coordinates": [
          [
            110.64776265157377,
            35.60475014299974
          ],
          [
            110.64776183179559,
            35.604852917286685
          ]
        ]
      }
    },
    {
      "type": "Feature",
      "properties": {
        "kind": "bridge",
        "connector_id": "back_9A-8B",
        "edge_distance_lon": [
          0.1,
          0.1
        ],
        "edge_distance_lat": [
          0.1,
          -3.6
        ]
      },
      "geometry": {
        "type": "LineString",
        "coordinates": [
          [
            110.6477609856752,
            35.60500043052129
          ],
          [
            110.6477602879233,
            35.605252466171876
          ]
        ]
      }
    },
    {
      "type": "Feature",
      "properties": {
        "kind": "bridge",
        "connector_id": "back_7A-7bA",
        "edge_distance_lon": [
          0.3,
          0.3
        ],
        "edge_distance_lat": [
          0.6,
          0.1
        ]
      },
      "geometry": {
        "type": "LineString",
        "coordinates": [
          [
            110.64776001450005,
            35.605286952396405
          ],
          [
            110.64741623970805,
            35.605286201553355
          ]
        ]
      }
    },
    {
      "type": "Feature",
      "properties": {
        "kind": "bridge",
        "connector_id": "back_7bB-6A",
        "edge_distance_lon": [
          0.1,
          0.1
        ],
        "edge_distance_lat": [
          0.1,
          0.1
        ]
      },
      "geometry": {
        "type": "LineString",
        "coordinates": [
          [
            110.64741521205767,
            35.605467251897565
          ],
          [
            110.64741690256913,
            35.605502653578235
          ]
        ]
      }
    },
    {
      "type": "Feature",
      "properties": {
        "kind": "bridge",
        "connector_id": "back_6B-5A",
        "edge_distance_lon": [
          0.1,
          0.1
        ],
        "edge_distance_lat": [
          0.1,
          0.1
        ]
      },
      "geometry": {
        "type": "LineString",
        "coordinates": [
          [
            110.64741642174106,
            35.60568374013546
          ],
          [
            110.64741639744143,
            35.60571753896705
          ]
        ]
      }
    },
    {
      "type": "Feature",
      "properties": {
        "kind": "bridge",
        "connector_id": "back_5B-4A",
        "edge_distance_lon": [
          0.1,
          0.1
        ],
        "edge_distance_lat": [
          0.1,
          0.1
        ]
      },
      "geometry": {
        "type": "LineString",
        "coordinates": [
          [
            110.64741549006075,
            35.60589856772437
          ],
          [
            110.64741564488955,
            35.605933355288805
          ]
        ]
      }
    },
    {
      "type": "Feature",
      "properties": {
        "index": 0,
        "sequence": 0,
        "kind": "connector",
        "length_m": 23.747191,
        "connector_id": "bridge_5B-6B"
      },
      "geometry": {
        "type": "LineString",
        "coordinates": [
          [
            110.64741549006075,
            35.60589856772437
          ],
          [
            110.64741642174106,
            35.60568374013546
          ]
        ]
      }
    },
    {
      "type": "Feature",
      "properties": {
        "index": 1,
        "sequence": 1,
        "kind": "connector",
        "length_m": 3.916292,
        "connector_id": "bridge_6A-7bB"
      },
      "geometry": {
        "type": "LineString",
        "coordinates": [
          [
            110.64741690256913,
            35.605502653578235
          ],
          [
            110.64741521205767,
            35.605467251897565
          ]
        ]
      }
    },
    {
      "type": "Feature",
      "properties": {
        "index": 2,
        "sequence": 2,
        "kind": "connector",
        "length_m": 31.115234,
        "connector_id": "bridge_7bA-7A"
      },
      "geometry": {
        "type": "LineString",
        "coordinates": [
          [
            110.64741623970805,
            35.605286201553355
          ],
          [
            110.64776001450005,
            35.605286952396405
          ]
        ]
      }
    },
    {
      "type": "Feature",
      "properties": {
        "index": 3,
        "sequence": 3,
        "kind": "connector",
        "length_m": 27.860092,
        "connector_id": "bridge_8B-9A"
      },
      "geometry": {
        "type": "LineString",
        "coordinates": [
          [
            110.6477602879233,
            35.605252466171876
          ],
          [
            110.6477609856752,
            35.60500043052129
          ]
        ]
      }
    },
    {
      "type": "Feature",
      "properties": {
        "index": 4,
        "sequence": 4,
        "kind": "connector",
        "length_m": 11.371378,
        "connector_id": "bridge_10A-11B"
      },
      "geometry": {
        "type": "LineString",
        "coordinates": [
          [
            110.64776160546539,
            35.60485301059596
          ],
          [
            110.64776265157377,
            35.60475014299974
          ]
        ]
      }
    },
    {
      "type": "Feature",
      "properties": {
        "index": 5,
        "sequence": 5,
        "kind": "connector",
        "length_m": 11.671849,
        "connector_id": "bridge_11A-12B"
      },
      "geometry": {
        "type": "LineString",
        "coordinates": [
          [
            110.64776313280512,
            35.60452749634761
          ],
          [
            110.64776416327175,
            35.60442191035046
          ]
        ]
      }
    },
    {
      "type": "Feature",
      "properties": {
        "index": 6,
        "sequence": 6,
        "kind": "connector",
        "length_m": 3.373068,
        "connector_id": "bridge_12A-13B"
      },
      "geometry": {
        "type": "LineString",
        "coordinates": [
          [
            110.64776463744738,
            35.60429273226822
          ],
          [
            110.64776464459975,
            35.60426221780848
          ]
        ]
      }
    },
    {
      "type": "Feature",
      "properties": {
        "index": 7,
        "sequence": 7,
        "kind": "connector",
        "length_m": 12.146025,
        "connector_id": "bridge_13A-14B"
      },
      "geometry": {
        "type": "LineString",
        "coordinates": [
          [
            110.64776491482968,
            35.60415389596566
          ],
          [
            110.64776557275421,
            35.60404401827957
          ]
        ]
      }
    },
    {
      "type": "Feature",
      "properties": {
        "index": 8,
        "sequence": 8,
        "kind": "connector",
        "length_m": 3.867796,
        "connector_id": "bridge_14A-15B"
      },
      "geometry": {
        "type": "LineString",
        "coordinates": [
          [
            110.64776723843342,
            35.603863009383225
          ],
          [
            110.64776678225708,
            35.60382802136538
          ]
        ]
      }
    },
    {
      "type": "Feature",
      "properties": {
        "index": 9,
        "sequence": 9,
        "kind": "coverage",
        "length_m": 27.978364,
        "region_id": "E15"
      },
      "geometry": {
        "type": "LineString",
        "coordinates": [
          [
            110.64775246487461,
            35.60381015528628
          ],
          [
            110.64744334698466,
            35.60380970849826
          ]
        ]
      }
    },
    {
      "type": "Feature",
      "properties": {
        "index": 10,
        "sequence": 10,
        "kind": "connector",
        "length_m": 2.986533,
        "region_id": "E15"
      },
      "geometry": {
        "type": "LineString",
        "coordinates": [
          [
            110.64744334698466,
            35.60380970849826
          ],
          [
            110.64741035039242,
            35.60380966080616
          ]
        ]
      }
    },
    {
      "type": "Feature",
      "properties": {
        "index": 11,
        "sequence": 11,
        "kind": "coverage",
        "length_m": 10.998972,
        "region_id": "E15"
      },
      "geometry": {
        "type": "LineString",
        "coordinates": [
          [
            110.64741035039242,
            35.60380966080616
          ],
          [
            110.64728882867206,
            35.60380948516298
          ]
        ]
      }
    },
    {
      "type": "Feature",
      "properties": {
        "index": 12,
        "sequence": 12,
        "kind": "connector",
        "length_m": 1.000446,
        "region_id": "E15"
      },
      "geometry": {
        "type": "LineString",
        "coordinates": [
          [
            110.64728882867206,
            35.60380948516298
          ],
          [
            110.64728882374797,
            35.603809485155864
          ],
          [
            110.64728884325096,
            35.60380043867095
          ]
        ]
      }
    },
    {
      "type": "Feature",
      "properties": {
        "index": 13,
        "sequence": 13,
        "kind": "coverage",
        "length_m": 10.998972,
        "region_id": "E15"
      },
      "geometry": {
        "type": "LineString",
        "coordinates": [
          [
            110.64728884325096,
            35.60380043867095
          ],
          [
            110.64741036497132,
            35.60380061431413
          ]
        ]
      }
    },
    {
      "type": "Feature",
      "properties": {
        "index": 14,
        "sequence": 14,
        "kind": "connector",
        "length_m": 2.987306,
        "region_id": "E15"
      },
      "geometry": {
        "type": "LineString",
        "coordinates": [
          [
            110.64741036497132,
            35.60380061431413
          ],
          [
            110.64744337011037,
            35.603800662018585
          ]
        ]
      }
    },
    {
      "type": "Feature",
      "properties": {
        "index": 15,
        "sequence": 15,
        "kind": "coverage",
        "length_m": 27.978364,
        "region_id": "E15"
      },
      "geometry": {
        "type": "LineString",
        "coordinates": [
          [
            110.64744337011037,
            35.603800662018585
          ],
          [
            110.64775248800032,
            35.60380110880661
          ]
        ]
      }
    },
    {
      "type": "Feature",
      "properties": {
        "index": 16,
        "sequence": 16,
        "kind": "connector",
        "length_m": 1.000328,
        "region_id": "E15"
      },
      "geometry": {
        "type": "LineString",
        "coordinates": [
          [
            110.64775248800032,
            35.60380110880661
          ],
          [
            110.64775249162304,
            35.603801108811844
          ],
          [
            110.64775251112603,
            35.60379206232693
          ]
        ]
      }
    },
    {
      "type": "Feature",
      "properties": {
        "index": 17,
        "sequence": 17,
        "kind": "coverage",
        "length_m": 27.978364,
        "region_id": "E15"
      },
      "geometry": {
        "type": "LineString",
        "coordinates": [
          [
            110.64775251112603,
            35.60379206232693
          ],
          [
            110.64744339323609,
            35.60379161553891
          ]
        ]
      }
    },
    {
      "type": "Feature",
      "properties": {
        "index": 18,
        "sequence": 18,
        "kind": "connector",
        "length_m": 2.98808,
        "region_id": "E15"
      },
      "geometry": {
        "type": "LineString",
        "coordinates": [
          [
            110.64744339323609,
            35.60379161553891
          ],
          [
            110.64741037955022,
            35.60379156782211
          ]
        ]
      }
    },
    {
      "type": "Feature",
      "properties": {
        "index": 19,
        "sequence": 19,
        "kind": "coverage",
        "length_m": 10.998972,
        "region_id": "E15"
      },
      "geometry": {
        "type": "LineString",
        "coordinates": [
          [
            110.64741037955022,
            35.60379156782211
          ],
          [
            110.64728885782986,
            35.60379139217893
          ]
        ]
      }
    },
    {
      "type": "Feature",
      "properties": {
        "index": 20,
        "sequence": 20,
        "kind": "connector",
        "length_m": 1.000446,
        "region_id": "E15"
      },
      "geometry": {
        "type": "LineString",
        "coordinates": [
          [
            110.64728885782986,
            35.60379139217893
          ],
          [
            110.64728885290577,
            35.60379139217181
          ],
          [
            110.64728887240877,
            35.603782345686895
          ]
        ]
      }
    },
    {
      "type": "Feature",
      "properties": {
        "index": 21,
        "sequence": 21,
        "kind": "coverage",
        "length_m": 10.998972,
        "region_id": "E15"
      },
      "geometry": {
        "type": "LineString",
        "coordinates": [
          [
            110.64728887240877,
            35.603782345686895
          ],
          [
            110.64741039412912,
            35.603782521330075
          ]
        ]
      }
    },
    {
      "type": "Feature",
      "properties": {
        "index": 22,
        "sequence": 22,
        "kind": "connector",
        "length_m": 2.988853,
        "region_id": "E15"
      },
      "geometry": {
        "type": "LineString",
        "coordinates": [
          [
            110.64741039412912,
            35.603782521330075
          ],
          [
            110.6474434163618,
            35.60378256905924
          ]
        ]
      }
    },
    {
      "type": "Feature",
      "properties": {
        "index": 23,
        "sequence": 23,
        "kind": "coverage",
        "length_m": 27.978364,
        "region_id": "E15"
      },
      "geometry": {
        "type": "LineString",
        "coordinates": [
          [
            110.6474434163618,
            35.60378256905924
          ],
          [
            110.64775253425174,
            35.60378301584726
          ]
        ]
      }
    },
    {
      "type": "Feature",
      "properties": {
        "index": 24,
        "sequence": 24,
        "kind": "connector",
        "length_m": 1.000328,
        "region_id": "E15"
      },
      "geometry": {
        "type": "LineString",
        "coordinates": [
          [
            110.64775253425174,
            35.60378301584726
          ],
          [
            110.64775253787445,
            35.6037830158525
          ],
          [
            110.64775255737744,
            35.60377396936759
          ]
        ]
      }
    },
    {
      "type": "Feature",
      "properties": {
        "index": 25,
        "sequence": 25,
        "kind": "coverage",
        "length_m": 27.978364,
        "region_id": "E15"
      },
      "geometry": {
        "type": "LineString",
        "coordinates": [
          [
            110.64775255737744,
            35.60377396936759
          ],
          [
            110.6474434394875,
            35.603773522579566
          ]
        ]
      }
    },
    {
      "type": "Feature",
      "properties": {
        "index": 26,
        "sequence": 26,
        "kind": "connector",
        "length_m": 2.989627,
        "region_id": "E15"
      },
      "geometry": {
        "type": "LineString",
        "coordinates": [
          [
            110.6474434394875,
            35.603773522579566
          ],
          [
            110.64741040870803,
            35.60377347483805
          ]
        ]
      }
    },
    {
      "type": "Feature",
      "properties": {
        "index": 27,
        "sequence": 27,
        "kind": "coverage",
        "length_m": 10.998972,
        "region_id": "E15"
      },
      "geometry": {
        "type": "LineString",
        "coordinates": [
          [
            110.64741040870803,
            35.60377347483805
          ],
          [
            110.64728888698767,
            35.60377329919487
          ]
        ]
      }
    },
    {
      "type": "Feature",
      "properties": {
        "index": 28,
        "sequence": 28,
        "kind": "connector",
        "length_m": 1.000446,
        "region_id": "E15"
      },
      "geometry": {
        "type": "LineString",
        "coordinates": [
          [
            110.64728888698767,
            35.60377329919487
          ],
          [
            110.64728888206359,
            35.60377329918775
          ],
          [
            110.64728890156658,
            35.603764252702845
          ]
        ]
      }
    },
    {
      "type": "Feature",
      "properties": {
        "index": 29,
        "sequence": 29,
        "kind": "coverage",
        "length_m": 10.998972,
        "region_id": "E15"
      },
      "geometry": {
        "type": "LineString",
        "coordinates": [
          [
            110.64728890156658,
            35.603764252702845
          ],
          [
            110.64741042328693,
            35.60376442834602
          ]
        ]
      }
    },
    {
      "type": "Feature",
      "properties": {
        "index": 30,
        "sequence": 30,
        "kind": "connector",
        "length_m": 2.9904,
        "region_id": "E15"
      },
      "geometry": {
        "type": "LineString",
        "coordinates": [
          [
            110.64741042328693,
            35.60376442834602
          ],
          [
            110.64744346261321,
            35.60376447609989
          ]
        ]
      }
    },
    {
      "type": "Feature",
      "properties": {
        "index": 31,
        "sequence": 31,
        "kind": "coverage",
        "length_m": 27.978364,
        "region_id": "E15"
      },
      "geometry": {
        "type": "LineString",
        "coordinates": [
          [
            110.64744346261321,
            35.60376447609989
          ],
          [
            110.64775258050315,
            35.60376492288791
          ]
        ]
      }
    },
    {
      "type": "Feature",
      "properties": {
        "index": 32,
        "sequence": 32,
        "kind": "connector",
        "length_m": 1.000328,
        "region_id": "E15"
      },
      "geometry": {
        "type": "LineString",
        "coordinates": [
          [
            110.64775258050315,
            35.60376492288791
          ],
          [
            110.64775258412588,
            35.60376492289315
          ],
          [
            110.64775260362887,
            35.603755876408236
          ]
        ]
      }
    },
    {
      "type": "Feature",
      "properties": {
        "index": 33,
        "sequence": 33,
        "kind": "coverage",
        "length_m": 27.978364,
        "region_id": "E15"
      },
      "geometry": {
        "type": "LineString",
        "coordinates": [
          [
            110.64775260362887,
            35.603755876408236
          ],
          [
            110.64744348573892,
            35.603755429620215
          ]
        ]
      }
    },
    {
      "type": "Feature",
      "properties": {
        "index": 34,
        "sequence": 34,
        "kind": "connector",
        "length_m": 2.991174,
        "region_id": "E15"
      },
      "geometry": {
        "type": "LineString",
        "coordinates": [
          [
            110.64744348573892,
            35.603755429620215
          ],
          [
            110.64741043786584,
            35.60375538185399
          ]
        ]
      }
    },
    {
      "type": "Feature",
      "properties": {
        "index": 35,
        "sequence": 35,
        "kind": "coverage",
        "length_m": 10.998972,
        "region_id": "E15"
      },
      "geometry": {
        "type": "LineString",
        "coordinates": [
          [
            110.64741043786584,
            35.60375538185399
          ],
          [
            110.64728891614548,
            35.60375520621081
          ]
        ]
      }
    },
    {
      "type": "Feature",
      "properties": {
        "index": 36,
        "sequence": 36,
        "kind": "connector",
        "length_m": 1.000446,
        "region_id": "E15"
      },
      "geometry": {
        "type": "LineString",
        "coordinates": [
          [
            110.64728891614548,
            35.60375520621081
          ],
          [
            110.6472889112214,
            35.603755206203694
          ],
          [
            110.64728893072439,
            35.60374615971879
          ]
        ]
      }
    },
    {
      "type": "Feature",
      "properties": {
        "index": 37,
        "sequence": 37,
        "kind": "coverage",
        "length_m": 10.998972,
        "region_id": "E15"
      },
      "geometry": {
        "type": "LineString",
        "coordinates": [
          [
            110.64728893072439,
            35.60374615971879
          ],
          [
            110.64741045244475,
            35.60374633536197
          ]
        ]
      }
    },
    {
      "type": "Feature",
      "properties": {
        "index": 38,
        "sequence": 38,
        "kind": "connector",
        "length_m": 2.991948,
        "region_id": "E15"
      },
      "geometry": {
        "type": "LineString",
        "coordinates": [
          [
            110.64741045244475,
            35.60374633536197
          ],
          [
            110.64744350886464,
            35.60374638314054
          ]
        ]
      }
    },
    {
      "type": "Feature",
      "properties": {
        "index": 39,
        "sequence": 39,
        "kind": "coverage",
        "length_m": 27.978364,
        "region_id": "E15"
      },
      "geometry": {
        "type": "LineString",
        "coordinates": [
          [
            110.64744350886464,
            35.60374638314054
          ],
          [
            110.64775262675458,
            35.60374682992856
          ]
        ]
      }
    },
    {
      "type": "Feature",
      "properties": {
        "index": 40,
        "sequence": 40,
        "kind": "connector",
        "length_m": 1.000328,
        "region_id": "E15"
      },
      "geometry": {
        "type": "LineString",
        "coordinates": [
          [
            110.64775262675458,
            35.60374682992856
          ],
          [
            110.6477526303773,
            35.6037468299338
          ],
          [
            110.64775264988029,
            35.60373778344889
          ]
        ]
      }
    },
    {
      "type": "Feature",
      "properties": {
        "index": 41,
        "sequence": 41,
        "kind": "coverage",
        "length_m": 27.978364,
        "region_id": "E15"
      },
      "geometry": {
        "type": "LineString",
        "coordinates": [
          [
            110.64775264988029,
            35.60373778344889
          ],
          [
            110.64744353199035,
            35.60373733666087
          ]
        ]
      }
    },
    {
      "type": "Feature",
      "properties": {
        "index": 42,
        "sequence": 42,
        "kind": "connector",
        "length_m": 2.992721,
        "region_id": "E15"
      },
      "geometry": {
        "type": "LineString",
        "coordinates": [
          [
            110.64744353199035,
            35.60373733666087
          ],
          [
            110.64741046702365,
            35.60373728886994
          ]
        ]
      }
    },
    {
      "type": "Feature",
      "properties": {
        "index": 43,
        "sequence": 43,
        "kind": "coverage",
        "length_m": 10.998972,
        "region_id": "E15"
      },
      "geometry": {
        "type": "LineString",
        "coordinates": [
          [
            110.64741046702365,
            35.60373728886994
          ],
          [
            110.64728894530329,
            35.60373711322676
          ]
        ]
      }
    },
    {
      "type": "Feature",
      "properties": {
        "index": 44,
        "sequence": 44,
        "kind": "connector",
        "length_m": 3.001337,
        "region_id": "E15"
      },
      "geometry": {
        "type": "LineString",
        "coordinates": [
          [
            110.64728894530329,
            35.60373711322676
          ],
          [
            110.64728893053103,
            35.603737113205405
          ],
          [
            110.64728898904,
            35.603709973750675
          ]
        ]
      }
    },
    {
      "type": "Feature",
      "properties": {
        "index": 45,
        "sequence": 45,
        "kind": "coverage",
        "length_m": 10.998972,
        "region_id": "E15"
      },
      "geometry": {
        "type": "LineString",
        "coordinates": [
          [
            110.64728898904,
            35.603709973750675
          ],
          [
            110.64741051076035,
            35.603710149393855
          ]
        ]
      }
    },
    {
      "type": "Feature",
      "properties": {
        "index": 46,
        "sequence": 46,
        "kind": "connector",
        "length_m": 1.000446,
        "region_id": "E15"
      },
      "geometry": {
        "type": "LineString",
        "coordinates": [
          [
            110.64741051076035,
            35.603710149393855
          ],
          [
            110.64741051568444,
            35.603710149400975
          ],
          [
            110.64741049618145,
            35.60371919588589
          ]
        ]
      }
    },
    {
      "type": "Feature",
      "properties": {
        "index": 47,
        "sequence": 47,
        "kind": "coverage",
        "length_m": 10.998972,
        "region_id": "E15"
      },
      "geometry": {
        "type": "LineString",
        "coordinates": [
          [
            110.64741049618145,
            35.60371919588589
          ],
          [
            110.64728897446109,
            35.60371902024271
          ]
        ]
      }
    },
    {
      "type": "Feature",
      "properties": {
        "index": 48,
        "sequence": 48,
        "kind": "connector",
        "length_m": 1.000446,
        "region_id": "E15"
      },
      "geometry": {
        "type": "LineString",
        "coordinates": [
          [
            110.64728897446109,
            35.60371902024271
          ],
          [
            110.64728897938518,
            35.60371902024982
          ],
          [
            110.64728895988219,
            35.60372806673473
          ]
        ]
      }
    },
    {
      "type": "Feature",
      "properties": {
        "index": 49,
        "sequence": 49,
        "kind": "coverage",
        "length_m": 10.998972,
        "region_id": "E15"
      },
      "geometry": {
        "type": "LineString",
        "coordinates": [
          [
            110.64728895988219,
            35.60372806673473
          ],
          [
            110.64741048160255,
            35.60372824237791
          ]
        ]
      }
    },
    {
      "type": "Feature",
      "properties": {
        "index": 50,
        "sequence": 50,
        "kind": "connector",
        "length_m": 2.993495,
        "region_id": "E15"
      },
      "geometry": {
        "type": "LineString",
        "coordinates": [
          [
            110.64741048160255,
            35.60372824237791
          ],
          [
            110.64744355511606,
            35.603728290181195
          ]
        ]
      }
    },
    {
      "type": "Feature",
      "properties": {
        "index": 51,
        "sequence": 51,
        "kind": "coverage",
        "length_m": 27.978364,
        "region_id": "E15"
      },
      "geometry": {
        "type": "LineString",
        "coordinates": [
          [
            110.64744355511606,
            35.603728290181195
          ],
          [
            110.647752673006,
            35.60372873696922
          ]
        ]
      }
    },
    {
      "type": "Feature",
      "properties": {
        "index": 52,
        "sequence": 52,
        "kind": "connector",
        "length_m": 17.531399,
        "connector_id": "bridge_15-16B",
        "from_region": "E15",
        "to_region": "E16"
      },
      "geometry": {
        "type": "LineString",
        "coordinates": [
          [
            110.647752673006,
            35.60372873696922
          ],
          [
            110.64776705903036,
            35.60371975122639
          ],
          [
            110.64776706351229,
            35.60371884658394
          ],
          [
            110.64776758632908,
            35.60360853613418
          ],
          [
            110.64776802783256,
            35.603593856228024
          ],
          [
            110.64775369721922,
            35.60358036230096
          ]
        ]
      }
    },
    {
      "type": "Feature",
      "properties": {
        "index": 53,
        "sequence": 53,
        "kind": "coverage",
        "length_m": 42.005931,
        "region_id": "E16"
      },
      "geometry": {
        "type": "LineString",
        "coordinates": [
          [
            110.64775369721922,
            35.60358036230096
          ],
          [
            110.64728959558552,
            35.60358023424217
          ]
        ]
      }
    },
    {
      "type": "Feature",
      "properties": {
        "index": 54,
        "sequence": 54,
        "kind": "connector",
        "length_m": 1.0,
        "region_id": "E16"
      },
      "geometry": {
        "type": "LineString",
        "coordinates": [
          [
            110.64728959558552,
            35.60358023424217
          ],
          [
            110.64728959930875,
            35.60357118774368
          ]
        ]
      }
    },
    {
      "type": "Feature",
      "properties": {
        "index": 55,
        "sequence": 55,
        "kind": "coverage",
        "length_m": 42.005931,
        "region_id": "E16"
      },
      "geometry": {
        "type": "LineString",
        "coordinates": [
          [
            110.64728959930875,
            35.60357118774368
          ],
          [
            110.64775370094245,
            35.60357131580247
          ]
        ]
      }
    },
    {
      "type": "Feature",
      "properties": {
        "index": 56,
        "sequence": 56,
        "kind": "connector",
        "length_m": 1.0,
        "region_id": "E16"
      },
      "geometry": {
        "type": "LineString",
        "coordinates": [
          [
            110.64775370094245,
            35.60357131580247
          ],
          [
            110.64775370466567,
            35.60356226930398
          ]
        ]
      }
    },
    {
      "type": "Feature",
      "properties": {
        "index": 57,
        "sequence": 57,
        "kind": "coverage",
        "length_m": 42.005931,
        "region_id": "E16"
      },
      "geometry": {
        "type": "LineString",
        "coordinates": [
          [
            110.64775370466567,
            35.60356226930398
          ],
          [
            110.64728960303196,
            35.60356214124519
          ]
        ]
      }
    },
    {
      "type": "Feature",
      "properties": {
        "index": 58,
        "sequence": 58,
        "kind": "connector",
        "length_m": 1.0,
        "region_id": "E16"
      },
      "geometry": {
        "type": "LineString",
        "coordinates": [
          [
            110.64728960303196,
            35.60356214124519
          ],
          [
            110.6472896067552,
            35.6035530947467
          ]
        ]
      }
    },
    {
      "type": "Feature",
      "properties": {
        "index": 59,
        "sequence": 59,
        "kind": "coverage",
        "length_m": 42.005931,
        "region_id": "E16"
      },
      "geometry": {
        "type": "LineString",
        "coordinates": [
          [
            110.6472896067552,
            35.6035530947467
          ],
          [
            110.64775370838889,
            35.60355322280549
          ]
        ]
      }
    },
    {
      "type": "Feature",
      "properties": {
        "index": 60,
        "sequence": 60,
        "kind": "connector",
        "length_m": 1.0,
        "region_id": "E16"
      },
      "geometry": {
        "type": "LineString",
        "coordinates": [
          [
            110.64775370838889,
            35.60355322280549
          ],
          [
            110.64775371211212,
            35.603544176307
          ]
        ]
      }
    },
    {
      "type": "Feature",
      "properties": {
        "index": 61,
        "sequence": 61,
        "kind": "coverage",
        "length_m": 42.005931,
        "region_id": "E16"
      },
      "geometry": {
        "type": "LineString",
        "coordinates": [
          [
            110.64775371211212,
            35.603544176307
          ],
          [
            110.64728961047842,
            35.60354404824821
          ]
        ]
      }
    },
    {
      "type": "Feature",
      "properties": {
        "index": 62,
        "sequence": 62,
        "kind": "connector",
        "length_m": 1.0,
        "region_id": "E16"
      },
      "geometry": {
        "type": "LineString",
        "coordinates": [
          [
            110.64728961047842,
            35.60354404824821
          ],
          [
            110.64728961420165,
            35.60353500174972
          ]
        ]
      }
    },
    {
      "type": "Feature",
      "properties": {
        "index": 63,
        "sequence": 63,
        "kind": "coverage",
        "length_m": 42.005931,
        "region_id": "E16"
      },
      "geometry": {
        "type": "LineString",
        "coordinates": [
          [
            110.64728961420165,
            35.60353500174972
          ],
          [
            110.64775371583535,
            35.603535129808506
          ]
        ]
      }
    },
    {
      "type": "Feature",
      "properties": {
        "index": 64,
        "sequence": 64,
        "kind": "connector",
        "length_m": 1.0,
        "region_id": "E16"
      },
      "geometry": {
        "type": "LineString",
        "coordinates": [
          [
            110.64775371583535,
            35.603535129808506
          ],
          [
            110.64775371955858,
            35.603526083310015
          ]
        ]
      }
    },
    {
      "type": "Feature",
      "properties": {
        "index": 65,
        "sequence": 65,
        "kind": "coverage",
        "length_m": 42.005931,
        "region_id": "E16"
      },
      "geometry": {
        "type": "LineString",
        "coordinates": [
          [
            110.64775371955858,
            35.603526083310015
          ],
          [
            110.64728961792488,
            35.60352595525123
          ]
        ]
      }
    },
    {
      "type": "Feature",
      "properties": {
        "index": 66,
        "sequence": 66,
        "kind": "connector",
        "length_m": 1.0,
        "region_id": "E16"
      },
      "geometry": {
        "type": "LineString",
        "coordinates": [
          [
            110.64728961792488,
            35.60352595525123
          ],
          [
            110.6472896216481,
            35.60351690875274
          ]
        ]
      }
    },
    {
      "type": "Feature",
      "properties": {
        "index": 67,
        "sequence": 67,
        "kind": "coverage",
        "length_m": 42.005931,
        "region_id": "E16"
      },
      "geometry": {
        "type": "LineString",
        "coordinates": [
          [
            110.6472896216481,
            35.60351690875274
          ],
          [
            110.64775372328181,
            35.603517036811525
          ]
        ]
      }
    },
    {
      "type": "Feature",
      "properties": {
        "index": 68,
        "sequence": 68,
        "kind": "connector",
        "length_m": 1.0,
        "region_id": "E16"
      },
      "geometry": {
        "type": "LineString",
        "coordinates": [
          [
            110.64775372328181,
            35.603517036811525
          ],
          [
            110.64775372700502,
            35.603507990313034
          ]
        ]
      }
    },
    {
      "type": "Feature",
      "properties": {
        "index": 69,
        "sequence": 69,
        "kind": "coverage",
        "length_m": 42.005931,
        "region_id": "E16"
      },
      "geometry": {
        "type": "LineString",
        "coordinates": [
          [
            110.64775372700502,
            35.603507990313034
          ],
          [
            110.64728962537133,
            35.60350786225425
          ]
        ]
      }
    },
    {
      "type": "Feature",
      "properties": {
        "index": 70,
        "sequence": 70,
        "kind": "connector",
        "length_m": 1.0,
        "region_id": "E16"
      },
      "geometry": {
        "type": "LineString",
        "coordinates": [
          [
            110.64728962537133,
            35.60350786225425
          ],
          [
            110.64728962909456,
            35.603498815755756
          ]
        ]
      }
    },
    {
      "type": "Feature",
      "properties": {
        "index": 71,
        "sequence": 71,
        "kind": "coverage",
        "length_m": 42.005931,
        "region_id": "E16"
      },
      "geometry": {
        "type": "LineString",
        "coordinates": [
          [
            110.64728962909456,
            35.603498815755756
          ],
          [
            110.64775373072825,
            35.60349894381454
          ]
        ]
      }
    },
    {
      "type": "Feature",
      "properties": {
        "index": 72,
        "sequence": 72,
        "kind": "connector",
        "length_m": 1.0,
        "region_id": "E16"
      },
      "geometry": {
        "type": "LineString",
        "coordinates": [
          [
            110.64775373072825,
            35.60349894381454
          ],
          [
            110.64775373445148,
            35.60348989731605
          ]
        ]
      }
    },
    {
      "type": "Feature",
      "properties": {
        "index": 73,
        "sequence": 73,
        "kind": "coverage",
        "length_m": 42.005931,
        "region_id": "E16"
      },
      "geometry": {
        "type": "LineString",
        "coordinates": [
          [
            110.64775373445148,
            35.60348989731605
          ],
          [
            110.64728963281779,
            35.603489769257266
          ]
        ]
      }
    },
    {
      "type": "Feature",
      "properties": {
        "index": 74,
        "sequence": 74,
        "kind": "connector",
        "length_m": 1.0,
        "region_id": "E16"
      },
      "geometry": {
        "type": "LineString",
        "coordinates": [
          [
            110.64728963281779,
            35.603489769257266
          ],
          [
            110.64728963654102,
            35.60348072275877
          ]
        ]
      }
    },
    {
      "type": "Feature",
      "properties": {
        "index": 75,
        "sequence": 75,
        "kind": "coverage",
        "length_m": 42.005931,
        "region_id": "E16"
      },
      "geometry": {
        "type": "LineString",
        "coordinates": [
          [
            110.64728963654102,
            35.60348072275877
          ],
          [
            110.64775373817471,
            35.60348085081756
          ]
        ]
      }
    },
    {
      "type": "Feature",
      "properties": {
        "index": 76,
        "sequence": 76,
        "kind": "connector",
        "length_m": 47.811586,
        "connector_id": "bridge_16A-17downB",
        "from_region": "E16",
        "to_region": "E17_up"
      },
      "geometry": {
        "type": "LineString",
        "coordinates": [
          [
            110.64775373817471,
            35.60348085081756
          ],
          [
            110.64776810603713,
            35.60346909433307
          ],
          [
            110.64776810109706,
            35.603468189692215
          ],
          [
            110.64776770898787,
            35.603444205457315
          ],
          [
            110.64745602758225,
            35.60344445179323
          ],
          [
            110.64742118120839,
            35.60344432410331
          ],
          [
            110.64729099598274,
            35.603432340796964
          ]
        ]
      }
    },
    {
      "type": "Feature",
      "properties": {
        "index": 77,
        "sequence": 77,
        "kind": "coverage",
        "length_m": 12.79061,
        "region_id": "E17_up"
      },
      "geometry": {
        "type": "LineString",
        "coordinates": [
          [
            110.64729099598274,
            35.603432340796964
          ],
          [
            110.64729099598274,
            35.60331663055564
          ]
        ]
      }
    },
    {
      "type": "Feature",
      "properties": {
        "index": 78,
        "sequence": 78,
        "kind": "connector",
        "length_m": 1.002223,
        "region_id": "E17_up"
      },
      "geometry": {
        "type": "LineString",
        "coordinates": [
          [
            110.64729099598274,
            35.60331663055564
          ],
          [
            110.64729099598274,
            35.60331665066368
          ],
          [
            110.64730204446201,
            35.60331665066368
          ]
        ]
      }
    },
    {
      "type": "Feature",
      "properties": {
        "index": 79,
        "sequence": 79,
        "kind": "coverage",
        "length_m": 12.79061,
        "region_id": "E17_up"
      },
      "geometry": {
        "type": "LineString",
        "coordinates": [
          [
            110.64730204446201,
            35.60331665066368
          ],
          [
            110.64730204446201,
            35.60343236090501
          ]
        ]
      }
    },
    {
      "type": "Feature",
      "properties": {
        "index": 80,
        "sequence": 80,
        "kind": "connector",
        "length_m": 1.002223,
        "region_id": "E17_up"
      },
      "geometry": {
        "type": "LineString",
        "coordinates": [
          [
            110.64730204446201,
            35.60343236090501
          ],
          [
            110.64730204446201,
            35.60343238101306
          ],
          [
            110.64731309294127,
            35.60343238101306
          ]
        ]
      }
    },
    {
      "type": "Feature",
      "properties": {
        "index": 81,
        "sequence": 81,
        "kind": "coverage",
        "length_m": 12.79061,
        "region_id": "E17_up"
      },
      "geometry": {
        "type": "LineString",
        "coordinates": [
          [
            110.64731309294127,
            35.60343238101306
          ],
          [
            110.64731309294127,
            35.603316670771726
          ]
        ]
      }
    },
    {
      "type": "Feature",
      "properties": {
        "index": 82,
        "sequence": 82,
        "kind": "connector",
        "length_m": 1.002223,
        "region_id": "E17_up"
      },
      "geometry": {
        "type": "LineString",
        "coordinates": [
          [
            110.64731309294127,
            35.603316670771726
          ],
          [
            110.64731309294127,
            35.60331669087977
          ],
          [
            110.64732414142054,
            35.60331669087977
          ]
        ]
      }
    },
    {
      "type": "Feature",
      "properties": {
        "index": 83,
        "sequence": 83,
        "kind": "coverage",
        "length_m": 12.79061,
        "region_id": "E17_up"
      },
      "geometry": {
        "type": "LineString",
        "coordinates": [
          [
            110.64732414142054,
            35.60331669087977
          ],
          [
            110.64732414142054,
            35.6034324011211
          ]
        ]
      }
    },
    {
      "type": "Feature",
      "properties": {
        "index": 84,
        "sequence": 84,
        "kind": "connector",
        "length_m": 1.002223,
        "region_id": "E17_up"
      },
      "geometry": {
        "type": "LineString",
        "coordinates": [
          [
            110.64732414142054,
            35.6034324011211
          ],
          [
            110.64732414142054,
            35.603432421229144
          ],
          [
            110.64733518989979,
            35.603432421229144
          ]
        ]
      }
    },
    {
      "type": "Feature",
      "properties": {
        "index": 85,
        "sequence": 85,
        "kind": "coverage",
        "length_m": 12.79061,
        "region_id": "E17_up"
      },
      "geometry": {
        "type": "LineString",
        "coordinates": [
          [
            110.64733518989979,
            35.603432421229144
          ],
          [
            110.64733518989979,
            35.60331671098782
          ]
        ]
      }
    },
    {
      "type": "Feature",
      "properties": {
        "index": 86,
        "sequence": 86,
        "kind": "connector",
        "length_m": 1.002223,
        "region_id": "E17_up"
      },
      "geometry": {
        "type": "LineString",
        "coordinates": [
          [
            110.64733518989979,
            35.60331671098782
          ],
          [
            110.64733518989979,
            35.60331673109586
          ],
          [
            110.64734623837906,
            35.60331673109586
          ]
        ]
      }
    },
    {
      "type": "Feature",
      "properties": {
        "index": 87,
        "sequence": 87,
        "kind": "coverage",
        "length_m": 12.79061,
        "region_id": "E17_up"
      },
      "geometry": {
        "type": "LineString",
        "coordinates": [
          [
            110.64734623837906,
            35.60331673109586
          ],
          [
            110.64734623837906,
            35.60343244133719
          ]
        ]
      }
    },
    {
      "type": "Feature",
      "properties": {
        "index": 88,
        "sequence": 88,
        "kind": "connector",
        "length_m": 1.002223,
        "region_id": "E17_up"
      },
      "geometry": {
        "type": "LineString",
        "coordinates": [
          [
            110.64734623837906,
            35.60343244133719
          ],
          [
            110.64734623837906,
            35.60343246144524
          ],
          [
            110.64735728685832,
            35.60343246144524
          ]
        ]
      }
    },
    {
      "type": "Feature",
      "properties": {
        "index": 89,
        "sequence": 89,
        "kind": "coverage",
        "length_m": 12.79061,
        "region_id": "E17_up"
      },
      "geometry": {
        "type": "LineString",
        "coordinates": [
          [
            110.64735728685832,
            35.60343246144524
          ],
          [
            110.64735728685832,
            35.603316751203906
          ]
        ]
      }
    },
    {
      "type": "Feature",
      "properties": {
        "index": 90,
        "sequence": 90,
        "kind": "connector",
        "length_m": 1.002223,
        "region_id": "E17_up"
      },
      "geometry": {
        "type": "LineString",
        "coordinates": [
          [
            110.64735728685832,
            35.603316751203906
          ],
          [
            110.64735728685832,
            35.60331677131195
          ],
          [
            110.64736833533759,
            35.60331677131195
          ]
        ]
      }
    },
    {
      "type": "Feature",
      "properties": {
        "index": 91,
        "sequence": 91,
        "kind": "coverage",
        "length_m": 12.79061,
        "region_id": "E17_up"
      },
      "geometry": {
        "type": "LineString",
        "coordinates": [
          [
            110.64736833533759,
            35.60331677131195
          ],
          [
            110.64736833533759,
            35.60343248155328
          ]
        ]
      }
    },
    {
      "type": "Feature",
      "properties": {
        "index": 92,
        "sequence": 92,
        "kind": "connector",
        "length_m": 1.002223,
        "region_id": "E17_up"
      },
      "geometry": {
        "type": "LineString",
        "coordinates": [
          [
            110.64736833533759,
            35.60343248155328
          ],
          [
            110.64736833533759,
            35.603432501661324
          ],
          [
            110.64737938381685,
            35.603432501661324
          ]
        ]
      }
    },
    {
      "type": "Feature",
      "properties": {
        "index": 93,
        "sequence": 93,
        "kind": "coverage",
        "length_m": 12.79061,
        "region_id": "E17_up"
      },
      "geometry": {
        "type": "LineString",
        "coordinates": [
          [
            110.64737938381685,
            35.603432501661324
          ],
          [
            110.64737938381685,
            35.60331679141999
          ]
        ]
      }
    },
    {
      "type": "Feature",
      "properties": {
        "index": 94,
        "sequence": 94,
        "kind": "connector",
        "length_m": 1.002223,
        "region_id": "E17_up"
      },
      "geometry": {
        "type": "LineString",
        "coordinates": [
          [
            110.64737938381685,
            35.60331679141999
          ],
          [
            110.64737938381685,
            35.60331681152804
          ],
          [
            110.64739043229612,
            35.60331681152804
          ]
        ]
      }
    },
    {
      "type": "Feature",
      "properties": {
        "index": 95,
        "sequence": 95,
        "kind": "coverage",
        "length_m": 12.79061,
        "region_id": "E17_up"
      },
      "geometry": {
        "type": "LineString",
        "coordinates": [
          [
            110.64739043229612,
            35.60331681152804
          ],
          [
            110.64739043229612,
            35.60343252176937
          ]
        ]
      }
    },
    {
      "type": "Feature",
      "properties": {
        "index": 96,
        "sequence": 96,
        "kind": "connector",
        "length_m": 1.002223,
        "region_id": "E17_up"
      },
      "geometry": {
        "type": "LineString",
        "coordinates": [
          [
            110.64739043229612,
            35.60343252176937
          ],
          [
            110.64739043229612,
            35.60343254187741
          ],
          [
            110.64740148077539,
            35.60343254187741
          ]
        ]
      }
    },
    {
      "type": "Feature",
      "properties": {
        "index": 97,
        "sequence": 97,
        "kind": "coverage",
        "length_m": 12.79061,
        "region_id": "E17_up"
      },
      "geometry": {
        "type": "LineString",
        "coordinates": [
          [
            110.64740148077539,
            35.60343254187741
          ],
          [
            110.64740148077539,
            35.603316831636086
          ]
        ]
      }
    },
    {
      "type": "Feature",
      "properties": {
        "index": 98,
        "sequence": 98,
        "kind": "connector",
        "length_m": 1.002223,
        "region_id": "E17_up"
      },
      "geometry": {
        "type": "LineString",
        "coordinates": [
          [
            110.64740148077539,
            35.603316831636086
          ],
          [
            110.64740148077539,
            35.60331685174413
          ],
          [
            110.64741252925465,
            35.60331685174413
          ]
        ]
      }
    },
    {
      "type": "Feature",
      "properties": {
        "index": 99,
        "sequence": 99,
        "kind": "coverage",
        "length_m": 12.79061,
        "region_id": "E17_up"
      },
      "geometry": {
        "type": "LineString",
        "coordinates": [
          [
            110.64741252925465,
            35.60331685174413
          ],
          [
            110.64741252925465,
            35.60343256198546
          ]
        ]
      }
    },
    {
      "type": "Feature",
      "properties": {
        "index": 100,
        "sequence": 100,
        "kind": "connector",
        "length_m": 7.179194,
        "connector_id": "E17_upB_downC",
        "from_region": "E17_up",
        "to_region": "E17_down"
      },
      "geometry": {
        "type": "LineString",
        "coordinates": [
          [
            110.64741252925465,
            35.60343256198546
          ],
          [
            110.64742449566111,
            35.603444344219525
          ],
          [
            110.64745903544897,
            35.603444553849876
          ],
          [
            110.64747132358065,
            35.60342573394821
          ]
        ]
      }
    },
    {
      "type": "Feature",
      "properties": {
        "index": 101,
        "sequence": 101,
        "kind": "coverage",
        "length_m": 25.562199,
        "region_id": "E17_down"
      },
      "geometry": {
        "type": "LineString",
        "coordinates": [
          [
            110.64747132358065,
            35.60342573394821
          ],
          [
            110.64775374647942,
            35.60342617874165
          ]
        ]
      }
    },
    {
      "type": "Feature",
      "properties": {
        "index": 102,
        "sequence": 102,
        "kind": "connector",
        "length_m": 1.003936,
        "region_id": "E17_down"
      },
      "geometry": {
        "type": "LineString",
        "coordinates": [
          [
            110.64775374647942,
            35.60342617874165
          ],
          [
            110.64775378996741,
            35.60342617881014
          ],
          [
            110.64775381121855,
            35.60341713232787
          ]
        ]
      }
    },
    {
      "type": "Feature",
      "properties": {
        "index": 103,
        "sequence": 103,
        "kind": "coverage",
        "length_m": 25.562199,
        "region_id": "E17_down"
      },
      "geometry": {
        "type": "LineString",
        "coordinates": [
          [
            110.64775381121855,
            35.60341713232787
          ],
          [
            110.64747138831976,
            35.60341668753442
          ]
        ]
      }
    },
    {
      "type": "Feature",
      "properties": {
        "index": 104,
        "sequence": 104,
        "kind": "connector",
        "length_m": 1.003936,
        "region_id": "E17_down"
      },
      "geometry": {
        "type": "LineString",
        "coordinates": [
          [
            110.64747138831976,
            35.60341668753442
          ],
          [
            110.64747143180774,
            35.603416687602916
          ],
          [
            110.64747145305888,
            35.60340764112064
          ]
        ]
      }
    },
    {
      "type": "Feature",
      "properties": {
        "index": 105,
        "sequence": 105,
        "kind": "coverage",
        "length_m": 25.562199,
        "region_id": "E17_down"
      },
      "geometry": {
        "type": "LineString",
        "coordinates": [
          [
            110.64747145305888,
            35.60340764112064
          ],
          [
            110.64775387595768,
            35.60340808591409
          ]
        ]
      }
    },
    {
      "type": "Feature",
      "properties": {
        "index": 106,
        "sequence": 106,
        "kind": "connector",
        "length_m": 1.003936,
        "region_id": "E17_down"
      },
      "geometry": {
        "type": "LineString",
        "coordinates": [
          [
            110.64775387595768,
            35.60340808591409
          ],
          [
            110.64775391944566,
            35.60340808598258
          ],
          [
            110.64775394069679,
            35.6033990395003
          ]
        ]
      }
    },
    {
      "type": "Feature",
      "properties": {
        "index": 107,
        "sequence": 107,
        "kind": "coverage",
        "length_m": 25.562199,
        "region_id": "E17_down"
      },
      "geometry": {
        "type": "LineString",
        "coordinates": [
          [
            110.64775394069679,
            35.6033990395003
          ],
          [
            110.64747151779801,
            35.60339859470686
          ]
        ]
      }
    },
    {
      "type": "Feature",
      "properties": {
        "index": 108,
        "sequence": 108,
        "kind": "connector",
        "length_m": 1.003936,
        "region_id": "E17_down"
      },
      "geometry": {
        "type": "LineString",
        "coordinates": [
          [
            110.64747151779801,
            35.60339859470686
          ],
          [
            110.647471561286,
            35.60339859477535
          ],
          [
            110.64747158253712,
            35.60338954829308
          ]
        ]
      }
    },
    {
      "type": "Feature",
      "properties": {
        "index": 109,
        "sequence": 109,
        "kind": "coverage",
        "length_m": 25.562199,
        "region_id": "E17_down"
      },
      "geometry": {
        "type": "LineString",
        "coordinates": [
          [
            110.64747158253712,
            35.60338954829308
          ],
          [
            110.64775400543591,
            35.60338999308652
          ]
        ]
      }
    },
    {
      "type": "Feature",
      "properties": {
        "index": 110,
        "sequence": 110,
        "kind": "connector",
        "length_m": 1.003936,
        "region_id": "E17_down"
      },
      "geometry": {
        "type": "LineString",
        "coordinates": [
          [
            110.64775400543591,
            35.60338999308652
          ],
          [
            110.6477540489239,
            35.60338999315502
          ],
          [
            110.64775407017504,
            35.60338094667274
          ]
        ]
      }
    },
    {
      "type": "Feature",
      "properties": {
        "index": 111,
        "sequence": 111,
        "kind": "coverage",
        "length_m": 25.562199,
        "region_id": "E17_down"
      },
      "geometry": {
        "type": "LineString",
        "coordinates": [
          [
            110.64775407017504,
            35.60338094667274
          ],
          [
            110.64747164727625,
            35.6033805018793
          ]
        ]
      }
    },
    {
      "type": "Feature",
      "properties": {
        "index": 112,
        "sequence": 112,
        "kind": "connector",
        "length_m": 1.003936,
        "region_id": "E17_down"
      },
      "geometry": {
        "type": "LineString",
        "coordinates": [
          [
            110.64747164727625,
            35.6033805018793
          ],
          [
            110.64747169076423,
            35.60338050194779
          ],
          [
            110.64747171201537,
            35.60337145546552
          ]
        ]
      }
    },
    {
      "type": "Feature",
      "properties": {
        "index": 113,
        "sequence": 113,
        "kind": "coverage",
        "length_m": 25.562199,
        "region_id": "E17_down"
      },
      "geometry": {
        "type": "LineString",
        "coordinates": [
          [
            110.64747171201537,
            35.60337145546552
          ],
          [
            110.64775413491415,
            35.60337190025896
          ]
        ]
      }
    },
    {
      "type": "Feature",
      "properties": {
        "index": 114,
        "sequence": 114,
        "kind": "connector",
        "length_m": 1.003936,
        "region_id": "E17_down"
      },
      "geometry": {
        "type": "LineString",
        "coordinates": [
          [
            110.64775413491415,
            35.60337190025896
          ],
          [
            110.64775417840214,
            35.60337190032745
          ],
          [
            110.64775419965328,
            35.603362853845184
          ]
        ]
      }
    },
    {
      "type": "Feature",
      "properties": {
        "index": 115,
        "sequence": 115,
        "kind": "coverage",
        "length_m": 25.562199,
        "region_id": "E17_down"
      },
      "geometry": {
        "type": "LineString",
        "coordinates": [
          [
            110.64775419965328,
            35.603362853845184
          ],
          [
            110.64747177675449,
            35.60336240905174
          ]
        ]
      }
    },
    {
      "type": "Feature",
      "properties": {
        "index": 116,
        "sequence": 116,
        "kind": "connector",
        "length_m": 1.003936,
        "region_id": "E17_down"
      },
      "geometry": {
        "type": "LineString",
        "coordinates": [
          [
            110.64747177675449,
            35.60336240905174
          ],
          [
            110.64747182024247,
            35.60336240912023
          ],
          [
            110.64747184149361,
            35.60335336263796
          ]
        ]
      }
    },
    {
      "type": "Feature",
      "properties": {
        "index": 117,
        "sequence": 117,
        "kind": "coverage",
        "length_m": 25.562199,
        "region_id": "E17_down"
      },
      "geometry": {
        "type": "LineString",
        "coordinates": [
          [
            110.64747184149361,
            35.60335336263796
          ],
          [
            110.6477542643924,
            35.603353807431404
          ]
        ]
      }
    },
    {
      "type": "Feature",
      "properties": {
        "index": 118,
        "sequence": 118,
        "kind": "connector",
        "length_m": 1.003936,
        "region_id": "E17_down"
      },
      "geometry": {
        "type": "LineString",
        "coordinates": [
          [
            110.6477542643924,
            35.603353807431404
          ],
          [
            110.64775430788038,
            35.60335380749989
          ],
          [
            110.64775432913152,
            35.603344761017624
          ]
        ]
      }
    },
    {
      "type": "Feature",
      "properties": {
        "index": 119,
        "sequence": 119,
        "kind": "coverage",
        "length_m": 25.562199,
        "region_id": "E17_down"
      },
      "geometry": {
        "type": "LineString",
        "coordinates": [
          [
            110.64775432913152,
            35.603344761017624
          ],
          [
            110.64747190623272,
            35.60334431622418
          ]
        ]
      }
    },
    {
      "type": "Feature",
      "properties": {
        "index": 120,
        "sequence": 120,
        "kind": "connector",
        "length_m": 1.003936,
        "region_id": "E17_down"
      },
      "geometry": {
        "type": "LineString",
        "coordinates": [
          [
            110.64747190623272,
            35.60334431622418
          ],
          [
            110.64747194972071,
            35.60334431629267
          ],
          [
            110.64747197097185,
            35.6033352698104
          ]
        ]
      }
    },
    {
      "type": "Feature",
      "properties": {
        "index": 121,
        "sequence": 121,
        "kind": "coverage",
        "length_m": 25.562199,
        "region_id": "E17_down"
      },
      "geometry": {
        "type": "LineString",
        "coordinates": [
          [
            110.64747197097185,
            35.6033352698104
          ],
          [
            110.64775439387064,
            35.603335714603844
          ]
        ]
      }
    },
    {
      "type": "Feature",
      "properties": {
        "index": 122,
        "sequence": 122,
        "kind": "connector",
        "length_m": 1.003936,
        "region_id": "E17_down"
      },
      "geometry": {
        "type": "LineString",
        "coordinates": [
          [
            110.64775439387064,
            35.603335714603844
          ],
          [
            110.64775443735863,
            35.60333571467233
          ],
          [
            110.64775445860975,
            35.603326668190064
          ]
        ]
      }
    },
    {
      "type": "Feature",
      "properties": {
        "index": 123,
        "sequence": 123,
        "kind": "coverage",
        "length_m": 25.562199,
        "region_id": "E17_down"
      },
      "geometry": {
        "type": "LineString",
        "coordinates": [
          [
            110.64775445860975,
            35.603326668190064
          ],
          [
            110.64747203571098,
            35.60332622339662
          ]
        ]
      }
    },
    {
      "type": "Feature",
      "properties": {
        "index": 124,
        "sequence": 124,
        "kind": "connector",
        "length_m": 1.003936,
        "region_id": "E17_down"
      },
      "geometry": {
        "type": "LineString",
        "coordinates": [
          [
            110.64747203571098,
            35.60332622339662
          ],
          [
            110.64747207919896,
            35.60332622346511
          ],
          [
            110.64747210045009,
            35.60331717698284
          ]
        ]
      }
    },
    {
      "type": "Feature",
      "properties": {
        "index": 125,
        "sequence": 125,
        "kind": "coverage",
        "length_m": 25.562199,
        "region_id": "E17_down"
      },
      "geometry": {
        "type": "LineString",
        "coordinates": [
          [
            110.64747210045009,
            35.60331717698284
          ],
          [
            110.64775452334888,
            35.603317621776284
          ]
        ]
      }
    },
    {
      "type": "Feature",
      "properties": {
        "index": 126,
        "sequence": 126,
        "kind": "connector",
        "length_m": 7.693012,
        "connector_id": "bridge_17A-18B",
        "from_region": "E17_down",
        "to_region": "E18"
      },
      "geometry": {
        "type": "LineString",
        "coordinates": [
          [
            110.64775452334888,
            35.603317621776284
          ],
          [
            110.64776897053187,
            35.603305884061356
          ],
          [
            110.64776897694169,
            35.60330497942668
          ],
          [
            110.6477692340255,
            35.60326793885107
          ],
          [
            110.64775491855625,
            35.60325860399835
          ]
        ]
      }
    },
    {
      "type": "Feature",
      "properties": {
        "index": 127,
        "sequence": 127,
        "kind": "coverage",
        "length_m": 28.008767,
        "region_id": "E18"
      },
      "geometry": {
        "type": "LineString",
        "coordinates": [
          [
            110.64775491855625,
            35.60325860399835
          ],
          [
            110.64744546613488,
            35.60325772459652
          ]
        ]
      }
    },
    {
      "type": "Feature",
      "properties": {
        "index": 128,
        "sequence": 128,
        "kind": "connector",
        "length_m": 2.962851,
        "region_id": "E18"
      },
      "geometry": {
        "type": "LineString",
        "coordinates": [
          [
            110.64744546613488,
            35.60325772459652
          ],
          [
            110.64741273132984,
            35.603257631570756
          ]
        ]
      }
    },
    {
      "type": "Feature",
      "properties": {
        "index": 129,
        "sequence": 129,
        "kind": "coverage",
        "length_m": 11.022649,
        "region_id": "E18"
      },
      "geometry": {
        "type": "LineString",
        "coordinates": [
          [
            110.64741273132984,
            35.603257631570756
          ],
          [
            110.64729094855048,
            35.60325728548848
          ]
        ]
      }
    },
    {
      "type": "Feature",
      "properties": {
        "index": 130,
        "sequence": 130,
        "kind": "connector",
        "length_m": 1.001023,
        "region_id": "E18"
      },
      "geometry": {
        "type": "LineString",
        "coordinates": [
          [
            110.64729094855048,
            35.60325728548848
          ],
          [
            110.64729093724569,
            35.60325728545636
          ],
          [
            110.64729097559126,
            35.60324823901183
          ]
        ]
      }
    },
    {
      "type": "Feature",
      "properties": {
        "index": 131,
        "sequence": 131,
        "kind": "coverage",
        "length_m": 11.022649,
        "region_id": "E18"
      },
      "geometry": {
        "type": "LineString",
        "coordinates": [
          [
            110.64729097559126,
            35.60324823901183
          ],
          [
            110.64741275837062,
            35.603248585094114
          ]
        ]
      }
    },
    {
      "type": "Feature",
      "properties": {
        "index": 132,
        "sequence": 132,
        "kind": "connector",
        "length_m": 2.964586,
        "region_id": "E18"
      },
      "geometry": {
        "type": "LineString",
        "coordinates": [
          [
            110.64741275837062,
            35.603248585094114
          ],
          [
            110.64744551233834,
            35.60324867817433
          ]
        ]
      }
    },
    {
      "type": "Feature",
      "properties": {
        "index": 133,
        "sequence": 133,
        "kind": "coverage",
        "length_m": 28.008767,
        "region_id": "E18"
      },
      "geometry": {
        "type": "LineString",
        "coordinates": [
          [
            110.64744551233834,
            35.60324867817433
          ],
          [
            110.6477549647597,
            35.603249557576156
          ]
        ]
      }
    },
    {
      "type": "Feature",
      "properties": {
        "index": 134,
        "sequence": 134,
        "kind": "connector",
        "length_m": 1.000711,
        "region_id": "E18"
      },
      "geometry": {
        "type": "LineString",
        "coordinates": [
          [
            110.6477549647597,
            35.603249557576156
          ],
          [
            110.64775497261758,
            35.60324955759849
          ],
          [
            110.64775501096317,
            35.60324051115397
          ]
        ]
      }
    },
    {
      "type": "Feature",
      "properties": {
        "index": 135,
        "sequence": 135,
        "kind": "coverage",
        "length_m": 28.008767,
        "region_id": "E18"
      },
      "geometry": {
        "type": "LineString",
        "coordinates": [
          [
            110.64775501096317,
            35.60324051115397
          ],
          [
            110.6474455585418,
            35.60323963175214
          ]
        ]
      }
    },
    {
      "type": "Feature",
      "properties": {
        "index": 136,
        "sequence": 136,
        "kind": "connector",
        "length_m": 2.96632,
        "region_id": "E18"
      },
      "geometry": {
        "type": "LineString",
        "coordinates": [
          [
            110.6474455585418,
            35.60323963175214
          ],
          [
            110.6474127854114,
            35.603239538617466
          ]
        ]
      }
    },
    {
      "type": "Feature",
      "properties": {
        "index": 137,
        "sequence": 137,
        "kind": "coverage",
        "length_m": 11.022649,
        "region_id": "E18"
      },
      "geometry": {
        "type": "LineString",
        "coordinates": [
          [
            110.6474127854114,
            35.603239538617466
          ],
          [
            110.64729100263204,
            35.60323919253519
          ]
        ]
      }
    },
    {
      "type": "Feature",
      "properties": {
        "index": 138,
        "sequence": 138,
        "kind": "connector",
        "length_m": 1.001023,
        "region_id": "E18"
      },
      "geometry": {
        "type": "LineString",
        "coordinates": [
          [
            110.64729100263204,
            35.60323919253519
          ],
          [
            110.64729099132725,
            35.60323919250306
          ],
          [
            110.64729102967283,
            35.60323014605854
          ]
        ]
      }
    },
    {
      "type": "Feature",
      "properties": {
        "index": 139,
        "sequence": 139,
        "kind": "coverage",
        "length_m": 11.022649,
        "region_id": "E18"
      },
      "geometry": {
        "type": "LineString",
        "coordinates": [
          [
            110.64729102967283,
            35.60323014605854
          ],
          [
            110.64741281245219,
            35.603230492140824
          ]
        ]
      }
    },
    {
      "type": "Feature",
      "properties": {
        "index": 140,
        "sequence": 140,
        "kind": "connector",
        "length_m": 2.968055,
        "region_id": "E18"
      },
      "geometry": {
        "type": "LineString",
        "coordinates": [
          [
            110.64741281245219,
            35.603230492140824
          ],
          [
            110.64744560474526,
            35.60323058532995
          ]
        ]
      }
    },
    {
      "type": "Feature",
      "properties": {
        "index": 141,
        "sequence": 141,
        "kind": "coverage",
        "length_m": 28.008767,
        "region_id": "E18"
      },
      "geometry": {
        "type": "LineString",
        "coordinates": [
          [
            110.64744560474526,
            35.60323058532995
          ],
          [
            110.64775505716662,
            35.60323146473178
          ]
        ]
      }
    },
    {
      "type": "Feature",
      "properties": {
        "index": 142,
        "sequence": 142,
        "kind": "connector",
        "length_m": 1.000711,
        "region_id": "E18"
      },
      "geometry": {
        "type": "LineString",
        "coordinates": [
          [
            110.64775505716662,
            35.60323146473178
          ],
          [
            110.6477550650245,
            35.60323146475411
          ],
          [
            110.64775510337007,
            35.60322241830959
          ]
        ]
      }
    },
    {
      "type": "Feature",
      "properties": {
        "index": 143,
        "sequence": 143,
        "kind": "coverage",
        "length_m": 28.008767,
        "region_id": "E18"
      },
      "geometry": {
        "type": "LineString",
        "coordinates": [
          [
            110.64775510337007,
            35.60322241830959
          ],
          [
            110.64744565094873,
            35.60322153890776
          ]
        ]
      }
    },
    {
      "type": "Feature",
      "properties": {
        "index": 144,
        "sequence": 144,
        "kind": "connector",
        "length_m": 2.969789,
        "region_id": "E18"
      },
      "geometry": {
        "type": "LineString",
        "coordinates": [
          [
            110.64744565094873,
            35.60322153890776
          ],
          [
            110.64741283949297,
            35.603221445664175
          ]
        ]
      }
    },
    {
      "type": "Feature",
      "properties": {
        "index": 145,
        "sequence": 145,
        "kind": "coverage",
        "length_m": 11.022649,
        "region_id": "E18"
      },
      "geometry": {
        "type": "LineString",
        "coordinates": [
          [
            110.64741283949297,
            35.603221445664175
          ],
          [
            110.64729105671361,
            35.6032210995819
          ]
        ]
      }
    },
    {
      "type": "Feature",
      "properties": {
        "index": 146,
        "sequence": 146,
        "kind": "connector",
        "length_m": 2.002046,
        "region_id": "E18"
      },
      "geometry": {
        "type": "LineString",
        "coordinates": [
          [
            110.64729105671361,
            35.6032210995819
          ],
          [
            110.64729103410403,
            35.60322109951765
          ],
          [
            110.6472911107952,
            35.603203006628604
          ]
        ]
      }
    },
    {
      "type": "Feature",
      "properties": {
        "index": 147,
        "sequence": 147,
        "kind": "coverage",
        "length_m": 11.022649,
        "region_id": "E18"
      },
      "geometry": {
        "type": "LineString",
        "coordinates": [
          [
            110.6472911107952,
            35.603203006628604
          ],
          [
            110.64741289357454,
            35.603203352710885
          ]
        ]
      }
    },
    {
      "type": "Feature",
      "properties": {
        "index": 148,
        "sequence": 148,
        "kind": "connector",
        "length_m": 12.021626,
        "region_id": "E18"
      },
      "geometry": {
        "type": "LineString",
        "coordinates": [
          [
            110.64741289357454,
            35.603203352710885
          ],
          [
            110.64741285522896,
            35.6032123991554
          ],
          [
            110.6472910837544,
            35.60321205310525
          ]
        ]
      }
    },
    {
      "type": "Feature",
      "properties": {
        "index": 149,
        "sequence": 149,
        "kind": "coverage",
        "length_m": 11.022649,
        "region_id": "E18"
      },
      "geometry": {
        "type": "LineString",
        "coordinates": [
          [
            110.6472910837544,
            35.60321205310525
          ],
          [
            110.64741286653376,
            35.60321239918753
          ]
        ]
      }
    },
    {
      "type": "Feature",
      "properties": {
        "index": 150,
        "sequence": 150,
        "kind": "connector",
        "length_m": 2.971524,
        "region_id": "E18"
      },
      "geometry": {
        "type": "LineString",
        "coordinates": [
          [
            110.64741286653376,
            35.60321239918753
          ],
          [
            110.64744569715218,
            35.603212492485575
          ]
        ]
      }
    },
    {
      "type": "Feature",
      "properties": {
        "index": 151,
        "sequence": 151,
        "kind": "coverage",
        "length_m": 28.008767,
        "region_id": "E18"
      },
      "geometry": {
        "type": "LineString",
        "coordinates": [
          [
            110.64744569715218,
            35.603212492485575
          ],
          [
            110.64775514957354,
            35.6032133718874
          ]
        ]
      }
    },
    {
      "type": "Feature",
      "properties": {
        "index": 152,
        "sequence": 152,
        "kind": "connector",
        "length_m": 3.894532,
        "connector_id": "back_18B-17A_stop"
      },
      "geometry": {
        "type": "LineString",
        "coordinates": [
          [
            110.64776922016449,
            35.60327065277348
          ],
          [
            110.64776897053187,
            35.603305884061356
          ]
        ]
      }
    },
    {
      "type": "Feature",
      "properties": {
        "index": 153,
        "sequence": 153,
        "kind": "connector",
        "length_m": 2.658948,
        "connector_id": "back_17B-16A"
      },
      "geometry": {
        "type": "LineString",
        "coordinates": [
          [
            110.64776797468316,
            35.60344504040682
          ],
          [
            110.64776810603713,
            35.60346909433307
          ]
        ]
      }
    },
    {
      "type": "Feature",
      "properties": {
        "index": 154,
        "sequence": 154,
        "kind": "connector",
        "length_m": 12.282069,
        "connector_id": "back_16B-15A"
      },
      "geometry": {
        "type": "LineString",
        "coordinates": [
          [
            110.6477676095043,
            35.60360864241737
          ],
          [
            110.64776705903036,
            35.60371975122639
          ]
        ]
      }
    },
    {
      "type": "Feature",
      "properties": {
        "index": 155,
        "sequence": 155,
        "kind": "connector",
        "length_m": 3.867796,
        "connector_id": "back_15B-14A"
      },
      "geometry": {
        "type": "LineString",
        "coordinates": [
          [
            110.64776678225708,
            35.60382802136538
          ],
          [
            110.64776723843342,
            35.603863009383225
          ]
        ]
      }
    },
    {
      "type": "Feature",
      "properties": {
        "index": 156,
        "sequence": 156,
        "kind": "connector",
        "length_m": 12.146025,
        "connector_id": "back_14B-13A"
      },
      "geometry": {
        "type": "LineString",
        "coordinates": [
          [
            110.64776557275421,
            35.60404401827957
          ],
          [
            110.64776491482968,
            35.60415389596566
          ]
        ]
      }
    },
    {
      "type": "Feature",
      "properties": {
        "index": 157,
        "sequence": 157,
        "kind": "connector",
        "length_m": 3.373068,
        "connector_id": "back_13B-12A"
      },
      "geometry": {
        "type": "LineString",
        "coordinates": [
          [
            110.64776464459975,
            35.60426221780848
          ],
          [
            110.64776463744738,
            35.60429273226822
          ]
        ]
      }
    },
    {
      "type": "Feature",
      "properties": {
        "index": 158,
        "sequence": 158,
        "kind": "connector",
        "length_m": 11.671849,
        "connector_id": "back_12B-11A"
      },
      "geometry": {
        "type": "LineString",
        "coordinates": [
          [
            110.64776416327175,
            35.60442191035046
          ],
          [
            110.64776313280512,
            35.60452749634761
          ]
        ]
      }
    },
    {
      "type": "Feature",
      "properties": {
        "index": 159,
        "sequence": 159,
        "kind": "connector",
        "length_m": 11.360912,
        "connector_id": "back_11B-10A"
      },
      "geometry": {
        "type": "LineString",
        "coordinates": [
          [
            110.64776265157377,
            35.60475014299974
          ],
          [
            110.64776183179559,
            35.604852917286685
          ]
        ]
      }
    },
    {
      "type": "Feature",
      "properties": {
        "index": 160,
        "sequence": 160,
        "kind": "connector",
        "length_m": 27.860092,
        "connector_id": "back_9A-8B"
      },
      "geometry": {
        "type": "LineString",
        "coordinates": [
          [
            110.6477609856752,
            35.60500043052129
          ],
          [
            110.6477602879233,
            35.605252466171876
          ]
        ]
      }
    },
    {
      "type": "Feature",
      "properties": {
        "index": 161,
        "sequence": 161,
        "kind": "connector",
        "length_m": 31.115234,
        "connector_id": "back_7A-7bA"
      },
      "geometry": {
        "type": "LineString",
        "coordinates": [
          [
            110.64776001450005,
            35.605286952396405
          ],
          [
            110.64741623970805,
            35.605286201553355
          ]
        ]
      }
    },
    {
      "type": "Feature",
      "properties": {
        "index": 162,
        "sequence": 162,
        "kind": "connector",
        "length_m": 3.916292,
        "connector_id": "back_7bB-6A"
      },
      "geometry": {
        "type": "LineString",
        "coordinates": [
          [
            110.64741521205767,
            35.605467251897565
          ],
          [
            110.64741690256913,
            35.605502653578235
          ]
        ]
      }
    },
    {
      "type": "Feature",
      "properties": {
        "index": 163,
        "sequence": 163,
        "kind": "connector",
        "length_m": 3.736123,
        "connector_id": "back_6B-5A"
      },
      "geometry": {
        "type": "LineString",
        "coordinates": [
          [
            110.64741642174106,
            35.60568374013546
          ],
          [
            110.64741639744143,
            35.60571753896705
          ]
        ]
      }
    },
    {
      "type": "Feature",
      "properties": {
        "index": 164,
        "sequence": 164,
        "kind": "connector",
        "length_m": 3.845443,
        "connector_id": "back_5B-4A"
      },
      "geometry": {
        "type": "LineString",
        "coordinates": [
          [
            110.64741549006075,
            35.60589856772437
          ],
          [
            110.64741564488955,
            35.605933355288805
          ]
        ]
      }
    }
  ]
}
