[INFO] [launch]: All log files can be found below /home/ztl/.ros/log/2026-02-08-16-22-30-370041-RK3576-63788
[INFO] [launch]: Default logging verbosity is set to INFO
[INFO] [mqtt_ros2_bridge-1]: process started with pid [63799]
[INFO] [motor_control-2]: process started with pid [63801]
[INFO] [sensors_485-3]: process started with pid [63803]
[INFO] [rtk_nav-4]: process started with pid [63805]
[INFO] [wtrtk_serial_driver-5]: process started with pid [63807]
[sensors_485-3] [INFO] [1770538951.464984508] [Sensors_485_node]: Successfully connected to /dev/ttyS4
[mqtt_ros2_bridge-1] /opt/ros/humble/local/lib/python3.10/dist-packages/rclpy/node.py:440: UserWarning: when declaring parameter named 'ca_cert', declaring a parameter only providing its name is deprecated. You have to either:
[mqtt_ros2_bridge-1] 	- Pass a name and a default value different to "PARAMETER NOT SET" (and optionally a descriptor).
[mqtt_ros2_bridge-1] 	- Pass a name and a parameter type.
[mqtt_ros2_bridge-1] 	- Pass a name and a descriptor with `dynamic_typing=True
[mqtt_ros2_bridge-1]   warnings.warn(
[mqtt_ros2_bridge-1] [0m[INFO] [1770538951.946268616] [mqtt]: 
[mqtt_ros2_bridge-1] ⏳ 网络已连通，尝试连接MQTT服务器: 121.40.57.48:1883[0m
[rtk_nav-4] [INFO] [1770538951.964659371] [rtk_nav]: 成功加载RTK航点8个
[rtk_nav-4] [INFO] [1770538951.966314787] [rtk_nav]: [首次加载] 不执行跨文件缓存，cross_file_last_waypoint 置空
[rtk_nav-4] [INFO] [1770538951.968124199] [rtk_nav]: [当前文件航点验证] 第一个航点已加载：(120.0713078, 30.32172521, 192.02)（总航点数：8）
[rtk_nav-4] [INFO] [1770538951.969741706] [rtk_nav]: [当前文件缓存] 首次加载初始化：当前第一个航点[(120.0713078, 30.32172521, 192.02)] 作为初始参考航点
[rtk_nav-4] [INFO] [1770538951.971100469] [rtk_nav]: [RTKNav] 成功加载路径文件: /home/ztl/robot_cleaning/src/rtk_nav/rtk_nav/cleaning_path/three_path_20260203_161413.txt, 共 8 个航点（第一个航点已就绪）
[mqtt_ros2_bridge-1] [0m[INFO] [1770538951.977753160] [mqtt]: ✅ MQTT连接成功![0m
[mqtt_ros2_bridge-1] [0m[INFO] [1770538951.979100198] [mqtt]:   ├─ 客户端ID: python-mqtt-client-ROS2_VM[0m
[mqtt_ros2_bridge-1] [0m[INFO] [1770538951.980414038] [mqtt]:   ├─ 控制主题: robot/ROS2_VM/cmd (ROS2指令)[0m
[mqtt_ros2_bridge-1] [0m[INFO] [1770538951.981935720] [mqtt]:   ├─ 命令主题: robot/ROS2_VM/command (终端命令)[0m
[mqtt_ros2_bridge-1] [0m[INFO] [1770538951.983617255] [mqtt]:   ├─ 结果主题: robot/ROS2_VM/result (执行结果)[0m
[mqtt_ros2_bridge-1] [0m[INFO] [1770538951.985125655] [mqtt]:   └─ 状态主题: robot/ROS2_VM/status (ROS2状态)[0m
[mqtt_ros2_bridge-1] [0m[INFO] [1770538951.986905993] [mqtt]: ==================================================[0m
[mqtt_ros2_bridge-1] [0m[INFO] [1770538951.988699250] [mqtt]: 🚀 MQTT-ROS2桥接节点运行中 (CTRL+C 退出)...[0m
[mqtt_ros2_bridge-1] [0m[INFO] [1770538951.990339938] [mqtt]: 📨 发送终端命令到MQTT主题: robot/ROS2_VM/command[0m
[mqtt_ros2_bridge-1] [0m[INFO] [1770538951.992027452] [mqtt]: 📩 接收命令结果从MQTT主题: robot/ROS2_VM/result[0m
[wtrtk_serial_driver-5] [INFO] [1770538952.004889827] [wtrtk_serial_driver]: Connected to /dev/WTRTK at 460800 baud
[mqtt_ros2_bridge-1] [0m[INFO] [1770538952.007572734] [mqtt]: 
[mqtt_ros2_bridge-1] [状态] 服务器连接结果: Success[0m
[mqtt_ros2_bridge-1] [0m[INFO] [1770538952.010359303] [mqtt]:   ├─ 订阅控制主题: robot/ROS2_VM/cmd[0m
[mqtt_ros2_bridge-1] [0m[INFO] [1770538952.012879331] [mqtt]:   ├─ 订阅命令主题: robot/ROS2_VM/command[0m
[wtrtk_serial_driver-5] [INFO] [1770538952.020785316] [wtrtk_serial_driver]: GNGGA + WTRTK serial driver started successfully
[mqtt_ros2_bridge-1] [0m[INFO] [1770538952.038327409] [mqtt]: 
[mqtt_ros2_bridge-1] [状态] 订阅成功 (消息ID: 1, QoS: 0)[0m
[mqtt_ros2_bridge-1] [0m[INFO] [1770538952.057213087] [mqtt]: 
[mqtt_ros2_bridge-1] [状态] 订阅成功 (消息ID: 2, QoS: 0)[0m
[motor_control-2] [INFO] [1770538952.705585533] [can_motor_driver]: CAN bus can0 initialized successfully
[motor_control-2] [INFO] [1770538952.740195724] [can_motor_driver]: Motor Control Node has been started
[motor_control-2] [INFO] [1770538952.744656346] [motor_control_node]: [ROSNode] 开始初始化CAN串口...
[motor_control-2] [INFO] [1770538952.777943268] [can_motor_driver]: Starting CAN frame receiving thread...
[motor_control-2] [INFO] [1770538952.779974130] [remote_control_node]: ✅ 遥控器串口 /dev/remote_control 初始化成功，波特率：115200
[motor_control-2] [INFO] [1770538952.907836772] [remote_control_node]: ✅ 遥控器数据解析线程已启动
[motor_control-2] [INFO] [1770538952.936885408] [remote_control_node]: ✅ 遥控器解析节点启动成功 | 串口:/dev/remote_control | 波特率:115200
[motor_control-2] [INFO] [1770538953.115775044] [motor_control_node]: [ROSNode] 状态切换：STOP → START
[motor_control-2] [INFO] [1770538953.130388128] [can_motor_driver]: Initializing motors...
[rtk_nav-4] [INFO] [1770538953.525331407] [rtk_nav]: GPS状态：RTK Float
[motor_control-2] [INFO] [1770538956.189845441] [can_motor_driver]: Initializing left wheel motor (ID=1)...
[motor_control-2] [INFO] [1770538956.362767022] [can_motor_driver]: Initializing right wheel motor (ID=2)...
[motor_control-2] [INFO] [1770538956.588396734] [can_motor_driver]: Initializing front brush motor (ID=3)...
[rtk_nav-4] [INFO] [1770538958.783848681] [rtk_nav]: 切换到RTK模式，导航状态：INITIAL_MOVE
[rtk_nav-4] [INFO] [1770538958.795202907] [rtk_nav]: [ROSNode] 启动/恢复RTK多点导航
[rtk_nav-4] [INFO] [1770538958.796827692] [rtk_nav]: 从状态INITIAL_MOVE恢复导航
[rtk_nav-4] [INFO] [1770538958.798844996] [rtk_nav]: [ROSNode] 进入初始移动阶段：初始点→第一个航点
[rtk_nav-4] [INFO] [1770538958.801808780] [rtk_nav]: 开始准备移动到第一个航点：(120.0713078, 30.32172521)
[rtk_nav-4] [INFO] [1770538958.805358968] [rtk_nav]: GPS初始位置获取成功：(120.071344, 30.321714)
[rtk_nav-4] [INFO] [1770538958.808084446] [rtk_nav]: IMU初始化完成，当前航向：12.29°
[rtk_nav-4] [INFO] [1770538958.810918392] [rtk_nav]: 初始点→第一个航点 初始朝向角：-70.47°
[rtk_nav-4] [INFO] [1770538958.813186377] [rtk_nav]: 开始初始航向对准：目标航向-70.47°
[rtk_nav-4] [INFO] [1770538958.816699409] [rtk_nav]: yaw_error=-82.76，修正量=1.50
[rtk_nav-4] [INFO] [1770538960.294466055] [rtk_nav]: yaw_error=-53.39，修正量=-0.40
[rtk_nav-4] [INFO] [1770538960.594653635] [rtk_nav]: yaw_error=-47.20，修正量=0.63
[rtk_nav-4] [INFO] [1770538960.795640869] [rtk_nav]: yaw_error=-43.21，修正量=0.66
[rtk_nav-4] [INFO] [1770538961.095769277] [rtk_nav]: yaw_error=-38.93，修正量=0.56
[rtk_nav-4] [INFO] [1770538961.295377743] [rtk_nav]: yaw_error=-34.60，修正量=0.48
[rtk_nav-4] [INFO] [1770538961.595621775] [rtk_nav]: yaw_error=-31.42，修正量=0.47
[rtk_nav-4] [INFO] [1770538961.795650026] [rtk_nav]: yaw_error=-27.58，修正量=0.36
[rtk_nav-4] [INFO] [1770538962.095719984] [rtk_nav]: yaw_error=-23.75，修正量=0.28
[rtk_nav-4] [INFO] [1770538962.294490831] [rtk_nav]: yaw_error=-20.65，修正量=0.26
[rtk_nav-4] [INFO] [1770538962.594514685] [rtk_nav]: yaw_error=-19.47，修正量=-0.02
[rtk_nav-4] [INFO] [1770538963.595488502] [rtk_nav]: yaw_error=-9.18，修正量=-0.50
[rtk_nav-4] [INFO] [1770538963.794778754] [rtk_nav]: yaw_error=-7.41，修正量=-0.07
[rtk_nav-4] [INFO] [1770538964.094647519] [rtk_nav]: yaw_error=-6.32，修正量=-0.04
[rtk_nav-4] [INFO] [1770538964.294925644] [rtk_nav]: yaw_error=-4.77，修正量=-0.07
[rtk_nav-4] [INFO] [1770538964.594455819] [rtk_nav]: yaw_error=-3.33，修正量=-0.07
[rtk_nav-4] [INFO] [1770538964.795732183] [rtk_nav]: yaw_error=-2.99，修正量=-0.01
[rtk_nav-4] [INFO] [1770538965.095048299] [rtk_nav]: yaw_error=-2.77，修正量=-0.01
[rtk_nav-4] [INFO] [1770538965.294902048] [rtk_nav]: yaw_error=-2.53，修正量=-0.01
[rtk_nav-4] [INFO] [1770538965.595771894] [rtk_nav]: yaw_error=-2.24，修正量=-0.01
[rtk_nav-4] [INFO] [1770538966.595667157] [rtk_nav]: yaw_error=-1.12，修正量=-0.05
[rtk_nav-4] [INFO] [1770538966.795750926] [rtk_nav]: 航向校准完成！误差：0.82°
[rtk_nav-4] [INFO] [1770538966.798711979] [rtk_nav]: 初始航向对准完成, 开始实时纠偏直线行驶
[rtk_nav-4] [INFO] [1770538966.801853586] [rtk_nav]: 记录初始旋转完成航向角：-70.47°
[rtk_nav-4] [INFO] [1770538966.806733353] [rtk_nav]: 到第一个航点距离：3.58 m, 实时朝向角：-62.13°
[rtk_nav-4] [INFO] [1770538966.811998627] [rtk_nav]: yaw_error=8.34，修正量=-0.49
[rtk_nav-4] [INFO] [1770538968.794999372] [rtk_nav]: 到第一个航点距离：3.36 m, 实时朝向角：-61.01°
[rtk_nav-4] [INFO] [1770538968.796718421] [rtk_nav]: yaw_error=9.46，修正量=-0.07
[rtk_nav-4] [INFO] [1770538971.794429756] [rtk_nav]: 到第一个航点距离：2.92 m, 实时朝向角：-59.65°
[rtk_nav-4] [INFO] [1770538971.795920179] [rtk_nav]: yaw_error=10.82，修正量=-0.09
[rtk_nav-4] [INFO] [1770538974.795678851] [rtk_nav]: 到第一个航点距离：2.50 m, 实时朝向角：-57.44°
[rtk_nav-4] [INFO] [1770538974.798889415] [rtk_nav]: yaw_error=13.03，修正量=-0.14
[rtk_nav-4] [INFO] [1770538977.794502123] [rtk_nav]: 到第一个航点距离：2.08 m, 实时朝向角：-54.91°
[rtk_nav-4] [INFO] [1770538977.795992428] [rtk_nav]: yaw_error=15.55，修正量=-0.15
[rtk_nav-4] [INFO] [1770538981.295814105] [rtk_nav]: 到第一个航点距离：1.62 m, 实时朝向角：-50.71°
[rtk_nav-4] [INFO] [1770538981.298741462] [rtk_nav]: yaw_error=19.76，修正量=-0.25
[rtk_nav-4] [INFO] [1770538984.295704062] [rtk_nav]: 到第一个航点距离：1.20 m, 实时朝向角：-44.97°
[rtk_nav-4] [INFO] [1770538984.299259779] [rtk_nav]: yaw_error=25.50，修正量=-0.80
[rtk_nav-4] [INFO] [1770538987.294747858] [rtk_nav]: 到第一个航点距离：0.95 m, 实时朝向角：-40.88°
[rtk_nav-4] [INFO] [1770538987.296289266] [rtk_nav]: yaw_error=29.59，修正量=-0.80
[rtk_nav-4] [INFO] [1770538990.796135260] [rtk_nav]: 到第一个航点距离：0.69 m, 实时朝向角：-41.81°
[rtk_nav-4] [INFO] [1770538990.798672411] [rtk_nav]: yaw_error=28.65，修正量=-0.53
[rtk_nav-4] [INFO] [1770538994.096447920] [rtk_nav]: 到第一个航点距离：0.53 m, 实时朝向角：-46.45°
[rtk_nav-4] [INFO] [1770538994.100933789] [rtk_nav]: yaw_error=24.01，修正量=-0.25
[rtk_nav-4] [INFO] [1770538997.596248251] [rtk_nav]: 到第一个航点距离：0.41 m, 实时朝向角：-55.58°
[rtk_nav-4] [INFO] [1770538997.599795790] [rtk_nav]: yaw_error=14.89，修正量=0.43
[rtk_nav-4] [INFO] [1770539001.093837416] [rtk_nav]: 到第一个航点距离：0.29 m, 实时朝向角：-35.11°
[rtk_nav-4] [INFO] [1770539001.095232252] [rtk_nav]: yaw_error=35.35，修正量=-1.50
[rtk_nav-4] [INFO] [1770539004.296324215] [rtk_nav]: yaw_error=4.33，修正量=1.50
[rtk_nav-4] [INFO] [1770539007.794914762] [rtk_nav]: 到第一个航点距离：0.18 m, 实时朝向角：-81.75°
[rtk_nav-4] [INFO] [1770539007.797451239] [rtk_nav]: yaw_error=-11.28，修正量=0.80
[rtk_nav-4] [INFO] [1770539011.095766654] [rtk_nav]: yaw_error=-59.12，修正量=1.50
[rtk_nav-4] [INFO] [1770539011.297359183] [rtk_nav]: yaw_error=-58.89，修正量=1.17
[rtk_nav-4] [INFO] [1770539014.295829269] [rtk_nav]: yaw_error=-38.08，修正量=-0.28
[rtk_nav-4] [INFO] [1770539017.594510665] [rtk_nav]: 到第一个航点距离：0.07 m, 实时朝向角：-54.59°
[rtk_nav-4] [INFO] [1770539017.596050294] [rtk_nav]: 距离达标, 连续计数：1/5
[rtk_nav-4] [INFO] [1770539017.597611968] [rtk_nav]: yaw_error=15.88，修正量=-1.50
[rtk_nav-4] [INFO] [1770539017.694590422] [rtk_nav]: 距离达标, 连续计数：2/5
[rtk_nav-4] [INFO] [1770539017.794311200] [rtk_nav]: 距离达标, 连续计数：3/5
[rtk_nav-4] [INFO] [1770539017.795841135] [rtk_nav]: yaw_error=18.61，修正量=-0.17
[rtk_nav-4] [INFO] [1770539017.894197462] [rtk_nav]: 距离达标, 连续计数：4/5
[rtk_nav-4] [INFO] [1770539017.993777925] [rtk_nav]: 距离达标, 连续计数：5/5
[rtk_nav-4] [INFO] [1770539017.994900738] [rtk_nav]: 已到达第一个航点距离阈值：0.07 m
[rtk_nav-4] [INFO] [1770539017.996372064] [rtk_nav]: 开始最终航向校准：目标-167.98°, 当前-50.58°
[rtk_nav-4] [INFO] [1770539017.998200858] [rtk_nav]: yaw_error=-117.40，修正量=1.50
[rtk_nav-4] [INFO] [1770539018.594475127] [rtk_nav]: yaw_error=-110.37，修正量=1.50
[rtk_nav-4] [INFO] [1770539018.795900902] [rtk_nav]: yaw_error=-104.49，修正量=1.50
[rtk_nav-4] [INFO] [1770539019.094973942] [rtk_nav]: yaw_error=-98.56，修正量=1.50
[rtk_nav-4] [INFO] [1770539019.296406471] [rtk_nav]: yaw_error=-92.34，修正量=1.50
[rtk_nav-4] [INFO] [1770539019.596204865] [rtk_nav]: yaw_error=-86.24，修正量=1.50
[rtk_nav-4] [INFO] [1770539019.796252066] [rtk_nav]: yaw_error=-81.35，修正量=1.50
[rtk_nav-4] [INFO] [1770539020.096191333] [rtk_nav]: yaw_error=-75.32，修正量=1.50
[rtk_nav-4] [INFO] [1770539020.295758080] [rtk_nav]: yaw_error=-69.26，修正量=1.50
[rtk_nav-4] [INFO] [1770539020.595696528] [rtk_nav]: yaw_error=-63.10，修正量=1.50
[rtk_nav-4] [INFO] [1770539020.795937924] [rtk_nav]: yaw_error=-56.95，修正量=0.83
[rtk_nav-4] [INFO] [1770539021.096780151] [rtk_nav]: yaw_error=-55.75，修正量=1.05
[rtk_nav-4] [INFO] [1770539022.095774875] [rtk_nav]: yaw_error=-30.20，修正量=-0.67
[rtk_nav-4] [INFO] [1770539022.296065913] [rtk_nav]: yaw_error=-25.19，修正量=0.25
[rtk_nav-4] [INFO] [1770539022.593613312] [rtk_nav]: yaw_error=-22.28，修正量=0.30
[rtk_nav-4] [INFO] [1770539022.794533350] [rtk_nav]: yaw_error=-19.67，修正量=-0.09
[rtk_nav-4] [INFO] [1770539023.094680425] [rtk_nav]: yaw_error=-17.63，修正量=-0.07
[rtk_nav-4] [INFO] [1770539023.294528891] [rtk_nav]: yaw_error=-15.89，修正量=-0.06
[rtk_nav-4] [INFO] [1770539023.594649959] [rtk_nav]: yaw_error=-14.38，修正量=-0.05
[rtk_nav-4] [INFO] [1770539023.795521787] [rtk_nav]: yaw_error=-12.72，修正量=-0.06
[rtk_nav-4] [INFO] [1770539024.094827386] [rtk_nav]: yaw_error=-11.84，修正量=-0.02
[rtk_nav-4] [INFO] [1770539025.094765449] [rtk_nav]: yaw_error=-4.87，修正量=-0.34
[rtk_nav-4] [INFO] [1770539025.294894287] [rtk_nav]: yaw_error=-3.20，修正量=-0.08
[rtk_nav-4] [INFO] [1770539025.594441104] [rtk_nav]: yaw_error=-2.72，修正量=-0.02
[rtk_nav-4] [INFO] [1770539025.795670170] [rtk_nav]: yaw_error=-2.46，修正量=-0.01
[rtk_nav-4] [INFO] [1770539026.095772925] [rtk_nav]: yaw_error=-2.26，修正量=-0.01
[rtk_nav-4] [INFO] [1770539026.295754464] [rtk_nav]: yaw_error=-2.00，修正量=-0.01
[rtk_nav-4] [INFO] [1770539026.595851171] [rtk_nav]: yaw_error=-1.76，修正量=-0.01
[rtk_nav-4] [INFO] [1770539026.794374950] [rtk_nav]: yaw_error=-1.49，修正量=-0.01
[rtk_nav-4] [INFO] [1770539027.095118826] [rtk_nav]: yaw_error=-1.38，修正量=-0.00
[rtk_nav-4] [INFO] [1770539028.095611204] [rtk_nav]: 航向校准完成！误差：0.02°
[rtk_nav-4] [INFO] [1770539028.098964894] [rtk_nav]: [ROSNode] 初始移动完成, 进入航点导航阶段
[rtk_nav-4] [INFO] [1770539028.104474718] [rtk_nav]: 直线：yaw_error=5.30，修正量=-0.04
[rtk_nav-4] [INFO] [1770539028.196253955] [rtk_nav]: [ROSNode] 目标航点1：距离6.56m, IMU航向-167.96°, 目标路径航向-162.66°, 偏差角5.30°
[rtk_nav-4] [INFO] [1770539028.296094097] [rtk_nav]: 直线：yaw_error=5.59，修正量=-0.01
[rtk_nav-4] [INFO] [1770539028.594808335] [rtk_nav]: 直线：yaw_error=5.85，修正量=-0.01
[rtk_nav-4] [INFO] [1770539028.794776934] [rtk_nav]: 直线：yaw_error=5.97，修正量=-0.01
[rtk_nav-4] [INFO] [1770539029.294818166] [rtk_nav]: 直线：yaw_error=6.17，修正量=-0.01
[rtk_nav-4] [INFO] [1770539030.096213888] [rtk_nav]: 直线：yaw_error=6.62，修正量=-0.01
[rtk_nav-4] [INFO] [1770539030.196538271] [rtk_nav]: [ROSNode] 目标航点1：距离6.33m, IMU航向-168.95°, 目标路径航向-162.33°, 偏差角6.62°
[rtk_nav-4] [INFO] [1770539031.094667519] [rtk_nav]: 直线：yaw_error=6.73，修正量=-0.01
[rtk_nav-4] [INFO] [1770539033.594832193] [rtk_nav]: 直线：yaw_error=7.31，修正量=-0.02
[rtk_nav-4] [INFO] [1770539033.694950443] [rtk_nav]: [ROSNode] 目标航点1：距离5.82m, IMU航向-169.04°, 目标路径航向-161.73°, 偏差角7.31°
[rtk_nav-4] [INFO] [1770539036.794745870] [rtk_nav]: 直线：yaw_error=7.60，修正量=-0.02
[rtk_nav-4] [INFO] [1770539036.894381310] [rtk_nav]: [ROSNode] 目标航点1：距离5.39m, IMU航向-169.14°, 目标路径航向-161.54°, 偏差角7.60°
[rtk_nav-4] [INFO] [1770539040.095626830] [rtk_nav]: 直线：yaw_error=6.29，修正量=-0.01
[rtk_nav-4] [INFO] [1770539040.193905371] [rtk_nav]: [ROSNode] 目标航点1：距离5.07m, IMU航向-169.06°, 目标路径航向-162.77°, 偏差角6.29°
[sensors_485-3] [WARN] [1770539041.519518379] [Sensors_485_node]: IO: CRC check failed
[rtk_nav-4] [INFO] [1770539043.096671254] [rtk_nav]: 直线：yaw_error=7.03，修正量=-0.02
[rtk_nav-4] [INFO] [1770539043.194364694] [rtk_nav]: [ROSNode] 目标航点1：距离4.64m, IMU航向-169.02°, 目标路径航向-161.99°, 偏差角7.03°
[rtk_nav-4] [INFO] [1770539044.096531059] [rtk_nav]: 直线：yaw_error=6.88，修正量=-0.01
[rtk_nav-4] [INFO] [1770539046.094952205] [rtk_nav]: 直线：yaw_error=5.58，修正量=-0.01
[rtk_nav-4] [INFO] [1770539046.194569110] [rtk_nav]: [ROSNode] 目标航点1：距离4.46m, IMU航向-168.79°, 目标路径航向-163.21°, 偏差角5.58°
[rtk_nav-4] [INFO] [1770539049.294957835] [rtk_nav]: 直线：yaw_error=4.89，修正量=-0.01
[rtk_nav-4] [INFO] [1770539049.394507930] [rtk_nav]: [ROSNode] 目标航点1：距离4.16m, IMU航向-168.64°, 目标路径航向-163.75°, 偏差角4.89°
[rtk_nav-4] [INFO] [1770539052.095102043] [rtk_nav]: 直线：yaw_error=4.00，修正量=-0.00
[rtk_nav-4] [INFO] [1770539052.194142153] [rtk_nav]: [ROSNode] 目标航点1：距离3.95m, IMU航向-168.59°, 目标路径航向-164.59°, 偏差角4.00°
[rtk_nav-4] [INFO] [1770539052.294757935] [rtk_nav]: 直线：yaw_error=2.97，修正量=-0.00
[rtk_nav-4] [INFO] [1770539052.394570886] [rtk_nav]: [ROSNode] 目标航点1：距离4.05m, IMU航向-168.59°, 目标路径航向-165.62°, 偏差角2.97°
[rtk_nav-4] [INFO] [1770539055.094829453] [rtk_nav]: 直线：yaw_error=2.07，修正量=-0.00
[rtk_nav-4] [INFO] [1770539055.194325344] [rtk_nav]: [ROSNode] 目标航点1：距离3.66m, IMU航向-168.49°, 目标路径航向-166.42°, 偏差角2.07°
[rtk_nav-4] [INFO] [1770539058.096217380] [rtk_nav]: 直线：yaw_error=1.82，修正量=-0.00
[rtk_nav-4] [INFO] [1770539058.197184144] [rtk_nav]: [ROSNode] 目标航点1：距离3.30m, IMU航向-168.62°, 目标路径航向-166.80°, 偏差角1.82°
[rtk_nav-4] [INFO] [1770539060.794708296] [rtk_nav]: 直线：yaw_error=-1.61，修正量=0.02
[rtk_nav-4] [INFO] [1770539060.894313291] [rtk_nav]: [ROSNode] 目标航点1：距离3.07m, IMU航向-168.56°, 目标路径航向-170.17°, 偏差角-1.61°
[mqtt_ros2_bridge-1] [0m[INFO] [1770539062.255623791] [mqtt]: 
[mqtt_ros2_bridge-1] [收到消息] 
[mqtt_ros2_bridge-1]   ├─ 主题: robot/ROS2_VM/cmd
[mqtt_ros2_bridge-1]   ├─ QoS: 0
[mqtt_ros2_bridge-1]   └─ 内容: g[0m
[mqtt_ros2_bridge-1] [0m[INFO] [1770539062.257634823] [mqtt]: [MQTT->ROS2] 已发布到 /robot_cmd: g[0m
[motor_control-2] [WARN] [1770539062.266054358] [motor_control_node]: [ROSNode] 消息不是有效JSON字典，尝试按字符串处理: g, 错误: Expecting value: line 1 column 1 (char 0)
[motor_control-2] [ERROR] [1770539062.273544311] [motor_control_node]: [ROSNode] 无效的字符串指令：g (仅支持: ['z', 'x', 'w', 's', 'a', 'd', 'l', 'u', 'r'])
[mqtt_ros2_bridge-1] [0m[INFO] [1770539062.278592516] [mqtt]: [ROS2] 收到robot_state: {"status": "START", "battery": null, "battery_total_voltage": null, "battery_current": null, "imu_yaw": -168.47000122070312, "rtk_status": 5, "current_lon": 120.07129836566668, "current_lat": 30.321692023333338, "sensors_status": 3, "timestamp": "2026-02-08 16:24:22"}[0m
[mqtt_ros2_bridge-1] [0m[INFO] [1770539062.283325199] [mqtt]: 
[mqtt_ros2_bridge-1] [状态] 消息发布成功 (消息ID: 3, 原因代码: Success)[0m
[motor_control-2] [INFO] [1770539062.283357792] [motor_control_node]: [ROSNode] 成功发布状态: {"status": "START", "battery": null, "battery_total_voltage": null, "battery_current": null, "imu_yaw": -168.47000122070312, "rtk_status": 5, "current_lon": 120.07129836566668, "current_lat": 30.321692023333338, "sensors_status": 3, "timestamp": "2026-02-08 16:24:22"}
[rtk_nav-4] [INFO] [1770539063.594747760] [rtk_nav]: 直线：yaw_error=-3.76，修正量=0.02
[rtk_nav-4] [INFO] [1770539063.695211820] [rtk_nav]: [ROSNode] 目标航点1：距离2.76m, IMU航向-168.49°, 目标路径航向-172.25°, 偏差角-3.76°
[rtk_nav-4] [INFO] [1770539066.596229319] [rtk_nav]: 直线：yaw_error=-7.00，修正量=0.03
[rtk_nav-4] [INFO] [1770539066.695910748] [rtk_nav]: [ROSNode] 目标航点1：距离2.44m, IMU航向-168.56°, 目标路径航向-175.56°, 偏差角-7.00°
[rtk_nav-4] [INFO] [1770539069.596300500] [rtk_nav]: 直线：yaw_error=-10.48，修正量=0.04
[rtk_nav-4] [INFO] [1770539069.693984362] [rtk_nav]: [ROSNode] 目标航点1：距离2.16m, IMU航向-168.80°, 目标路径航向-179.28°, 偏差角-10.48°
[rtk_nav-4] [INFO] [1770539070.596382831] [rtk_nav]: 直线：yaw_error=-10.37，修正量=0.02
[rtk_nav-4] [INFO] [1770539072.595849965] [rtk_nav]: 直线：yaw_error=-13.94，修正量=0.05
[rtk_nav-4] [INFO] [1770539072.695179788] [rtk_nav]: [ROSNode] 目标航点1：距离1.81m, IMU航向-169.02°, 目标路径航向177.04°, 偏差角-13.94°
[rtk_nav-4] [INFO] [1770539073.596456664] [rtk_nav]: 直线：yaw_error=-13.76，修正量=0.03
[rtk_nav-4] [INFO] [1770539075.796211796] [rtk_nav]: 直线：yaw_error=-20.25，修正量=0.44
[rtk_nav-4] [INFO] [1770539075.896554023] [rtk_nav]: [ROSNode] 目标航点1：距离1.44m, IMU航向-169.45°, 目标路径航向170.30°, 偏差角-20.25°
[rtk_nav-4] [INFO] [1770539076.796101960] [rtk_nav]: 直线：yaw_error=-18.78，修正量=0.03
[rtk_nav-4] [INFO] [1770539077.096294148] [rtk_nav]: 直线：yaw_error=-18.30，修正量=0.03
[rtk_nav-4] [INFO] [1770539077.296179992] [rtk_nav]: 直线：yaw_error=-18.20，修正量=0.04
[rtk_nav-4] [INFO] [1770539079.096613743] [rtk_nav]: 直线：yaw_error=-23.51，修正量=0.50
[rtk_nav-4] [INFO] [1770539079.196878036] [rtk_nav]: [ROSNode] 目标航点1：距离1.25m, IMU航向-171.78°, 目标路径航向164.71°, 偏差角-23.51°
[rtk_nav-4] [INFO] [1770539079.794871534] [rtk_nav]: 直线：yaw_error=-22.23，修正量=0.44
[rtk_nav-4] [INFO] [1770539080.096755918] [rtk_nav]: 直线：yaw_error=-21.62，修正量=0.43
[rtk_nav-4] [INFO] [1770539080.295027166] [rtk_nav]: 直线：yaw_error=-21.04，修正量=0.42
[rtk_nav-4] [INFO] [1770539080.596178574] [rtk_nav]: 直线：yaw_error=-20.45，修正量=0.41
[rtk_nav-4] [INFO] [1770539080.797016675] [rtk_nav]: 直线：yaw_error=-20.03，修正量=0.40
[rtk_nav-4] [INFO] [1770539081.094925601] [rtk_nav]: 直线：yaw_error=-19.47，修正量=0.04
[rtk_nav-4] [INFO] [1770539081.296524744] [rtk_nav]: 直线：yaw_error=-18.95，修正量=0.04
[rtk_nav-4] [INFO] [1770539081.596485531] [rtk_nav]: 直线：yaw_error=-18.74，修正量=0.04
[rtk_nav-4] [INFO] [1770539082.096228556] [rtk_nav]: 直线：yaw_error=-20.45，修正量=0.42
[rtk_nav-4] [INFO] [1770539082.195646304] [rtk_nav]: [ROSNode] 目标航点1：距离1.13m, IMU航向-176.60°, 目标路径航向162.95°, 偏差角-20.45°
[rtk_nav-4] [INFO] [1770539082.796014260] [rtk_nav]: 直线：yaw_error=-19.27，修正量=0.03
[rtk_nav-4] [INFO] [1770539083.096322487] [rtk_nav]: 直线：yaw_error=-18.75，修正量=0.03
[rtk_nav-4] [INFO] [1770539083.296086805] [rtk_nav]: 直线：yaw_error=-18.62，修正量=0.04
[rtk_nav-4] [INFO] [1770539084.795944905] [rtk_nav]: 直线：yaw_error=-22.68，修正量=0.48
[rtk_nav-4] [INFO] [1770539085.794831387] [rtk_nav]: 直线：yaw_error=-20.99，修正量=0.41
[rtk_nav-4] [INFO] [1770539086.094624543] [rtk_nav]: 直线：yaw_error=-20.46，修正量=0.41
[rtk_nav-4] [INFO] [1770539086.295006733] [rtk_nav]: 直线：yaw_error=-19.93，修正量=0.04
[rtk_nav-4] [INFO] [1770539086.596044839] [rtk_nav]: 直线：yaw_error=-19.44，修正量=0.04
[rtk_nav-4] [INFO] [1770539087.096259316] [rtk_nav]: 直线：yaw_error=-19.24，修正量=0.04
[rtk_nav-4] [INFO] [1770539087.795235355] [rtk_nav]: 直线：yaw_error=-22.73，修正量=0.47
[rtk_nav-4] [INFO] [1770539087.894394709] [rtk_nav]: [ROSNode] 目标航点1：距离1.01m, IMU航向177.70°, 目标路径航向154.97°, 偏差角-22.73°
[rtk_nav-4] [INFO] [1770539089.095770853] [rtk_nav]: 直线：yaw_error=-20.27，修正量=0.39
[rtk_nav-4] [INFO] [1770539089.295568902] [rtk_nav]: 直线：yaw_error=-19.66，修正量=0.04
[rtk_nav-4] [INFO] [1770539089.595857172] [rtk_nav]: 直线：yaw_error=-19.18，修正量=0.04
[rtk_nav-4] [INFO] [1770539091.523340385] [rtk_nav]: GPS状态：差分
[rtk_nav-4] [INFO] [1770539091.594354648] [rtk_nav]: 直线：yaw_error=174.22，修正量=-1.50
[rtk_nav-4] [INFO] [1770539091.693986327] [rtk_nav]: [ROSNode] 目标航点1：距离2.55m, IMU航向173.73°, 目标路径航向-12.05°, 偏差角174.22°
[rtk_nav-4] [INFO] [1770539092.596696639] [rtk_nav]: 直线：yaw_error=169.74，修正量=-1.50
[rtk_nav-4] [INFO] [1770539092.796956081] [rtk_nav]: 直线：yaw_error=167.75，修正量=-1.50
[rtk_nav-4] [INFO] [1770539093.096785255] [rtk_nav]: 直线：yaw_error=165.74，修正量=-1.50
[rtk_nav-4] [INFO] [1770539093.297262732] [rtk_nav]: 直线：yaw_error=163.82，修正量=-1.50
[rtk_nav-4] [INFO] [1770539093.594315669] [rtk_nav]: 直线：yaw_error=161.85，修正量=-1.50
[rtk_nav-4] [INFO] [1770539093.794452723] [rtk_nav]: 直线：yaw_error=160.30，修正量=-1.50
[rtk_nav-4] [INFO] [1770539094.096415211] [rtk_nav]: 直线：yaw_error=158.42，修正量=-1.50
[rtk_nav-4] [INFO] [1770539094.296225512] [rtk_nav]: 直线：yaw_error=156.55，修正量=-1.50
[rtk_nav-4] [INFO] [1770539094.595978272] [rtk_nav]: 直线：yaw_error=154.55，修正量=-1.50
[rtk_nav-4] [INFO] [1770539094.794691054] [rtk_nav]: 直线：yaw_error=153.76，修正量=-1.50
[rtk_nav-4] [INFO] [1770539095.023659129] [rtk_nav]: GPS状态：RTK Float
[rtk_nav-4] [INFO] [1770539095.094853865] [rtk_nav]: 直线：yaw_error=-91.16，修正量=1.50
[rtk_nav-4] [INFO] [1770539095.194226644] [rtk_nav]: [ROSNode] 目标航点1：距离0.51m, IMU航向-165.81°, 目标路径航向103.03°, 偏差角-91.16°
[rtk_nav-4] [INFO] [1770539096.096303926] [rtk_nav]: 直线：yaw_error=-94.00，修正量=1.50
[rtk_nav-4] [INFO] [1770539096.295962979] [rtk_nav]: 直线：yaw_error=-92.16，修正量=1.50
[rtk_nav-4] [INFO] [1770539096.595987642] [rtk_nav]: 直线：yaw_error=-90.21，修正量=1.50
[rtk_nav-4] [INFO] [1770539096.796562011] [rtk_nav]: 直线：yaw_error=-88.21，修正量=1.50
[rtk_nav-4] [INFO] [1770539097.096296533] [rtk_nav]: 直线：yaw_error=-86.65，修正量=1.50
[rtk_nav-4] [INFO] [1770539097.296327909] [rtk_nav]: 直线：yaw_error=-84.58，修正量=1.50
[rtk_nav-4] [INFO] [1770539097.595963483] [rtk_nav]: 直线：yaw_error=-82.60，修正量=1.50
[rtk_nav-4] [INFO] [1770539097.796559272] [rtk_nav]: 直线：yaw_error=-80.53，修正量=1.50
[rtk_nav-4] [INFO] [1770539098.096845034] [rtk_nav]: 直线：yaw_error=-79.29，修正量=1.50
[rtk_nav-4] [INFO] [1770539098.296635915] [rtk_nav]: 直线：yaw_error=-94.34，修正量=1.50
[rtk_nav-4] [INFO] [1770539098.395143409] [rtk_nav]: [ROSNode] 目标航点1：距离0.37m, IMU航向-177.68°, 目标路径航向87.98°, 偏差角-94.34°
[rtk_nav-4] [INFO] [1770539099.094894682] [rtk_nav]: 直线：yaw_error=-85.05，修正量=1.50
[rtk_nav-4] [INFO] [1770539099.294761162] [rtk_nav]: 直线：yaw_error=-83.11，修正量=1.50
[rtk_nav-4] [INFO] [1770539099.596637473] [rtk_nav]: 直线：yaw_error=-81.12，修正量=1.50
[rtk_nav-4] [INFO] [1770539099.796288036] [rtk_nav]: 直线：yaw_error=-79.12，修正量=1.50
[rtk_nav-4] [INFO] [1770539100.094692028] [rtk_nav]: 直线：yaw_error=-77.50，修正量=1.50
[rtk_nav-4] [INFO] [1770539100.295905143] [rtk_nav]: 直线：yaw_error=-75.47，修正量=1.50
[rtk_nav-4] [INFO] [1770539100.594786571] [rtk_nav]: 直线：yaw_error=-73.40，修正量=1.50
[rtk_nav-4] [INFO] [1770539100.794455237] [rtk_nav]: 直线：yaw_error=-71.35，修正量=1.50
[rtk_nav-4] [INFO] [1770539101.094606079] [rtk_nav]: 直线：yaw_error=-61.73，修正量=1.50
[rtk_nav-4] [INFO] [1770539101.194362600] [rtk_nav]: [ROSNode] 目标航点1：距离0.21m, IMU航向158.94°, 目标路径航向97.21°, 偏差角-61.73°
[rtk_nav-4] [INFO] [1770539101.794718420] [rtk_nav]: 直线：yaw_error=-53.87，修正量=1.04
[rtk_nav-4] [INFO] [1770539102.096297097] [rtk_nav]: 直线：yaw_error=-51.91，修正量=1.03
[rtk_nav-4] [INFO] [1770539102.296480874] [rtk_nav]: 直线：yaw_error=-50.46，修正量=1.00
[rtk_nav-4] [INFO] [1770539102.595012183] [rtk_nav]: 直线：yaw_error=-49.11，修正量=0.98
[rtk_nav-4] [INFO] [1770539102.794656781] [rtk_nav]: 直线：yaw_error=-48.08，修正量=0.96
[rtk_nav-4] [INFO] [1770539103.094711524] [rtk_nav]: 直线：yaw_error=-46.72，修正量=0.93
[rtk_nav-4] [INFO] [1770539103.294688066] [rtk_nav]: 直线：yaw_error=-45.46，修正量=0.90
[rtk_nav-4] [INFO] [1770539103.594846517] [rtk_nav]: 直线：yaw_error=-44.19，修正量=0.88
[rtk_nav-4] [INFO] [1770539103.796129085] [rtk_nav]: 直线：yaw_error=-21.85，修正量=0.33
[rtk_nav-4] [INFO] [1770539104.795816635] [rtk_nav]: 直线：yaw_error=-17.33，修正量=0.01
[rtk_nav-4] [INFO] [1770539105.094776315] [rtk_nav]: 直线：yaw_error=-16.79，修正量=0.03
[rtk_nav-4] [INFO] [1770539105.294627873] [rtk_nav]: 直线：yaw_error=-16.69，修正量=0.03
[rtk_nav-4] [INFO] [1770539107.094701498] [rtk_nav]: [ROSNode] 已到达航点1距离阈值（0.07m ≤ 0.1m）
[rtk_nav-4] [INFO] [1770539107.194420772] [rtk_nav]: [ROSNode] 目标航点1：距离0.07m, IMU航向135.93°, 目标路径航向118.00°, 偏差角-17.93°
[rtk_nav-4] [INFO] [1770539107.196947585] [rtk_nav]: yaw_error=-33.80，修正量=1.50
[rtk_nav-4] [INFO] [1770539107.794513285] [rtk_nav]: yaw_error=-28.44，修正量=0.30
[rtk_nav-4] [INFO] [1770539108.096508112] [rtk_nav]: yaw_error=-24.72，修正量=0.31
[rtk_nav-4] [INFO] [1770539108.294802868] [rtk_nav]: yaw_error=-21.74，修正量=0.29
[rtk_nav-4] [INFO] [1770539108.594802194] [rtk_nav]: yaw_error=-19.07，修正量=-0.10
[rtk_nav-4] [INFO] [1770539108.796093038] [rtk_nav]: yaw_error=-16.97，修正量=-0.07
[rtk_nav-4] [INFO] [1770539109.096231972] [rtk_nav]: yaw_error=-15.02，修正量=-0.07
[rtk_nav-4] [INFO] [1770539109.296796879] [rtk_nav]: yaw_error=-13.49，修正量=-0.05
[rtk_nav-4] [INFO] [1770539109.596287082] [rtk_nav]: yaw_error=-12.03，修正量=-0.05
[rtk_nav-4] [INFO] [1770539111.096409266] [rtk_nav]: yaw_error=-2.09，修正量=-0.49
[rtk_nav-4] [INFO] [1770539111.294630741] [rtk_nav]: 航向校准完成！误差：0.44°
[rtk_nav-4] [INFO] [1770539111.296883734] [rtk_nav]: [ROSNode] 航点1航向校准完成, 结果：True
[rtk_nav-4] [INFO] [1770539111.299662728] [rtk_nav]: [ROSNode] 切换到新航点2, 准备进入移动阶段
[rtk_nav-4] [INFO] [1770539111.395753063] [rtk_nav]: [航点切换] 进入路段1→2
[rtk_nav-4] [INFO] [1770539111.398863603] [rtk_nav]: [航点切换] 缓存当前文件上一个航点1：(120.0712929, 30.32166478, 102.13)
[rtk_nav-4] [INFO] [1770539111.402892322] [rtk_nav]: 直线：yaw_error=8.38，修正量=-0.07
[rtk_nav-4] [INFO] [1770539111.495125095] [rtk_nav]: [ROSNode] 目标航点2：距离1.09m, IMU航向102.57°, 目标路径航向110.95°, 偏差角8.38°
[rtk_nav-4] [INFO] [1770539111.596828621] [rtk_nav]: 直线：yaw_error=8.85，修正量=-0.02
[rtk_nav-4] [INFO] [1770539113.596059502] [rtk_nav]: 直线：yaw_error=13.37，修正量=-0.05
[rtk_nav-4] [INFO] [1770539114.596879062] [rtk_nav]: 直线：yaw_error=13.56，修正量=-0.03
[rtk_nav-4] [INFO] [1770539116.594988471] [rtk_nav]: 直线：yaw_error=16.00，修正量=-0.04
[rtk_nav-4] [INFO] [1770539116.694851150] [rtk_nav]: [ROSNode] 目标航点2：距离0.88m, IMU航向101.60°, 目标路径航向117.60°, 偏差角16.00°
[rtk_nav-4] [INFO] [1770539117.596089374] [rtk_nav]: 直线：yaw_error=15.89，修正量=-0.03
[rtk_nav-4] [INFO] [1770539119.596886670] [rtk_nav]: 直线：yaw_error=19.63，修正量=-0.06
[rtk_nav-4] [INFO] [1770539119.696753531] [rtk_nav]: [ROSNode] 目标航点2：距离0.77m, IMU航向101.91°, 目标路径航向121.54°, 偏差角19.63°
[rtk_nav-4] [INFO] [1770539119.796122710] [rtk_nav]: 直线：yaw_error=19.85，修正量=-0.04
[rtk_nav-4] [INFO] [1770539120.597078133] [rtk_nav]: 直线：yaw_error=19.70，修正量=-0.04
[rtk_nav-4] [INFO] [1770539122.794619710] [rtk_nav]: 直线：yaw_error=24.96，修正量=-0.53
[rtk_nav-4] [INFO] [1770539123.796507142] [rtk_nav]: 直线：yaw_error=23.38，修正量=-0.46
[rtk_nav-4] [INFO] [1770539124.095397314] [rtk_nav]: 直线：yaw_error=22.79，修正量=-0.45
[rtk_nav-4] [INFO] [1770539124.294553886] [rtk_nav]: 直线：yaw_error=22.25，修正量=-0.44
[rtk_nav-4] [INFO] [1770539124.594918554] [rtk_nav]: 直线：yaw_error=21.75，修正量=-0.43
[rtk_nav-4] [INFO] [1770539124.796466113] [rtk_nav]: 直线：yaw_error=21.34，修正量=-0.42
[rtk_nav-4] [INFO] [1770539125.093966298] [rtk_nav]: 直线：yaw_error=20.86，修正量=-0.41
[rtk_nav-4] [INFO] [1770539125.294071270] [rtk_nav]: 直线：yaw_error=20.39，修正量=-0.41
[rtk_nav-4] [INFO] [1770539125.595404056] [rtk_nav]: 直线：yaw_error=19.96，修正量=-0.04
[rtk_nav-4] [INFO] [1770539125.794933287] [rtk_nav]: 直线：yaw_error=19.61，修正量=-0.04
[rtk_nav-4] [INFO] [1770539126.095176628] [rtk_nav]: 直线：yaw_error=17.14，修正量=-0.02
[rtk_nav-4] [INFO] [1770539126.194942709] [rtk_nav]: [ROSNode] 目标航点2：距离0.51m, IMU航向107.73°, 目标路径航向124.87°, 偏差角17.14°
[rtk_nav-4] [INFO] [1770539126.794676026] [rtk_nav]: 直线：yaw_error=16.62，修正量=-0.03
[rtk_nav-4] [INFO] [1770539129.096879344] [rtk_nav]: 直线：yaw_error=22.41，修正量=-0.48
[rtk_nav-4] [INFO] [1770539130.094872718] [rtk_nav]: 直线：yaw_error=21.08，修正量=-0.41
[rtk_nav-4] [INFO] [1770539130.295746909] [rtk_nav]: 直线：yaw_error=20.60，修正量=-0.41
[rtk_nav-4] [INFO] [1770539130.596679719] [rtk_nav]: 直线：yaw_error=20.09，修正量=-0.40
[rtk_nav-4] [INFO] [1770539130.795886060] [rtk_nav]: 直线：yaw_error=19.72，修正量=-0.04
[rtk_nav-4] [INFO] [1770539131.095991831] [rtk_nav]: 直线：yaw_error=19.21，修正量=-0.04
[rtk_nav-4] [INFO] [1770539131.294793920] [rtk_nav]: 直线：yaw_error=19.09，修正量=-0.04
[rtk_nav-4] [INFO] [1770539132.095230940] [rtk_nav]: 直线：yaw_error=24.48，修正量=-0.52
[rtk_nav-4] [INFO] [1770539132.195021835] [rtk_nav]: [ROSNode] 目标航点2：距离0.37m, IMU航向112.04°, 目标路径航向136.52°, 偏差角24.48°
[rtk_nav-4] [INFO] [1770539132.796072369] [rtk_nav]: 直线：yaw_error=23.19，修正量=-0.46
[rtk_nav-4] [INFO] [1770539133.094766414] [rtk_nav]: 直线：yaw_error=22.62，修正量=-0.45
[rtk_nav-4] [INFO] [1770539133.294869941] [rtk_nav]: 直线：yaw_error=22.06，修正量=-0.44
[rtk_nav-4] [INFO] [1770539133.594977253] [rtk_nav]: 直线：yaw_error=21.51，修正量=-0.43
[rtk_nav-4] [INFO] [1770539133.794969460] [rtk_nav]: 直线：yaw_error=21.05，修正量=-0.42
[rtk_nav-4] [INFO] [1770539134.094704179] [rtk_nav]: 直线：yaw_error=20.52，修正量=-0.41
[rtk_nav-4] [INFO] [1770539134.294812774] [rtk_nav]: 直线：yaw_error=19.98，修正量=-0.04
[rtk_nav-4] [INFO] [1770539134.596092756] [rtk_nav]: 直线：yaw_error=19.44，修正量=-0.04
[rtk_nav-4] [INFO] [1770539134.795818860] [rtk_nav]: 直线：yaw_error=17.40，修正量=-0.02
[rtk_nav-4] [INFO] [1770539135.596970296] [rtk_nav]: 直线：yaw_error=17.02，修正量=-0.03
[rtk_nav-4] [INFO] [1770539137.595039145] [rtk_nav]: 直线：yaw_error=3.81，修正量=0.06
[rtk_nav-4] [INFO] [1770539137.694299828] [rtk_nav]: [ROSNode] 目标航点2：距离0.17m, IMU航向118.05°, 目标路径航向121.86°, 偏差角3.81°
[rtk_nav-4] [INFO] [1770539137.794950214] [rtk_nav]: 直线：yaw_error=2.75，修正量=-0.00
[rtk_nav-4] [INFO] [1770539138.594946028] [rtk_nav]: 直线：yaw_error=2.52，修正量=-0.00
[rtk_nav-4] [INFO] [1770539140.796044663] [rtk_nav]: 直线：yaw_error=-7.36，修正量=0.06
[rtk_nav-4] [INFO] [1770539141.796053268] [rtk_nav]: 直线：yaw_error=-7.23，修正量=0.01
[rtk_nav-4] [INFO] [1770539144.096539472] [rtk_nav]: [ROSNode] 已到达航点2距离阈值（0.04m ≤ 0.1m）
[rtk_nav-4] [INFO] [1770539144.195630896] [rtk_nav]: [ROSNode] 目标航点2：距离0.04m, IMU航向118.21°, 目标路径航向99.68°, 偏差角-18.53°
[rtk_nav-4] [INFO] [1770539144.199926740] [rtk_nav]: yaw_error=-106.19，修正量=1.50
[rtk_nav-4] [INFO] [1770539144.794818818] [rtk_nav]: yaw_error=-98.79，修正量=1.50
[rtk_nav-4] [INFO] [1770539145.094839760] [rtk_nav]: yaw_error=-92.73，修正量=1.50
[rtk_nav-4] [INFO] [1770539145.296455802] [rtk_nav]: yaw_error=-86.57，修正量=1.50
[rtk_nav-4] [INFO] [1770539145.596534042] [rtk_nav]: yaw_error=-80.39，修正量=1.50
[rtk_nav-4] [INFO] [1770539145.797227062] [rtk_nav]: yaw_error=-75.44，修正量=1.50
[rtk_nav-4] [INFO] [1770539146.096151989] [rtk_nav]: yaw_error=-69.11，修正量=1.50
[rtk_nav-4] [INFO] [1770539146.296276609] [rtk_nav]: yaw_error=-62.89，修正量=1.50
[rtk_nav-4] [INFO] [1770539146.596250954] [rtk_nav]: yaw_error=-56.74，修正量=0.83
[rtk_nav-4] [INFO] [1770539146.795097351] [rtk_nav]: yaw_error=-53.01，修正量=0.87
[rtk_nav-4] [INFO] [1770539147.794979036] [rtk_nav]: yaw_error=-28.81，修正量=-0.63
[rtk_nav-4] [INFO] [1770539148.095048938] [rtk_nav]: yaw_error=-23.84，修正量=0.23
[rtk_nav-4] [INFO] [1770539148.294932894] [rtk_nav]: yaw_error=-21.17，修正量=0.29
[rtk_nav-4] [INFO] [1770539148.594841012] [rtk_nav]: yaw_error=-18.45，修正量=-0.10
[rtk_nav-4] [INFO] [1770539148.794956356] [rtk_nav]: yaw_error=-16.21，修正量=-0.08
[rtk_nav-4] [INFO] [1770539149.094841717] [rtk_nav]: yaw_error=-14.13，修正量=-0.08
[rtk_nav-4] [INFO] [1770539149.294928679] [rtk_nav]: yaw_error=-12.45，修正量=-0.06
[rtk_nav-4] [INFO] [1770539149.596253633] [rtk_nav]: yaw_error=-10.76，修正量=-0.06
[rtk_nav-4] [INFO] [1770539150.596199573] [rtk_nav]: yaw_error=-3.39，修正量=-0.36
[rtk_nav-4] [INFO] [1770539150.797313381] [rtk_nav]: yaw_error=-1.63，修正量=-0.08
[rtk_nav-4] [INFO] [1770539151.096115242] [rtk_nav]: yaw_error=-1.15，修正量=-0.02
[rtk_nav-4] [INFO] [1770539151.296155243] [rtk_nav]: 航向校准完成！误差：0.88°
[rtk_nav-4] [INFO] [1770539151.299469306] [rtk_nav]: [ROSNode] 航点2航向校准完成, 结果：True
[rtk_nav-4] [INFO] [1770539151.303462172] [rtk_nav]: [ROSNode] 切换到新航点3, 准备进入移动阶段
[rtk_nav-4] [INFO] [1770539151.395352757] [rtk_nav]: [航点切换] 进入路段2→3
[rtk_nav-4] [INFO] [1770539151.398134037] [rtk_nav]: [航点切换] 缓存当前文件上一个航点2：(120.07130323, 30.32166287, 12.02)
[rtk_nav-4] [INFO] [1770539151.402074996] [rtk_nav]: 直线：yaw_error=3.15，修正量=-0.03
[rtk_nav-4] [INFO] [1770539151.495895546] [rtk_nav]: [ROSNode] 目标航点3：距离6.64m, IMU航向12.90°, 目标路径航向16.05°, 偏差角3.15°
[rtk_nav-4] [INFO] [1770539151.596661026] [rtk_nav]: 直线：yaw_error=3.36，修正量=-0.01
[rtk_nav-4] [INFO] [1770539152.096357085] [rtk_nav]: 直线：yaw_error=3.57，修正量=-0.01
[rtk_nav-4] [INFO] [1770539152.296389551] [rtk_nav]: 直线：yaw_error=3.73，修正量=-0.01
[rtk_nav-4] [INFO] [1770539152.595930536] [rtk_nav]: 直线：yaw_error=3.29，修正量=-0.00
[rtk_nav-4] [INFO] [1770539153.296289672] [rtk_nav]: 直线：yaw_error=3.45，修正量=-0.01
[rtk_nav-4] [INFO] [1770539155.695713804] [rtk_nav]: [ROSNode] 目标航点3：距离6.28m, IMU航向12.18°, 目标路径航向15.62°, 偏差角3.44°
[rtk_nav-4] [INFO] [1770539158.594545795] [rtk_nav]: 直线：yaw_error=3.96，修正量=-0.01
[rtk_nav-4] [INFO] [1770539158.693906815] [rtk_nav]: [ROSNode] 目标航点3：距离5.77m, IMU航向12.04°, 目标路径航向16.00°, 偏差角3.96°
[rtk_nav-4] [INFO] [1770539161.895365398] [rtk_nav]: [ROSNode] 目标航点3：距离5.27m, IMU航向12.06°, 目标路径航向15.97°, 偏差角3.91°
[rtk_nav-4] [INFO] [1770539164.595941790] [rtk_nav]: 直线：yaw_error=4.20，修正量=-0.01
[rtk_nav-4] [INFO] [1770539164.695780156] [rtk_nav]: [ROSNode] 目标航点3：距离4.88m, IMU航向12.12°, 目标路径航向16.32°, 偏差角4.20°
[rtk_nav-4] [INFO] [1770539165.594677770] [rtk_nav]: 直线：yaw_error=4.30，修正量=-0.01
[rtk_nav-4] [INFO] [1770539167.596830458] [rtk_nav]: 直线：yaw_error=5.12，修正量=-0.01
[rtk_nav-4] [INFO] [1770539167.696812802] [rtk_nav]: [ROSNode] 目标航点3：距离4.45m, IMU航向11.98°, 目标路径航向17.10°, 偏差角5.12°
[rtk_nav-4] [INFO] [1770539170.594721084] [rtk_nav]: 直线：yaw_error=5.41，修正量=-0.01
[rtk_nav-4] [INFO] [1770539170.694750845] [rtk_nav]: [ROSNode] 目标航点3：距离4.10m, IMU航向11.85°, 目标路径航向17.26°, 偏差角5.41°
[rtk_nav-4] [INFO] [1770539173.096292305] [rtk_nav]: 直线：yaw_error=5.96，修正量=-0.01
[rtk_nav-4] [INFO] [1770539173.196301132] [rtk_nav]: [ROSNode] 目标航点3：距离3.81m, IMU航向11.81°, 目标路径航向17.77°, 偏差角5.96°
[rtk_nav-4] [INFO] [1770539176.594936637] [rtk_nav]: 直线：yaw_error=6.50，修正量=-0.02
[rtk_nav-4] [INFO] [1770539176.694331844] [rtk_nav]: [ROSNode] 目标航点3：距离3.44m, IMU航向11.88°, 目标路径航向18.38°, 偏差角6.50°
[rtk_nav-4] [INFO] [1770539177.594738655] [rtk_nav]: 直线：yaw_error=6.39，修正量=-0.01
[rtk_nav-4] [INFO] [1770539179.596205070] [rtk_nav]: 直线：yaw_error=7.21，修正量=-0.02
[rtk_nav-4] [INFO] [1770539179.695732611] [rtk_nav]: [ROSNode] 目标航点3：距离3.03m, IMU航向12.13°, 目标路径航向19.34°, 偏差角7.21°
[rtk_nav-4] [INFO] [1770539183.097963269] [rtk_nav]: 直线：yaw_error=7.64，修正量=-0.02
[rtk_nav-4] [INFO] [1770539183.196225582] [rtk_nav]: [ROSNode] 目标航点3：距离2.57m, IMU航向12.26°, 目标路径航向19.90°, 偏差角7.64°
[rtk_nav-4] [INFO] [1770539186.294985726] [rtk_nav]: 直线：yaw_error=7.73，修正量=-0.02
[rtk_nav-4] [INFO] [1770539186.394603102] [rtk_nav]: [ROSNode] 目标航点3：距离2.29m, IMU航向12.41°, 目标路径航向20.14°, 偏差角7.73°
[rtk_nav-4] [INFO] [1770539189.295792234] [rtk_nav]: 直线：yaw_error=8.00，修正量=-0.02
[rtk_nav-4] [INFO] [1770539189.396219897] [rtk_nav]: [ROSNode] 目标航点3：距离1.89m, IMU航向12.67°, 目标路径航向20.67°, 偏差角8.00°
[rtk_nav-4] [INFO] [1770539190.294703848] [rtk_nav]: 直线：yaw_error=7.88，修正量=-0.02
[rtk_nav-4] [INFO] [1770539192.596082152] [rtk_nav]: 直线：yaw_error=9.80，修正量=-0.03
[rtk_nav-4] [INFO] [1770539192.695518416] [rtk_nav]: [ROSNode] 目标航点3：距离1.44m, IMU航向12.90°, 目标路径航向22.70°, 偏差角9.80°
[rtk_nav-4] [INFO] [1770539195.597111559] [rtk_nav]: 直线：yaw_error=9.93，修正量=-0.02
[rtk_nav-4] [INFO] [1770539195.694632951] [rtk_nav]: [ROSNode] 目标航点3：距离1.28m, IMU航向12.97°, 目标路径航向22.90°, 偏差角9.93°
[rtk_nav-4] [INFO] [1770539198.773575524] [rtk_nav]: GPS状态：差分
[rtk_nav-4] [INFO] [1770539198.794334929] [rtk_nav]: 直线：yaw_error=-21.49，修正量=0.59
[rtk_nav-4] [INFO] [1770539198.894040841] [rtk_nav]: [ROSNode] 目标航点3：距离5.35m, IMU航向13.27°, 目标路径航向-8.22°, 偏差角-21.49°
[rtk_nav-4] [INFO] [1770539199.594821434] [rtk_nav]: 直线：yaw_error=-20.96，修正量=0.42
[rtk_nav-4] [INFO] [1770539199.794391130] [rtk_nav]: 直线：yaw_error=-20.38，修正量=0.40
[rtk_nav-4] [INFO] [1770539200.094554567] [rtk_nav]: 直线：yaw_error=-19.83，修正量=0.04
[rtk_nav-4] [INFO] [1770539200.294355047] [rtk_nav]: 直线：yaw_error=-19.31，修正量=0.04
[rtk_nav-4] [INFO] [1770539200.594363913] [rtk_nav]: 直线：yaw_error=-19.20，修正量=0.04
[rtk_nav-4] [INFO] [1770539201.773417531] [rtk_nav]: GPS状态：RTK Float
[rtk_nav-4] [INFO] [1770539201.795115959] [rtk_nav]: 直线：yaw_error=15.88，修正量=-0.21
[rtk_nav-4] [INFO] [1770539201.894697218] [rtk_nav]: [ROSNode] 目标航点3：距离0.77m, IMU航向10.77°, 目标路径航向26.65°, 偏差角15.88°
[rtk_nav-4] [INFO] [1770539202.594779736] [rtk_nav]: 直线：yaw_error=16.12，修正量=-0.03
[rtk_nav-4] [INFO] [1770539204.594540986] [rtk_nav]: 直线：yaw_error=16.83，修正量=-0.04
[rtk_nav-4] [INFO] [1770539204.694563192] [rtk_nav]: [ROSNode] 目标航点3：距离0.65m, IMU航向10.65°, 目标路径航向27.48°, 偏差角16.83°
[rtk_nav-4] [INFO] [1770539207.796242855] [rtk_nav]: 直线：yaw_error=20.80，修正量=-0.44
[rtk_nav-4] [INFO] [1770539207.896849229] [rtk_nav]: [ROSNode] 目标航点3：距离0.53m, IMU航向11.09°, 目标路径航向31.89°, 偏差角20.80°
[rtk_nav-4] [INFO] [1770539208.796406255] [rtk_nav]: 直线：yaw_error=19.20，修正量=-0.03
[rtk_nav-4] [INFO] [1770539209.094923261] [rtk_nav]: 直线：yaw_error=18.72，修正量=-0.04
[rtk_nav-4] [INFO] [1770539210.594960458] [rtk_nav]: 直线：yaw_error=19.52，修正量=-0.04
[rtk_nav-4] [INFO] [1770539211.594401417] [rtk_nav]: 直线：yaw_error=19.29，修正量=-0.04
[rtk_nav-4] [INFO] [1770539214.094659942] [rtk_nav]: 直线：yaw_error=25.30，修正量=-0.54
[rtk_nav-4] [INFO] [1770539214.194699706] [rtk_nav]: [ROSNode] 目标航点3：距离0.40m, IMU航向14.27°, 目标路径航向39.57°, 偏差角25.30°
[rtk_nav-4] [INFO] [1770539214.795826140] [rtk_nav]: 直线：yaw_error=23.91，修正量=-0.47
[rtk_nav-4] [INFO] [1770539215.094769167] [rtk_nav]: 直线：yaw_error=23.23，修正量=-0.46
[rtk_nav-4] [INFO] [1770539215.294738428] [rtk_nav]: 直线：yaw_error=22.58，修正量=-0.45
[rtk_nav-4] [INFO] [1770539215.594736497] [rtk_nav]: 直线：yaw_error=21.92，修正量=-0.44
[rtk_nav-4] [INFO] [1770539215.797661380] [rtk_nav]: 直线：yaw_error=21.30，修正量=-0.42
[rtk_nav-4] [INFO] [1770539216.097493735] [rtk_nav]: 直线：yaw_error=20.81，修正量=-0.41
[rtk_nav-4] [INFO] [1770539216.295336343] [rtk_nav]: 直线：yaw_error=20.26，修正量=-0.40
[rtk_nav-4] [INFO] [1770539216.595956459] [rtk_nav]: 直线：yaw_error=19.67，修正量=-0.04
[rtk_nav-4] [INFO] [1770539216.795852538] [rtk_nav]: 直线：yaw_error=19.10，修正量=-0.04
[rtk_nav-4] [INFO] [1770539217.296209295] [rtk_nav]: 直线：yaw_error=26.03，修正量=-0.56
[rtk_nav-4] [INFO] [1770539217.395499868] [rtk_nav]: [ROSNode] 目标航点3：距离0.28m, IMU航向20.47°, 目标路径航向46.50°, 偏差角26.03°
[rtk_nav-4] [INFO] [1770539218.295564494] [rtk_nav]: 直线：yaw_error=23.30，修正量=-0.45
[rtk_nav-4] [INFO] [1770539218.595941927] [rtk_nav]: 直线：yaw_error=22.59，修正量=-0.45
[rtk_nav-4] [INFO] [1770539218.795967312] [rtk_nav]: 直线：yaw_error=22.01，修正量=-0.44
[rtk_nav-4] [INFO] [1770539219.094678456] [rtk_nav]: 直线：yaw_error=21.38，修正量=-0.42
[rtk_nav-4] [INFO] [1770539219.294703737] [rtk_nav]: 直线：yaw_error=20.92，修正量=-0.42
[rtk_nav-4] [INFO] [1770539219.594541668] [rtk_nav]: 直线：yaw_error=20.33，修正量=-0.40
[rtk_nav-4] [INFO] [1770539219.794874513] [rtk_nav]: 直线：yaw_error=19.79，修正量=-0.04
[rtk_nav-4] [INFO] [1770539220.094867355] [rtk_nav]: 直线：yaw_error=19.29，修正量=-0.04
[rtk_nav-4] [INFO] [1770539220.295119547] [rtk_nav]: 直线：yaw_error=19.18，修正量=-0.04
[rtk_nav-4] [INFO] [1770539220.595841174] [rtk_nav]: 直线：yaw_error=21.07，修正量=-0.43
[rtk_nav-4] [INFO] [1770539221.596299479] [rtk_nav]: 直线：yaw_error=19.24，修正量=-0.03
[rtk_nav-4] [INFO] [1770539221.795954807] [rtk_nav]: 直线：yaw_error=18.68，修正量=-0.03
[rtk_nav-4] [INFO] [1770539222.095464795] [rtk_nav]: 直线：yaw_error=18.55，修正量=-0.04
[rtk_nav-4] [INFO] [1770539223.298304668] [rtk_nav]: 直线：yaw_error=33.69，修正量=-0.75
[rtk_nav-4] [INFO] [1770539223.395067443] [rtk_nav]: [ROSNode] 目标航点3：距离0.17m, IMU航向30.06°, 目标路径航向63.75°, 偏差角33.69°
[rtk_nav-4] [INFO] [1770539224.596700718] [rtk_nav]: 直线：yaw_error=29.85，修正量=-0.58
[rtk_nav-4] [INFO] [1770539224.796427655] [rtk_nav]: 直线：yaw_error=28.93，修正量=-0.57
[rtk_nav-4] [INFO] [1770539225.096967473] [rtk_nav]: 直线：yaw_error=28.11，修正量=-0.56
[rtk_nav-4] [INFO] [1770539225.296302128] [rtk_nav]: 直线：yaw_error=27.41，修正量=-0.54
[rtk_nav-4] [INFO] [1770539225.594770639] [rtk_nav]: 直线：yaw_error=26.61，修正量=-0.53
[rtk_nav-4] [INFO] [1770539225.794747116] [rtk_nav]: 直线：yaw_error=25.83，修正量=-0.51
[rtk_nav-4] [INFO] [1770539226.096771318] [rtk_nav]: 直线：yaw_error=25.08，修正量=-0.50
[rtk_nav-4] [INFO] [1770539226.296378817] [rtk_nav]: 直线：yaw_error=61.04，修正量=-1.50
[rtk_nav-4] [INFO] [1770539226.595828725] [rtk_nav]: 直线：yaw_error=61.59，修正量=-1.50
[rtk_nav-4] [INFO] [1770539227.295103933] [rtk_nav]: 直线：yaw_error=54.51，修正量=-1.05
[rtk_nav-4] [INFO] [1770539227.594683911] [rtk_nav]: 直线：yaw_error=52.58，修正量=-1.04
[rtk_nav-4] [INFO] [1770539227.794749162] [rtk_nav]: 直线：yaw_error=51.08，修正量=-1.01
[rtk_nav-4] [INFO] [1770539228.094917776] [rtk_nav]: 直线：yaw_error=49.89，修正量=-0.99
[rtk_nav-4] [INFO] [1770539228.296194278] [rtk_nav]: 直线：yaw_error=48.45，修正量=-0.96
[rtk_nav-4] [INFO] [1770539228.594802596] [rtk_nav]: 直线：yaw_error=47.01，修正量=-0.93
[rtk_nav-4] [INFO] [1770539228.795503107] [rtk_nav]: 直线：yaw_error=46.51，修正量=-0.93
[rtk_nav-4] [INFO] [1770539229.094698725] [rtk_nav]: 直线：yaw_error=108.04，修正量=-1.50
[rtk_nav-4] [INFO] [1770539230.096621214] [rtk_nav]: 直线：yaw_error=98.30，修正量=-1.50
[rtk_nav-4] [INFO] [1770539230.296577800] [rtk_nav]: 直线：yaw_error=96.27，修正量=-1.50
[rtk_nav-4] [INFO] [1770539230.596153457] [rtk_nav]: 直线：yaw_error=94.18，修正量=-1.50
[rtk_nav-4] [INFO] [1770539230.796272480] [rtk_nav]: 直线：yaw_error=92.09，修正量=-1.50
[rtk_nav-4] [INFO] [1770539231.094533011] [rtk_nav]: 直线：yaw_error=90.42，修正量=-1.50
[rtk_nav-4] [INFO] [1770539231.294310835] [rtk_nav]: 直线：yaw_error=88.31，修正量=-1.50
[rtk_nav-4] [INFO] [1770539231.596851608] [rtk_nav]: 直线：yaw_error=86.25，修正量=-1.50
[rtk_nav-4] [INFO] [1770539231.797328790] [rtk_nav]: 直线：yaw_error=84.11，修正量=-1.50
[rtk_nav-4] [INFO] [1770539232.096282017] [rtk_nav]: 直线：yaw_error=83.68，修正量=-1.50
[rtk_nav-4] [INFO] [1770539232.296222038] [rtk_nav]: 直线：yaw_error=119.26，修正量=-1.50
[rtk_nav-4] [INFO] [1770539233.095722045] [rtk_nav]: 直线：yaw_error=108.73，修正量=-1.50
[rtk_nav-4] [INFO] [1770539233.294560098] [rtk_nav]: 直线：yaw_error=106.61，修正量=-1.50
[rtk_nav-4] [INFO] [1770539233.594921320] [rtk_nav]: 直线：yaw_error=104.46，修正量=-1.50
[rtk_nav-4] [INFO] [1770539233.794719732] [rtk_nav]: 直线：yaw_error=102.34，修正量=-1.50
[rtk_nav-4] [INFO] [1770539234.094658444] [rtk_nav]: 直线：yaw_error=100.61，修正量=-1.50
[rtk_nav-4] [INFO] [1770539234.294794241] [rtk_nav]: 直线：yaw_error=98.44，修正量=-1.50
[rtk_nav-4] [INFO] [1770539234.594954649] [rtk_nav]: 直线：yaw_error=96.29，修正量=-1.50
[rtk_nav-4] [INFO] [1770539234.795028194] [rtk_nav]: 直线：yaw_error=94.17，修正量=-1.50
[rtk_nav-4] [INFO] [1770539235.094620749] [rtk_nav]: 直线：yaw_error=92.89，修正量=-1.50
[rtk_nav-4] [INFO] [1770539235.296141990] [rtk_nav]: 直线：yaw_error=114.00，修正量=-1.50
[rtk_nav-4] [INFO] [1770539236.296395443] [rtk_nav]: 直线：yaw_error=102.40，修正量=-1.50
[rtk_nav-4] [INFO] [1770539236.596557352] [rtk_nav]: 直线：yaw_error=100.36，修正量=-1.50
[rtk_nav-4] [INFO] [1770539236.796540549] [rtk_nav]: 直线：yaw_error=98.32，修正量=-1.50
[rtk_nav-4] [INFO] [1770539237.096582686] [rtk_nav]: 直线：yaw_error=96.28，修正量=-1.50
[rtk_nav-4] [INFO] [1770539237.294130643] [rtk_nav]: 直线：yaw_error=94.25，修正量=-1.50
[rtk_nav-4] [INFO] [1770539237.594276655] [rtk_nav]: 直线：yaw_error=92.60，修正量=-1.50
[rtk_nav-4] [INFO] [1770539237.796450081] [rtk_nav]: 直线：yaw_error=90.55，修正量=-1.50
[rtk_nav-4] [INFO] [1770539238.095753785] [rtk_nav]: 直线：yaw_error=88.47，修正量=-1.50
[rtk_nav-4] [INFO] [1770539238.296091527] [rtk_nav]: 直线：yaw_error=86.39，修正量=-1.50
[rtk_nav-4] [INFO] [1770539238.596591907] [rtk_nav]: 直线：yaw_error=84.32，修正量=-1.50
[rtk_nav-4] [INFO] [1770539238.797458252] [rtk_nav]: [ROSNode] 已到达航点3距离阈值（0.05m ≤ 0.1m）
[rtk_nav-4] [INFO] [1770539238.895673015] [rtk_nav]: [ROSNode] 目标航点3：距离0.05m, IMU航向134.45°, 目标路径航向-20.72°, 偏差角-155.17°
[rtk_nav-4] [INFO] [1770539238.901602205] [rtk_nav]: yaw_error=-32.32，修正量=1.50
[rtk_nav-4] [INFO] [1770539240.099702151] [rtk_nav]: yaw_error=-23.88，修正量=0.06
[rtk_nav-4] [INFO] [1770539240.295475170] [rtk_nav]: yaw_error=-20.00，修正量=-0.15
[rtk_nav-4] [INFO] [1770539240.596034814] [rtk_nav]: yaw_error=-17.48，修正量=-0.09
[rtk_nav-4] [INFO] [1770539240.795992208] [rtk_nav]: yaw_error=-15.86，修正量=-0.05
[rtk_nav-4] [INFO] [1770539241.095961230] [rtk_nav]: yaw_error=-14.61，修正量=-0.03
[rtk_nav-4] [INFO] [1770539241.295946663] [rtk_nav]: yaw_error=-12.97，修正量=-0.06
[rtk_nav-4] [INFO] [1770539241.595630888] [rtk_nav]: yaw_error=-11.35，修正量=-0.06
[rtk_nav-4] [INFO] [1770539241.794988982] [rtk_nav]: yaw_error=-9.73，修正量=-0.06
[rtk_nav-4] [INFO] [1770539242.096065154] [rtk_nav]: yaw_error=-8.11，修正量=-0.06
[rtk_nav-4] [INFO] [1770539242.293953640] [rtk_nav]: yaw_error=-7.51，修正量=-0.01
[rtk_nav-4] [INFO] [1770539243.596534581] [rtk_nav]: yaw_error=2.13，修正量=-0.49
[rtk_nav-4] [INFO] [1770539243.796624379] [rtk_nav]: yaw_error=3.80，修正量=-0.09
[rtk_nav-4] [INFO] [1770539245.094292502] [rtk_nav]: yaw_error=3.38，修正量=0.00
[rtk_nav-4] [INFO] [1770539245.273645944] [rtk_nav]: GPS状态：RTK Fixed
[rtk_nav-4] [INFO] [1770539246.096062701] [rtk_nav]: yaw_error=2.39，修正量=0.04
[rtk_nav-4] [INFO] [1770539246.296328581] [rtk_nav]: yaw_error=2.12，修正量=0.01
[rtk_nav-4] [INFO] [1770539246.596827191] [rtk_nav]: yaw_error=1.81，修正量=0.01
[rtk_nav-4] [INFO] [1770539246.794648961] [rtk_nav]: yaw_error=1.58，修正量=0.01
[rtk_nav-4] [INFO] [1770539247.095117298] [rtk_nav]: yaw_error=1.34，修正量=0.01
[rtk_nav-4] [INFO] [1770539247.294865365] [rtk_nav]: yaw_error=1.04，修正量=0.01
[rtk_nav-4] [INFO] [1770539247.596473733] [rtk_nav]: 航向校准完成！误差：0.80°
[rtk_nav-4] [INFO] [1770539247.599932200] [rtk_nav]: [ROSNode] 航点3航向校准完成, 结果：True
[rtk_nav-4] [INFO] [1770539247.603508843] [rtk_nav]: [ROSNode] 切换到新航点4, 准备进入移动阶段
[rtk_nav-4] [INFO] [1770539247.696310947] [rtk_nav]: [航点切换] 进入路段3→4
[rtk_nav-4] [INFO] [1770539247.700438418] [rtk_nav]: [航点切换] 缓存当前文件上一个航点3：(120.07131813, 30.32172329, 102.13)
[rtk_nav-4] [INFO] [1770539247.705675489] [rtk_nav]: 直线：yaw_error=-18.27，修正量=0.13
[rtk_nav-4] [INFO] [1770539247.795089500] [rtk_nav]: [ROSNode] 目标航点4：距离1.08m, IMU航向101.59°, 目标路径航向83.06°, 偏差角-18.53°
[rtk_nav-4] [INFO] [1770539247.799680609] [rtk_nav]: 直线：yaw_error=-18.53，修正量=0.04
[rtk_nav-4] [INFO] [1770539248.096803569] [rtk_nav]: 直线：yaw_error=-18.82，修正量=0.04
[rtk_nav-4] [INFO] [1770539248.596638773] [rtk_nav]: 直线：yaw_error=-20.06，修正量=0.41
[rtk_nav-4] [INFO] [1770539249.296904367] [rtk_nav]: 直线：yaw_error=-19.75，修正量=0.04
[rtk_nav-4] [INFO] [1770539249.596242924] [rtk_nav]: 直线：yaw_error=-19.30，修正量=0.04
[rtk_nav-4] [INFO] [1770539251.596435229] [rtk_nav]: 直线：yaw_error=-21.41，修正量=0.44
[rtk_nav-4] [INFO] [1770539251.696069565] [rtk_nav]: [ROSNode] 目标航点4：距离0.92m, IMU航向100.73°, 目标路径航向79.32°, 偏差角-21.41°
[rtk_nav-4] [INFO] [1770539252.597438779] [rtk_nav]: 直线：yaw_error=-19.96，修正量=0.03
[rtk_nav-4] [INFO] [1770539252.796285963] [rtk_nav]: 直线：yaw_error=-19.44，修正量=0.04
[rtk_nav-4] [INFO] [1770539253.096348040] [rtk_nav]: 直线：yaw_error=-19.30，修正量=0.04
[rtk_nav-4] [INFO] [1770539254.595781340] [rtk_nav]: 直线：yaw_error=-20.69，修正量=0.42
[rtk_nav-4] [INFO] [1770539254.695386927] [rtk_nav]: [ROSNode] 目标航点4：距离0.79m, IMU航向98.30°, 目标路径航向77.61°, 偏差角-20.69°
[rtk_nav-4] [INFO] [1770539255.595990684] [rtk_nav]: 直线：yaw_error=-19.21，修正量=0.03
[rtk_nav-4] [INFO] [1770539255.795838811] [rtk_nav]: 直线：yaw_error=-18.73，修正量=0.04
[rtk_nav-4] [INFO] [1770539256.095107316] [rtk_nav]: 直线：yaw_error=-18.61，修正量=0.04
[rtk_nav-4] [INFO] [1770539257.596233142] [rtk_nav]: 直线：yaw_error=-19.99，修正量=0.05
[rtk_nav-4] [INFO] [1770539257.695395715] [rtk_nav]: [ROSNode] 目标航点4：距离0.68m, IMU航向96.02°, 目标路径航向76.03°, 偏差角-19.99°
[rtk_nav-4] [INFO] [1770539257.796583722] [rtk_nav]: 直线：yaw_error=-20.21，修正量=0.41
[rtk_nav-4] [INFO] [1770539258.595906612] [rtk_nav]: 直线：yaw_error=-18.98，修正量=0.03
[rtk_nav-4] [INFO] [1770539258.794524420] [rtk_nav]: 直线：yaw_error=-18.47，修正量=0.03
[rtk_nav-4] [INFO] [1770539259.094591269] [rtk_nav]: 直线：yaw_error=-18.34，修正量=0.04
[rtk_nav-4] [INFO] [1770539261.097452531] [rtk_nav]: 直线：yaw_error=-20.94，修正量=0.43
[rtk_nav-4] [INFO] [1770539261.193986620] [rtk_nav]: [ROSNode] 目标航点4：距离0.57m, IMU航向93.82°, 目标路径航向72.88°, 偏差角-20.94°
[rtk_nav-4] [INFO] [1770539262.095886879] [rtk_nav]: 直线：yaw_error=-19.37，修正量=0.03
[rtk_nav-4] [INFO] [1770539262.296849048] [rtk_nav]: 直线：yaw_error=-18.87，修正量=0.04
[rtk_nav-4] [INFO] [1770539262.596134132] [rtk_nav]: 直线：yaw_error=-18.76，修正量=0.04
[rtk_nav-4] [INFO] [1770539265.595887975] [rtk_nav]: 直线：yaw_error=-18.16，修正量=0.03
[rtk_nav-4] [INFO] [1770539265.796024675] [rtk_nav]: 直线：yaw_error=-18.06，修正量=0.04
[rtk_nav-4] [INFO] [1770539268.094665582] [rtk_nav]: 直线：yaw_error=-21.13，修正量=0.44
[rtk_nav-4] [INFO] [1770539268.194435039] [rtk_nav]: [ROSNode] 目标航点4：距离0.40m, IMU航向90.59°, 目标路径航向69.46°, 偏差角-21.13°
[rtk_nav-4] [INFO] [1770539268.794691349] [rtk_nav]: 直线：yaw_error=-20.05，修正量=0.40
[rtk_nav-4] [INFO] [1770539269.094580445] [rtk_nav]: 直线：yaw_error=-19.51，修正量=0.04
[rtk_nav-4] [INFO] [1770539269.294633068] [rtk_nav]: 直线：yaw_error=-18.97，修正量=0.04
[rtk_nav-4] [INFO] [1770539270.094843938] [rtk_nav]: 直线：yaw_error=-18.66，修正量=0.04
[rtk_nav-4] [INFO] [1770539270.794694533] [rtk_nav]: 直线：yaw_error=-17.68，修正量=0.03
[rtk_nav-4] [INFO] [1770539271.595468114] [rtk_nav]: 直线：yaw_error=-17.46，修正量=0.03
[rtk_nav-4] [INFO] [1770539274.094625497] [rtk_nav]: 直线：yaw_error=-20.06，修正量=0.42
[rtk_nav-4] [INFO] [1770539274.194734141] [rtk_nav]: [ROSNode] 目标航点4：距离0.30m, IMU航向87.37°, 目标路径航向67.31°, 偏差角-20.06°
[rtk_nav-4] [INFO] [1770539274.794603154] [rtk_nav]: 直线：yaw_error=-18.87，修正量=0.03
[rtk_nav-4] [INFO] [1770539275.094472648] [rtk_nav]: 直线：yaw_error=-18.41，修正量=0.03
[rtk_nav-4] [INFO] [1770539276.796008791] [rtk_nav]: 直线：yaw_error=-18.50，修正量=0.04
[rtk_nav-4] [INFO] [1770539277.796177259] [rtk_nav]: 直线：yaw_error=-18.14，修正量=0.03
[rtk_nav-4] [INFO] [1770539280.026042995] [rtk_nav]: GPS状态：差分
[rtk_nav-4] [INFO] [1770539280.096188897] [rtk_nav]: 直线：yaw_error=-105.79，修正量=1.50
[rtk_nav-4] [INFO] [1770539280.194262101] [rtk_nav]: [ROSNode] 目标航点4：距离6.38m, IMU航向84.69°, 目标路径航向-21.10°, 偏差角-105.79°
[rtk_nav-4] [INFO] [1770539280.794972136] [rtk_nav]: 直线：yaw_error=-103.66，修正量=1.50
[rtk_nav-4] [INFO] [1770539281.094667788] [rtk_nav]: 直线：yaw_error=-101.64，修正量=1.50
[rtk_nav-4] [INFO] [1770539281.294901850] [rtk_nav]: 直线：yaw_error=-99.66，修正量=1.50
[rtk_nav-4] [INFO] [1770539281.594725149] [rtk_nav]: 直线：yaw_error=-98.11，修正量=1.50
[rtk_nav-4] [INFO] [1770539281.793971916] [rtk_nav]: 直线：yaw_error=-96.13，修正量=1.50
[rtk_nav-4] [INFO] [1770539282.095143098] [rtk_nav]: 直线：yaw_error=-94.08，修正量=1.50
[rtk_nav-4] [INFO] [1770539282.295031728] [rtk_nav]: 直线：yaw_error=-92.11，修正量=1.50
[rtk_nav-4] [INFO] [1770539282.594757821] [rtk_nav]: 直线：yaw_error=-90.16，修正量=1.50
[rtk_nav-4] [INFO] [1770539282.794939429] [rtk_nav]: 直线：yaw_error=-89.37，修正量=1.50
[rtk_nav-4] [INFO] [1770539282.894425902] [rtk_nav]: [ROSNode] 目标航点4：距离6.55m, IMU航向69.06°, 目标路径航向-20.31°, 偏差角-89.37°
[rtk_nav-4] [INFO] [1770539283.794608497] [rtk_nav]: 直线：yaw_error=-78.91，修正量=1.50
[rtk_nav-4] [INFO] [1770539284.096024960] [rtk_nav]: 直线：yaw_error=-76.85，修正量=1.50
[rtk_nav-4] [INFO] [1770539284.295837528] [rtk_nav]: 直线：yaw_error=-74.82，修正量=1.50
[rtk_nav-4] [INFO] [1770539284.596201228] [rtk_nav]: 直线：yaw_error=-72.81，修正量=1.50
[rtk_nav-4] [INFO] [1770539284.796370059] [rtk_nav]: 直线：yaw_error=-71.19，修正量=1.50
[rtk_nav-4] [INFO] [1770539285.094819392] [rtk_nav]: 直线：yaw_error=-69.19，修正量=1.50
[rtk_nav-4] [INFO] [1770539285.294704096] [rtk_nav]: 直线：yaw_error=-67.23，修正量=1.50
[rtk_nav-4] [INFO] [1770539285.594914562] [rtk_nav]: 直线：yaw_error=-65.18，修正量=1.50
[rtk_nav-4] [INFO] [1770539285.794809484] [rtk_nav]: 直线：yaw_error=-64.78，修正量=1.50
[rtk_nav-4] [INFO] [1770539286.026888787] [rtk_nav]: GPS状态：RTK Fixed
[rtk_nav-4] [INFO] [1770539286.095740074] [rtk_nav]: 直线：yaw_error=165.67，修正量=-1.50
[rtk_nav-4] [INFO] [1770539286.194561233] [rtk_nav]: [ROSNode] 目标航点4：距离0.50m, IMU航向44.47°, 目标路径航向-149.86°, 偏差角165.67°
[rtk_nav-4] [INFO] [1770539286.795756049] [rtk_nav]: 直线：yaw_error=171.44，修正量=-1.50
[rtk_nav-4] [INFO] [1770539287.095892197] [rtk_nav]: 直线：yaw_error=169.59，修正量=-1.50
[rtk_nav-4] [INFO] [1770539287.295902437] [rtk_nav]: 直线：yaw_error=167.73，修正量=-1.50
[rtk_nav-4] [INFO] [1770539287.595873780] [rtk_nav]: 直线：yaw_error=166.23，修正量=-1.50
[rtk_nav-4] [INFO] [1770539287.794674398] [rtk_nav]: 直线：yaw_error=164.26，修正量=-1.50
[rtk_nav-4] [INFO] [1770539288.094719352] [rtk_nav]: 直线：yaw_error=162.20，修正量=-1.50
[rtk_nav-4] [INFO] [1770539288.295220813] [rtk_nav]: 直线：yaw_error=160.17，修正量=-1.50
[rtk_nav-4] [INFO] [1770539288.594742293] [rtk_nav]: 直线：yaw_error=158.15，修正量=-1.50
[rtk_nav-4] [INFO] [1770539288.794762252] [rtk_nav]: 直线：yaw_error=167.94，修正量=-1.50
[rtk_nav-4] [INFO] [1770539288.894394151] [rtk_nav]: [ROSNode] 目标航点4：距离0.64m, IMU航向51.99°, 目标路径航向-140.07°, 偏差角167.94°
[rtk_nav-4] [INFO] [1770539289.596053176] [rtk_nav]: 直线：yaw_error=159.22，修正量=-1.50
[rtk_nav-4] [INFO] [1770539289.795862419] [rtk_nav]: 直线：yaw_error=157.06，修正量=-1.50
[rtk_nav-4] [INFO] [1770539290.095702510] [rtk_nav]: 直线：yaw_error=154.98，修正量=-1.50
[rtk_nav-4] [INFO] [1770539290.295806164] [rtk_nav]: 直线：yaw_error=152.88，修正量=-1.50
[rtk_nav-4] [INFO] [1770539290.594674886] [rtk_nav]: 直线：yaw_error=151.27，修正量=-1.50
[rtk_nav-4] [INFO] [1770539290.794728954] [rtk_nav]: 直线：yaw_error=149.21，修正量=-1.50
[rtk_nav-4] [INFO] [1770539291.094922068] [rtk_nav]: 直线：yaw_error=147.22，修正量=-1.50
[rtk_nav-4] [INFO] [1770539291.296368723] [rtk_nav]: 直线：yaw_error=145.21，修正量=-1.50
[rtk_nav-4] [INFO] [1770539291.595993623] [rtk_nav]: 直线：yaw_error=143.13，修正量=-1.50
[rtk_nav-4] [INFO] [1770539291.796671233] [rtk_nav]: 直线：yaw_error=160.36，修正量=-1.50
[rtk_nav-4] [INFO] [1770539291.896000053] [rtk_nav]: [ROSNode] 目标航点4：距离0.77m, IMU航向77.20°, 目标路径航向-122.44°, 偏差角160.36°
[rtk_nav-4] [INFO] [1770539292.794689319] [rtk_nav]: 直线：yaw_error=150.04，修正量=-1.50
[rtk_nav-4] [INFO] [1770539293.094603786] [rtk_nav]: 直线：yaw_error=147.97，修正量=-1.50
[rtk_nav-4] [INFO] [1770539293.294654655] [rtk_nav]: 直线：yaw_error=145.91，修正量=-1.50
[rtk_nav-4] [INFO] [1770539293.595065350] [rtk_nav]: 直线：yaw_error=144.28，修正量=-1.50
[rtk_nav-4] [INFO] [1770539293.794817656] [rtk_nav]: 直线：yaw_error=142.23，修正量=-1.50
[rtk_nav-4] [INFO] [1770539294.094873795] [rtk_nav]: 直线：yaw_error=140.16，修正量=-1.50
[rtk_nav-4] [INFO] [1770539294.294783159] [rtk_nav]: 直线：yaw_error=138.11，修正量=-1.50
[rtk_nav-4] [INFO] [1770539294.594758470] [rtk_nav]: 直线：yaw_error=137.29，修正量=-1.50
[rtk_nav-4] [INFO] [1770539294.794534514] [rtk_nav]: 直线：yaw_error=152.35，修正量=-1.50
[rtk_nav-4] [INFO] [1770539294.894364040] [rtk_nav]: [ROSNode] 目标航点4：距离0.87m, IMU航向100.27°, 目标路径航向-107.38°, 偏差角152.35°
[rtk_nav-4] [INFO] [1770539295.794633213] [rtk_nav]: 直线：yaw_error=140.28，修正量=-1.50
[rtk_nav-4] [INFO] [1770539296.094614423] [rtk_nav]: 直线：yaw_error=138.15，修正量=-1.50
[rtk_nav-4] [INFO] [1770539296.296569167] [rtk_nav]: 直线：yaw_error=136.04，修正量=-1.50
[rtk_nav-4] [INFO] [1770539296.597482219] [rtk_nav]: 直线：yaw_error=134.37，修正量=-1.50
[rtk_nav-4] [INFO] [1770539296.794811506] [rtk_nav]: 直线：yaw_error=132.30，修正量=-1.50
[rtk_nav-4] [INFO] [1770539297.094715889] [rtk_nav]: 直线：yaw_error=130.22，修正量=-1.50
[rtk_nav-4] [INFO] [1770539297.294794416] [rtk_nav]: 直线：yaw_error=128.12，修正量=-1.50
[rtk_nav-4] [INFO] [1770539297.595725354] [rtk_nav]: 直线：yaw_error=127.27，修正量=-1.50
[rtk_nav-4] [INFO] [1770539297.796766291] [rtk_nav]: 直线：yaw_error=143.91，修正量=-1.50
[rtk_nav-4] [INFO] [1770539298.594514546] [rtk_nav]: 直线：yaw_error=134.03，修正量=-1.50
[rtk_nav-4] [INFO] [1770539298.795021649] [rtk_nav]: 直线：yaw_error=131.93，修正量=-1.50
[rtk_nav-4] [INFO] [1770539299.094657879] [rtk_nav]: 直线：yaw_error=129.90，修正量=-1.50
[rtk_nav-4] [INFO] [1770539299.294717123] [rtk_nav]: 直线：yaw_error=128.32，修正量=-1.50
[rtk_nav-4] [INFO] [1770539299.594673903] [rtk_nav]: 直线：yaw_error=126.28，修正量=-1.50
[rtk_nav-4] [INFO] [1770539299.796047402] [rtk_nav]: 直线：yaw_error=124.26，修正量=-1.50
[rtk_nav-4] [INFO] [1770539300.096108225] [rtk_nav]: 直线：yaw_error=122.22，修正量=-1.50
[rtk_nav-4] [INFO] [1770539300.294677893] [rtk_nav]: 直线：yaw_error=120.19，修正量=-1.50
[rtk_nav-4] [INFO] [1770539300.595947232] [rtk_nav]: 直线：yaw_error=134.16，修正量=-1.50
[rtk_nav-4] [INFO] [1770539300.696655923] [rtk_nav]: [ROSNode] 目标航点4：距离1.00m, IMU航向149.07°, 目标路径航向-76.77°, 偏差角134.16°
[rtk_nav-4] [INFO] [1770539301.595985555] [rtk_nav]: 直线：yaw_error=123.47，修正量=-1.50
[rtk_nav-4] [INFO] [1770539301.795757742] [rtk_nav]: 直线：yaw_error=121.44，修正量=-1.50
[rtk_nav-4] [INFO] [1770539302.094220542] [rtk_nav]: 直线：yaw_error=119.37，修正量=-1.50
[rtk_nav-4] [INFO] [1770539302.296671309] [rtk_nav]: 直线：yaw_error=117.79，修正量=-1.50
[rtk_nav-4] [INFO] [1770539302.596049055] [rtk_nav]: 直线：yaw_error=115.76，修正量=-1.50
[rtk_nav-4] [INFO] [1770539302.796222474] [rtk_nav]: 直线：yaw_error=113.75，修正量=-1.50
[rtk_nav-4] [INFO] [1770539303.096258021] [rtk_nav]: 直线：yaw_error=111.77，修正量=-1.50
[rtk_nav-4] [INFO] [1770539303.296956894] [rtk_nav]: 直线：yaw_error=110.56，修正量=-1.50
[rtk_nav-4] [INFO] [1770539303.595629361] [rtk_nav]: 直线：yaw_error=125.66，修正量=-1.50
[rtk_nav-4] [INFO] [1770539304.594392954] [rtk_nav]: 直线：yaw_error=114.68，修正量=-1.50
[wtrtk_serial_driver-5] [ERROR] [1770539304.750200739] [wtrtk_serial_driver]: Serial read error: device reports readiness to read but returned no data (device disconnected or multiple access on port?)
[rtk_nav-4] [INFO] [1770539304.794375379] [rtk_nav]: 直线：yaw_error=113.49，修正量=-1.50
[wtrtk_serial_driver-5] [WARN] [1770539304.852588731] [wtrtk_serial_driver]: Serial port closed, reconnecting...
[wtrtk_serial_driver-5] [WARN] [1770539305.355365209] [wtrtk_serial_driver]: Serial port closed, reconnecting...
[motor_control-2] [ERROR] [1770539305.788710643] [remote_control_node]: ❌ 解析异常: [Errno 5] Input/output error
[wtrtk_serial_driver-5] [WARN] [1770539305.857922703] [wtrtk_serial_driver]: Serial port closed, reconnecting...
[motor_control-2] [ERROR] [1770539305.891836515] [remote_control_node]: ❌ 串口重连失败: [Errno 2] could not open port /dev/remote_control: [Errno 2] No such file or directory: '/dev/remote_control'
[motor_control-2] [WARN] [1770539305.895043393] [remote_control_node]: 🔄 串口断联，启动自动重连...
[motor_control-2] [ERROR] [1770539305.897355654] [remote_control_node]: ❌ 串口重连失败: [Errno 2] could not open port /dev/remote_control: [Errno 2] No such file or directory: '/dev/remote_control'
[wtrtk_serial_driver-5] [WARN] [1770539306.360149433] [wtrtk_serial_driver]: Serial port closed, reconnecting...
[motor_control-2] [WARN] [1770539306.400435604] [remote_control_node]: 🔄 串口断联，启动自动重连...
[motor_control-2] [ERROR] [1770539306.404231317] [remote_control_node]: ❌ 串口重连失败: [Errno 2] could not open port /dev/remote_control: [Errno 2] No such file or directory: '/dev/remote_control'
[wtrtk_serial_driver-5] [WARN] [1770539306.862989045] [wtrtk_serial_driver]: Serial port closed, reconnecting...
[wtrtk_serial_driver-5] [INFO] [1770539306.866434926] [wtrtk_serial_driver]: Connected to /dev/WTRTK at 460800 baud
[motor_control-2] [WARN] [1770539306.907320360] [remote_control_node]: 🔄 串口断联，启动自动重连...
[motor_control-2] [WARN] [1770539306.912144981] [remote_control_node]: ✅ 串口重连成功：/dev/remote_control
[rtk_nav-4] [INFO] [1770539307.094789057] [rtk_nav]: 直线：yaw_error=94.51，修正量=-1.50
[rtk_nav-4] [INFO] [1770539307.296257699] [rtk_nav]: 直线：yaw_error=92.89，修正量=-1.50
[rtk_nav-4] [INFO] [1770539307.596401145] [rtk_nav]: 直线：yaw_error=90.81，修正量=-1.50
[rtk_nav-4] [INFO] [1770539307.796860409] [rtk_nav]: 直线：yaw_error=88.80，修正量=-1.50
[rtk_nav-4] [INFO] [1770539308.095640720] [rtk_nav]: 直线：yaw_error=86.77，修正量=-1.50
[rtk_nav-4] [INFO] [1770539308.294835661] [rtk_nav]: 直线：yaw_error=84.72，修正量=-1.50
[rtk_nav-4] [INFO] [1770539308.596807324] [rtk_nav]: 直线：yaw_error=82.64，修正量=-1.50
[rtk_nav-4] [INFO] [1770539308.796093205] [rtk_nav]: 直线：yaw_error=81.82，修正量=-1.50
[rtk_nav-4] [INFO] [1770539309.096084263] [rtk_nav]: 直线：yaw_error=112.21，修正量=-1.50
[rtk_nav-4] [INFO] [1770539309.796538976] [rtk_nav]: 直线：yaw_error=102.40，修正量=-1.50
[rtk_nav-4] [INFO] [1770539310.095855625] [rtk_nav]: 直线：yaw_error=100.47，修正量=-1.50
[rtk_nav-4] [INFO] [1770539310.296772832] [rtk_nav]: 直线：yaw_error=98.51，修正量=-1.50
[rtk_nav-4] [INFO] [1770539310.594636517] [rtk_nav]: 直线：yaw_error=96.51，修正量=-1.50
[rtk_nav-4] [INFO] [1770539310.794489039] [rtk_nav]: 直线：yaw_error=94.88，修正量=-1.50
[rtk_nav-4] [INFO] [1770539311.094569412] [rtk_nav]: 直线：yaw_error=92.82，修正量=-1.50
[rtk_nav-4] [INFO] [1770539311.294641646] [rtk_nav]: 直线：yaw_error=90.76，修正量=-1.50
[rtk_nav-4] [INFO] [1770539311.594807279] [rtk_nav]: 直线：yaw_error=88.69，修正量=-1.50
[rtk_nav-4] [INFO] [1770539311.794681915] [rtk_nav]: 直线：yaw_error=86.70，修正量=-1.50
[rtk_nav-4] [INFO] [1770539312.094146420] [rtk_nav]: 直线：yaw_error=85.09，修正量=-1.50
[rtk_nav-4] [INFO] [1770539312.294898081] [rtk_nav]: 直线：yaw_error=101.68，修正量=-1.50
[rtk_nav-4] [INFO] [1770539312.393750383] [rtk_nav]: [ROSNode] 目标航点4：距离0.83m, IMU航向-116.37°, 目标路径航向-14.69°, 偏差角101.68°
[wtrtk_serial_driver-5] [ERROR] [1770539312.430704715] [wtrtk_serial_driver]: Serial read error: device reports readiness to read but returned no data (device disconnected or multiple access on port?)
[wtrtk_serial_driver-5] [WARN] [1770539312.533146309] [wtrtk_serial_driver]: Serial port closed, reconnecting...
[rtk_nav-4] [INFO] [1770539312.596347871] [rtk_nav]: 直线：yaw_error=98.02，修正量=-1.50
[wtrtk_serial_driver-5] [WARN] [1770539313.035927635] [wtrtk_serial_driver]: Serial port closed, reconnecting...
[motor_control-2] [ERROR] [1770539313.489879643] [remote_control_node]: ❌ 解析异常: [Errno 5] Input/output error
[wtrtk_serial_driver-5] [WARN] [1770539313.538656766] [wtrtk_serial_driver]: Serial port closed, reconnecting...
[motor_control-2] [ERROR] [1770539313.592058366] [remote_control_node]: ❌ 串口重连失败: [Errno 2] could not open port /dev/remote_control: [Errno 2] No such file or directory: '/dev/remote_control'
[motor_control-2] [WARN] [1770539313.594072137] [remote_control_node]: 🔄 串口断联，启动自动重连...
[motor_control-2] [ERROR] [1770539313.595658550] [remote_control_node]: ❌ 串口重连失败: [Errno 2] could not open port /dev/remote_control: [Errno 2] No such file or directory: '/dev/remote_control'
[wtrtk_serial_driver-5] [WARN] [1770539314.041714073] [wtrtk_serial_driver]: Serial port closed, reconnecting...
[motor_control-2] [WARN] [1770539314.097721930] [remote_control_node]: 🔄 串口断联，启动自动重连...
[motor_control-2] [ERROR] [1770539314.099169852] [remote_control_node]: ❌ 串口重连失败: [Errno 2] could not open port /dev/remote_control: [Errno 2] No such file or directory: '/dev/remote_control'
[wtrtk_serial_driver-5] [WARN] [1770539314.544836013] [wtrtk_serial_driver]: Serial port closed, reconnecting...
[wtrtk_serial_driver-5] [INFO] [1770539314.547962979] [wtrtk_serial_driver]: Connected to /dev/WTRTK at 460800 baud
[motor_control-2] [WARN] [1770539314.601938866] [remote_control_node]: 🔄 串口断联，启动自动重连...
[motor_control-2] [WARN] [1770539314.609244522] [remote_control_node]: ✅ 串口重连成功：/dev/remote_control
[wtrtk_serial_driver-5] [ERROR] [1770539314.991746166] [wtrtk_serial_driver]: Serial read error: device reports readiness to read but returned no data (device disconnected or multiple access on port?)
[rtk_nav-4] [INFO] [1770539315.093762466] [rtk_nav]: 直线：yaw_error=79.40，修正量=-1.50
[wtrtk_serial_driver-5] [WARN] [1770539315.095284679] [wtrtk_serial_driver]: Serial port closed, reconnecting...
[wtrtk_serial_driver-5] [WARN] [1770539315.599091150] [wtrtk_serial_driver]: Serial port closed, reconnecting...
[motor_control-2] [ERROR] [1770539315.988560784] [remote_control_node]: ❌ 解析异常: [Errno 5] Input/output error
[motor_control-2] [ERROR] [1770539316.092281705] [remote_control_node]: ❌ 串口重连失败: [Errno 2] could not open port /dev/remote_control: [Errno 2] No such file or directory: '/dev/remote_control'
[motor_control-2] [WARN] [1770539316.098296007] [remote_control_node]: 🔄 串口断联，启动自动重连...
[motor_control-2] [ERROR] [1770539316.102580360] [remote_control_node]: ❌ 串口重连失败: [Errno 2] could not open port /dev/remote_control: [Errno 2] No such file or directory: '/dev/remote_control'
[wtrtk_serial_driver-5] [WARN] [1770539316.104571601] [wtrtk_serial_driver]: Serial port closed, reconnecting...
[motor_control-2] [WARN] [1770539316.606202274] [remote_control_node]: 🔄 串口断联，启动自动重连...
[motor_control-2] [ERROR] [1770539316.609208356] [remote_control_node]: ❌ 串口重连失败: [Errno 2] could not open port /dev/remote_control: [Errno 2] No such file or directory: '/dev/remote_control'
[wtrtk_serial_driver-5] [WARN] [1770539316.609819211] [wtrtk_serial_driver]: Serial port closed, reconnecting...
[wtrtk_serial_driver-5] [WARN] [1770539317.113907371] [wtrtk_serial_driver]: Serial port closed, reconnecting...
[wtrtk_serial_driver-5] [INFO] [1770539317.117109220] [wtrtk_serial_driver]: Connected to /dev/WTRTK at 460800 baud
[motor_control-2] [WARN] [1770539317.121051863] [remote_control_node]: 🔄 串口断联，启动自动重连...
[motor_control-2] [WARN] [1770539317.125830240] [remote_control_node]: ✅ 串口重连成功：/dev/remote_control
[rtk_nav-4] [INFO] [1770539317.295222372] [rtk_nav]: 直线：yaw_error=58.89，修正量=-1.08
[rtk_nav-4] [INFO] [1770539317.594508866] [rtk_nav]: 直线：yaw_error=57.26，修正量=-1.14
[rtk_nav-4] [INFO] [1770539317.794535114] [rtk_nav]: 直线：yaw_error=55.66，修正量=-1.11
[rtk_nav-4] [INFO] [1770539318.094508321] [rtk_nav]: 直线：yaw_error=54.10，修正量=-1.07
[rtk_nav-4] [INFO] [1770539318.296267683] [rtk_nav]: 直线：yaw_error=52.62，修正量=-1.05
[rtk_nav-4] [INFO] [1770539318.596096404] [rtk_nav]: 直线：yaw_error=51.17，修正量=-1.02
[rtk_nav-4] [INFO] [1770539318.796282130] [rtk_nav]: 直线：yaw_error=50.59，修正量=-1.01
[rtk_nav-4] [INFO] [1770539319.095688534] [rtk_nav]: 直线：yaw_error=90.66，修正量=-1.50
[rtk_nav-4] [INFO] [1770539319.195607425] [rtk_nav]: [ROSNode] 目标航点4：距离0.49m, IMU航向-65.28°, 目标路径航向25.38°, 偏差角90.66°
[rtk_nav-4] [INFO] [1770539320.096025481] [rtk_nav]: 直线：yaw_error=81.01，修正量=-1.50
[wtrtk_serial_driver-5] [ERROR] [1770539320.110681573] [wtrtk_serial_driver]: Serial read error: device reports readiness to read but returned no data (device disconnected or multiple access on port?)
[wtrtk_serial_driver-5] [WARN] [1770539320.213811221] [wtrtk_serial_driver]: Serial port closed, reconnecting...
[wtrtk_serial_driver-5] [WARN] [1770539320.716892243] [wtrtk_serial_driver]: Serial port closed, reconnecting...
[wtrtk_serial_driver-5] [WARN] [1770539321.219901155] [wtrtk_serial_driver]: Serial port closed, reconnecting...
[wtrtk_serial_driver-5] [WARN] [1770539321.722924532] [wtrtk_serial_driver]: Serial port closed, reconnecting...
[motor_control-2] [ERROR] [1770539321.812928283] [remote_control_node]: ❌ 解析异常: [Errno 5] Input/output error
[motor_control-2] [ERROR] [1770539321.924085183] [remote_control_node]: ❌ 串口重连失败: [Errno 2] could not open port /dev/remote_control: [Errno 2] No such file or directory: '/dev/remote_control'
[motor_control-2] [WARN] [1770539321.928095168] [remote_control_node]: 🔄 串口断联，启动自动重连...
[motor_control-2] [ERROR] [1770539321.931787761] [remote_control_node]: ❌ 串口重连失败: [Errno 2] could not open port /dev/remote_control: [Errno 2] No such file or directory: '/dev/remote_control'
[wtrtk_serial_driver-5] [WARN] [1770539322.226007589] [wtrtk_serial_driver]: Serial port closed, reconnecting...
[motor_control-2] [WARN] [1770539322.434743316] [remote_control_node]: 🔄 串口断联，启动自动重连...
[motor_control-2] [WARN] [1770539322.438743662] [remote_control_node]: ✅ 串口重连成功：/dev/remote_control
[wtrtk_serial_driver-5] [WARN] [1770539322.728685182] [wtrtk_serial_driver]: Serial port closed, reconnecting...
[wtrtk_serial_driver-5] [INFO] [1770539322.731668195] [wtrtk_serial_driver]: Connected to /dev/WTRTK at 460800 baud
[rtk_nav-4] [INFO] [1770539323.096397426] [rtk_nav]: 直线：yaw_error=56.72，修正量=-1.01
[rtk_nav-4] [INFO] [1770539323.295990922] [rtk_nav]: 直线：yaw_error=54.66，修正量=-1.08
[rtk_nav-4] [INFO] [1770539323.595495273] [rtk_nav]: 直线：yaw_error=52.82，修正量=-1.05
[rtk_nav-4] [INFO] [1770539324.094477033] [rtk_nav]: 直线：yaw_error=92.67，修正量=-1.50
[rtk_nav-4] [INFO] [1770539324.194283733] [rtk_nav]: [ROSNode] 目标航点4：距离0.23m, IMU航向-27.44°, 目标路径航向65.23°, 偏差角92.67°
[rtk_nav-4] [INFO] [1770539324.794542622] [rtk_nav]: 直线：yaw_error=83.71，修正量=-1.50
[rtk_nav-4] [INFO] [1770539325.094608332] [rtk_nav]: 直线：yaw_error=81.68，修正量=-1.50
[rtk_nav-4] [INFO] [1770539325.294541516] [rtk_nav]: 直线：yaw_error=79.66，修正量=-1.50
[rtk_nav-4] [INFO] [1770539325.594532610] [rtk_nav]: 直线：yaw_error=77.60，修正量=-1.50
[rtk_nav-4] [INFO] [1770539325.794344190] [rtk_nav]: 直线：yaw_error=75.97，修正量=-1.50
[rtk_nav-4] [INFO] [1770539326.094436561] [rtk_nav]: 直线：yaw_error=73.91，修正量=-1.50
[rtk_nav-4] [INFO] [1770539326.294811818] [rtk_nav]: 直线：yaw_error=71.81，修正量=-1.50
[rtk_nav-4] [INFO] [1770539326.594575820] [rtk_nav]: 直线：yaw_error=69.67，修正量=-1.50
[rtk_nav-4] [INFO] [1770539326.794597709] [rtk_nav]: 直线：yaw_error=67.59，修正量=-1.50
[rtk_nav-4] [INFO] [1770539327.094457222] [rtk_nav]: 直线：yaw_error=66.76，修正量=-1.50
[rtk_nav-4] [INFO] [1770539327.294561853] [rtk_nav]: [ROSNode] 已到达航点4距离阈值（0.06m ≤ 0.1m）
[rtk_nav-4] [INFO] [1770539327.396075981] [rtk_nav]: [ROSNode] 目标航点4：距离0.06m, IMU航向-1.53°, 目标路径航向111.58°, 偏差角113.11°
[rtk_nav-4] [INFO] [1770539327.401076389] [rtk_nav]: yaw_error=-166.45，修正量=1.50
[rtk_nav-4] [INFO] [1770539328.294674978] [rtk_nav]: yaw_error=-158.22，修正量=1.50
[rtk_nav-4] [INFO] [1770539328.596487855] [rtk_nav]: yaw_error=-152.23，修正量=1.50
[rtk_nav-4] [INFO] [1770539328.796967872] [rtk_nav]: yaw_error=-146.06，修正量=1.50
[rtk_nav-4] [INFO] [1770539329.095170165] [rtk_nav]: yaw_error=-141.18，修正量=1.50
[rtk_nav-4] [INFO] [1770539329.297308998] [rtk_nav]: yaw_error=-135.03，修正量=1.50
[rtk_nav-4] [INFO] [1770539329.596281060] [rtk_nav]: yaw_error=-128.82，修正量=1.50
[rtk_nav-4] [INFO] [1770539329.797106917] [rtk_nav]: yaw_error=-122.60，修正量=1.50
[rtk_nav-4] [INFO] [1770539330.096326834] [rtk_nav]: yaw_error=-116.44，修正量=1.50
[rtk_nav-4] [INFO] [1770539330.296398413] [rtk_nav]: yaw_error=-110.38，修正量=1.50
[rtk_nav-4] [INFO] [1770539330.595920870] [rtk_nav]: yaw_error=-105.49，修正量=1.50
[rtk_nav-4] [INFO] [1770539331.796565368] [rtk_nav]: yaw_error=-72.55，修正量=1.50
[rtk_nav-4] [INFO] [1770539332.096203684] [rtk_nav]: yaw_error=-66.39，修正量=1.50
[rtk_nav-4] [INFO] [1770539332.295895319] [rtk_nav]: yaw_error=-60.12，修正量=1.50
[rtk_nav-4] [INFO] [1770539332.594749339] [rtk_nav]: yaw_error=-55.14，修正量=0.85
[rtk_nav-4] [INFO] [1770539332.796620305] [rtk_nav]: yaw_error=-48.90，修正量=0.67
[rtk_nav-4] [INFO] [1770539333.096248024] [rtk_nav]: yaw_error=-43.56，修正量=0.60
[rtk_nav-4] [INFO] [1770539333.296626094] [rtk_nav]: yaw_error=-39.00，修正量=0.55
[rtk_nav-4] [INFO] [1770539333.596851209] [rtk_nav]: yaw_error=-34.66，修正量=0.48
[rtk_nav-4] [INFO] [1770539333.796347594] [rtk_nav]: yaw_error=-33.86，修正量=0.64
[rtk_nav-4] [INFO] [1770539334.796617757] [rtk_nav]: yaw_error=-13.90，修正量=-0.97
[rtk_nav-4] [INFO] [1770539335.094395912] [rtk_nav]: yaw_error=-10.11，修正量=-0.17
[rtk_nav-4] [INFO] [1770539335.296688879] [rtk_nav]: yaw_error=-8.58，修正量=-0.06
[rtk_nav-4] [INFO] [1770539335.596454581] [rtk_nav]: yaw_error=-7.49，修正量=-0.04
[rtk_nav-4] [INFO] [1770539335.796558439] [rtk_nav]: yaw_error=-5.91，修正量=-0.07
[rtk_nav-4] [INFO] [1770539336.097279361] [rtk_nav]: yaw_error=-4.30，修正量=-0.07
[rtk_nav-4] [INFO] [1770539336.296009434] [rtk_nav]: yaw_error=-2.69，修正量=-0.08
[rtk_nav-4] [INFO] [1770539336.596506855] [rtk_nav]: yaw_error=-1.98，修正量=-0.03
[rtk_nav-4] [INFO] [1770539337.796987387] [rtk_nav]: 航向校准完成！误差：0.60°
[rtk_nav-4] [INFO] [1770539337.801790755] [rtk_nav]: [ROSNode] 航点4航向校准完成, 结果：True
[rtk_nav-4] [INFO] [1770539337.805443655] [rtk_nav]: [ROSNode] 切换到新航点5, 准备进入移动阶段
[rtk_nav-4] [INFO] [1770539337.893748056] [rtk_nav]: [航点切换] 进入路段4→5
[rtk_nav-4] [INFO] [1770539337.895258654] [rtk_nav]: [航点切换] 缓存当前文件上一个航点4：(120.07132846, 30.32172137, 192.02)
[rtk_nav-4] [INFO] [1770539337.896917238] [rtk_nav]: 直线：yaw_error=2.62，修正量=-0.03
[rtk_nav-4] [INFO] [1770539337.993934242] [rtk_nav]: [ROSNode] 目标航点5：距离6.24m, IMU航向-167.38°, 目标路径航向-164.76°, 偏差角2.62°
[rtk_nav-4] [INFO] [1770539338.094482977] [rtk_nav]: 直线：yaw_error=2.85，修正量=-0.01
[rtk_nav-4] [INFO] [1770539338.594712317] [rtk_nav]: 直线：yaw_error=3.06，修正量=-0.01
[rtk_nav-4] [INFO] [1770539340.094322246] [rtk_nav]: 直线：yaw_error=3.53，修正量=-0.01
[rtk_nav-4] [INFO] [1770539340.193689577] [rtk_nav]: [ROSNode] 目标航点5：距离6.00m, IMU航向-168.02°, 目标路径航向-164.49°, 偏差角3.53°
[sensors_485-3] [WARN] [1770539341.599644830] [Sensors_485_node]: IO: CRC check failed
[rtk_nav-4] [INFO] [1770539342.595876926] [rtk_nav]: 直线：yaw_error=3.80，修正量=-0.01
[rtk_nav-4] [INFO] [1770539342.694211836] [rtk_nav]: [ROSNode] 目标航点5：距离5.62m, IMU航向-167.96°, 目标路径航向-164.16°, 偏差角3.80°
[rtk_nav-4] [INFO] [1770539343.595932297] [rtk_nav]: 直线：yaw_error=3.68，修正量=-0.01
[rtk_nav-4] [INFO] [1770539346.095950704] [rtk_nav]: 直线：yaw_error=4.31，修正量=-0.01
[rtk_nav-4] [INFO] [1770539346.196564444] [rtk_nav]: [ROSNode] 目标航点5：距离5.10m, IMU航向-167.88°, 目标路径航向-163.57°, 偏差角4.31°
[rtk_nav-4] [INFO] [1770539349.295837969] [rtk_nav]: 直线：yaw_error=4.82，修正量=-0.01
[rtk_nav-4] [INFO] [1770539349.395341446] [rtk_nav]: [ROSNode] 目标航点5：距离4.64m, IMU航向-167.66°, 目标路径航向-162.84°, 偏差角4.82°
[rtk_nav-4] [INFO] [1770539352.794663828] [rtk_nav]: 直线：yaw_error=5.61，修正量=-0.02
[rtk_nav-4] [INFO] [1770539352.894319198] [rtk_nav]: [ROSNode] 目标航点5：距离4.13m, IMU航向-167.63°, 目标路径航向-162.02°, 偏差角5.61°
[rtk_nav-4] [INFO] [1770539355.794570255] [rtk_nav]: 直线：yaw_error=6.40，修正量=-0.02
[rtk_nav-4] [INFO] [1770539355.894696231] [rtk_nav]: [ROSNode] 目标航点5：距离3.68m, IMU航向-167.44°, 目标路径航向-161.04°, 偏差角6.40°
[rtk_nav-4] [INFO] [1770539358.796020726] [rtk_nav]: 直线：yaw_error=7.45，修正量=-0.02
[rtk_nav-4] [INFO] [1770539358.896364163] [rtk_nav]: [ROSNode] 目标航点5：距离3.25m, IMU航向-167.37°, 目标路径航向-159.92°, 偏差角7.45°
[rtk_nav-4] [INFO] [1770539362.094446422] [rtk_nav]: 直线：yaw_error=8.89，修正量=-0.03
[rtk_nav-4] [INFO] [1770539362.193994943] [rtk_nav]: [ROSNode] 目标航点5：距离2.79m, IMU航向-167.22°, 目标路径航向-158.33°, 偏差角8.89°
[rtk_nav-4] [INFO] [1770539365.294734103] [rtk_nav]: 直线：yaw_error=10.84，修正量=-0.03
[rtk_nav-4] [INFO] [1770539365.394177634] [rtk_nav]: [ROSNode] 目标航点5：距离2.32m, IMU航向-167.12°, 目标路径航向-156.28°, 偏差角10.84°
[rtk_nav-4] [INFO] [1770539368.594544945] [rtk_nav]: 直线：yaw_error=13.79，修正量=-0.04
[rtk_nav-4] [INFO] [1770539368.694878474] [rtk_nav]: [ROSNode] 目标航点5：距离1.86m, IMU航向-166.92°, 目标路径航向-153.13°, 偏差角13.79°
[rtk_nav-4] [INFO] [1770539369.294696512] [rtk_nav]: 直线：yaw_error=13.67，修正量=-0.03
[rtk_nav-4] [INFO] [1770539371.294640417] [rtk_nav]: 直线：yaw_error=17.52，修正量=-0.05
[rtk_nav-4] [INFO] [1770539371.394442827] [rtk_nav]: [ROSNode] 目标航点5：距离1.47m, IMU航向-166.71°, 目标路径航向-149.19°, 偏差角17.52°
[rtk_nav-4] [INFO] [1770539374.594624938] [rtk_nav]: 直线：yaw_error=20.87，修正量=-0.44
[rtk_nav-4] [INFO] [1770539374.694872243] [rtk_nav]: [ROSNode] 目标航点5：距离1.25m, IMU航向-166.42°, 目标路径航向-145.55°, 偏差角20.87°
[rtk_nav-4] [INFO] [1770539375.594615588] [rtk_nav]: 直线：yaw_error=19.57，修正量=-0.03
[rtk_nav-4] [INFO] [1770539375.794748800] [rtk_nav]: 直线：yaw_error=19.05，修正量=-0.04
[rtk_nav-4] [INFO] [1770539376.095841042] [rtk_nav]: 直线：yaw_error=18.90，修正量=-0.04
[rtk_nav-4] [INFO] [1770539377.595994723] [rtk_nav]: 直线：yaw_error=21.69，修正量=-0.45
[rtk_nav-4] [INFO] [1770539377.696082241] [rtk_nav]: [ROSNode] 目标航点5：距离1.06m, IMU航向-164.28°, 目标路径航向-142.59°, 偏差角21.69°
[rtk_nav-4] [INFO] [1770539377.795951716] [rtk_nav]: 直线：yaw_error=21.87，修正量=-0.44
[rtk_nav-4] [INFO] [1770539378.595729245] [rtk_nav]: 直线：yaw_error=20.25，修正量=-0.40
[rtk_nav-4] [INFO] [1770539378.794711371] [rtk_nav]: 直线：yaw_error=19.72，修正量=-0.04
[rtk_nav-4] [INFO] [1770539379.093799426] [rtk_nav]: 直线：yaw_error=19.24，修正量=-0.04
[rtk_nav-4] [INFO] [1770539381.094553409] [rtk_nav]: 直线：yaw_error=21.98，修正量=-0.46
[rtk_nav-4] [INFO] [1770539381.194371052] [rtk_nav]: [ROSNode] 目标航点5：距离0.87m, IMU航向-161.27°, 目标路径航向-139.29°, 偏差角21.98°
[rtk_nav-4] [INFO] [1770539381.794429870] [rtk_nav]: 直线：yaw_error=21.08，修正量=-0.42
[wtrtk_serial_driver-5] [ERROR] [1770539381.808410227] [wtrtk_serial_driver]: Serial read error: device reports readiness to read but returned no data (device disconnected or multiple access on port?)
[wtrtk_serial_driver-5] [WARN] [1770539381.910691294] [wtrtk_serial_driver]: Serial port closed, reconnecting...
[motor_control-2] [ERROR] [1770539382.326925284] [remote_control_node]: ❌ 解析异常: [Errno 5] Input/output error
[wtrtk_serial_driver-5] [WARN] [1770539382.413130604] [wtrtk_serial_driver]: Serial port closed, reconnecting...
[motor_control-2] [ERROR] [1770539382.429713632] [remote_control_node]: ❌ 串口重连失败: [Errno 2] could not open port /dev/remote_control: [Errno 2] No such file or directory: '/dev/remote_control'
[motor_control-2] [WARN] [1770539382.432482316] [remote_control_node]: 🔄 串口断联，启动自动重连...
[motor_control-2] [ERROR] [1770539382.435180994] [remote_control_node]: ❌ 串口重连失败: [Errno 2] could not open port /dev/remote_control: [Errno 2] No such file or directory: '/dev/remote_control'
[wtrtk_serial_driver-5] [WARN] [1770539382.915696168] [wtrtk_serial_driver]: Serial port closed, reconnecting...
[wtrtk_serial_driver-5] [INFO] [1770539382.920201161] [wtrtk_serial_driver]: Connected to /dev/WTRTK at 460800 baud
[motor_control-2] [WARN] [1770539382.938865524] [remote_control_node]: 🔄 串口断联，启动自动重连...
[motor_control-2] [WARN] [1770539382.942126774] [remote_control_node]: ✅ 串口重连成功：/dev/remote_control
[rtk_nav-4] [INFO] [1770539383.094214489] [rtk_nav]: 直线：yaw_error=18.18，修正量=-0.02
[rtk_nav-4] [INFO] [1770539383.294495536] [rtk_nav]: 直线：yaw_error=17.62，修正量=-0.03
[rtk_nav-4] [INFO] [1770539383.594686106] [rtk_nav]: 直线：yaw_error=17.40，修正量=-0.03
[wtrtk_serial_driver-5] [ERROR] [1770539383.856658147] [wtrtk_serial_driver]: Serial read error: device reports readiness to read but returned no data (device disconnected or multiple access on port?)
[wtrtk_serial_driver-5] [WARN] [1770539383.959267739] [wtrtk_serial_driver]: Serial port closed, reconnecting...
[motor_control-2] [ERROR] [1770539384.369909953] [remote_control_node]: ❌ 解析异常: [Errno 5] Input/output error
[wtrtk_serial_driver-5] [WARN] [1770539384.461964571] [wtrtk_serial_driver]: Serial port closed, reconnecting...
[motor_control-2] [ERROR] [1770539384.472142618] [remote_control_node]: ❌ 串口重连失败: [Errno 2] could not open port /dev/remote_control: [Errno 2] No such file or directory: '/dev/remote_control'
[motor_control-2] [WARN] [1770539384.473986203] [remote_control_node]: 🔄 串口断联，启动自动重连...
[motor_control-2] [ERROR] [1770539384.476447286] [remote_control_node]: ❌ 串口重连失败: [Errno 2] could not open port /dev/remote_control: [Errno 2] No such file or directory: '/dev/remote_control'
[wtrtk_serial_driver-5] [WARN] [1770539384.964677758] [wtrtk_serial_driver]: Serial port closed, reconnecting...
[motor_control-2] [WARN] [1770539384.978896374] [remote_control_node]: 🔄 串口断联，启动自动重连...
[motor_control-2] [ERROR] [1770539384.982718978] [remote_control_node]: ❌ 串口重连失败: [Errno 2] could not open port /dev/remote_control: [Errno 2] No such file or directory: '/dev/remote_control'
[wtrtk_serial_driver-5] [WARN] [1770539385.467112911] [wtrtk_serial_driver]: Serial port closed, reconnecting...
[wtrtk_serial_driver-5] [INFO] [1770539385.470058095] [wtrtk_serial_driver]: Connected to /dev/WTRTK at 460800 baud
[motor_control-2] [WARN] [1770539385.485086437] [remote_control_node]: 🔄 串口断联，启动自动重连...
[motor_control-2] [WARN] [1770539385.490823341] [remote_control_node]: ✅ 串口重连成功：/dev/remote_control
[rtk_nav-4] [INFO] [1770539385.795677986] [rtk_nav]: 直线：yaw_error=16.90，修正量=-0.03
[rtk_nav-4] [INFO] [1770539386.794301790] [rtk_nav]: 直线：yaw_error=21.64，修正量=-0.46
[rtk_nav-4] [INFO] [1770539386.894129486] [rtk_nav]: [ROSNode] 目标航点5：距离0.63m, IMU航向-156.01°, 目标路径航向-134.37°, 偏差角21.64°
[rtk_nav-4] [INFO] [1770539387.595795072] [rtk_nav]: 直线：yaw_error=20.49，修正量=-0.40
[rtk_nav-4] [INFO] [1770539387.795952673] [rtk_nav]: 直线：yaw_error=19.93，修正量=-0.04
[rtk_nav-4] [INFO] [1770539388.094977949] [rtk_nav]: 直线：yaw_error=19.45，修正量=-0.04
[rtk_nav-4] [INFO] [1770539388.295594494] [rtk_nav]: 直线：yaw_error=19.34，修正量=-0.04
[rtk_nav-4] [INFO] [1770539390.275905947] [rtk_nav]: GPS状态：差分
[rtk_nav-4] [INFO] [1770539390.295658471] [rtk_nav]: 直线：yaw_error=102.94，修正量=-1.50
[rtk_nav-4] [INFO] [1770539390.395401200] [rtk_nav]: [ROSNode] 目标航点5：距离2.67m, IMU航向-153.18°, 目标路径航向-50.24°, 偏差角102.94°
[rtk_nav-4] [INFO] [1770539391.094541384] [rtk_nav]: 直线：yaw_error=99.87，修正量=-1.50
[rtk_nav-4] [INFO] [1770539391.294540685] [rtk_nav]: 直线：yaw_error=97.94，修正量=-1.50
[rtk_nav-4] [INFO] [1770539391.595723008] [rtk_nav]: 直线：yaw_error=96.03，修正量=-1.50
[rtk_nav-4] [INFO] [1770539391.795257795] [rtk_nav]: 直线：yaw_error=94.11，修正量=-1.50
[rtk_nav-4] [INFO] [1770539392.094616279] [rtk_nav]: 直线：yaw_error=92.61，修正量=-1.50
[rtk_nav-4] [INFO] [1770539392.294549758] [rtk_nav]: 直线：yaw_error=90.74，修正量=-1.50
[rtk_nav-4] [INFO] [1770539392.594482777] [rtk_nav]: 直线：yaw_error=88.80，修正量=-1.50
[rtk_nav-4] [INFO] [1770539392.794522293] [rtk_nav]: 直线：yaw_error=86.81，修正量=-1.50
[rtk_nav-4] [INFO] [1770539393.094576263] [rtk_nav]: 直线：yaw_error=84.84，修正量=-1.50
[rtk_nav-4] [INFO] [1770539393.294520966] [rtk_nav]: 直线：yaw_error=84.06，修正量=-1.50
[rtk_nav-4] [INFO] [1770539393.594574531] [rtk_nav]: 直线：yaw_error=80.47，修正量=-1.50
[rtk_nav-4] [INFO] [1770539393.694495518] [rtk_nav]: [ROSNode] 目标航点5：距离2.83m, IMU航向-134.30°, 目标路径航向-53.83°, 偏差角80.47°
[rtk_nav-4] [INFO] [1770539394.596339725] [rtk_nav]: 直线：yaw_error=68.96，修正量=-1.50
[rtk_nav-4] [INFO] [1770539394.795998214] [rtk_nav]: 直线：yaw_error=67.05，修正量=-1.50
[rtk_nav-4] [INFO] [1770539395.096147703] [rtk_nav]: 直线：yaw_error=65.05，修正量=-1.50
[rtk_nav-4] [INFO] [1770539395.296072469] [rtk_nav]: 直线：yaw_error=63.00，修正量=-1.50
[rtk_nav-4] [INFO] [1770539395.595681763] [rtk_nav]: 直线：yaw_error=61.42，修正量=-1.50
[rtk_nav-4] [INFO] [1770539395.795909536] [rtk_nav]: 直线：yaw_error=59.30，修正量=-1.18
[rtk_nav-4] [INFO] [1770539396.095632175] [rtk_nav]: 直线：yaw_error=57.20，修正量=-1.13
[rtk_nav-4] [INFO] [1770539396.295811279] [rtk_nav]: 直线：yaw_error=55.55，修正量=-1.10
[rtk_nav-4] [INFO] [1770539396.595481225] [rtk_nav]: 直线：yaw_error=54.07，修正量=-1.07
[rtk_nav-4] [INFO] [1770539396.795654590] [rtk_nav]: 直线：yaw_error=84.49，修正量=-1.50
[rtk_nav-4] [INFO] [1770539396.895198782] [rtk_nav]: [ROSNode] 目标航点5：距离1.48m, IMU航向-107.61°, 目标路径航向-23.12°, 偏差角84.49°
[rtk_nav-4] [INFO] [1770539397.795917343] [rtk_nav]: 直线：yaw_error=76.19，修正量=-1.50
[rtk_nav-4] [INFO] [1770539398.094629891] [rtk_nav]: 直线：yaw_error=74.20，修正量=-1.50
[rtk_nav-4] [INFO] [1770539398.294489947] [rtk_nav]: 直线：yaw_error=72.16，修正量=-1.50
[rtk_nav-4] [INFO] [1770539398.594663540] [rtk_nav]: 直线：yaw_error=70.13，修正量=-1.50
[rtk_nav-4] [INFO] [1770539398.795189668] [rtk_nav]: 直线：yaw_error=68.52，修正量=-1.50
[rtk_nav-4] [INFO] [1770539399.094468145] [rtk_nav]: 直线：yaw_error=66.52，修正量=-1.50
[rtk_nav-4] [INFO] [1770539399.294478951] [rtk_nav]: 直线：yaw_error=64.47，修正量=-1.50
[rtk_nav-4] [INFO] [1770539399.594644842] [rtk_nav]: 直线：yaw_error=62.46，修正量=-1.50
[rtk_nav-4] [INFO] [1770539399.794799087] [rtk_nav]: 直线：yaw_error=60.47，修正量=-1.50
[rtk_nav-4] [INFO] [1770539400.093747380] [rtk_nav]: 直线：yaw_error=70.47，修正量=-1.50
[rtk_nav-4] [INFO] [1770539401.094474769] [rtk_nav]: 直线：yaw_error=59.91，修正量=-1.15
[rtk_nav-4] [INFO] [1770539401.295694953] [rtk_nav]: 直线：yaw_error=57.82，修正量=-1.15
[rtk_nav-4] [INFO] [1770539401.594645666] [rtk_nav]: 直线：yaw_error=56.17，修正量=-1.12
[rtk_nav-4] [INFO] [1770539401.796043209] [rtk_nav]: 直线：yaw_error=54.58，修正量=-1.08
[rtk_nav-4] [INFO] [1770539402.095916931] [rtk_nav]: 直线：yaw_error=53.36，修正量=-1.06
[rtk_nav-4] [INFO] [1770539402.296126172] [rtk_nav]: 直线：yaw_error=51.89，修正量=-1.03
[rtk_nav-4] [INFO] [1770539402.596377992] [rtk_nav]: 直线：yaw_error=50.46，修正量=-1.00
[rtk_nav-4] [INFO] [1770539402.797093331] [rtk_nav]: 直线：yaw_error=49.07，修正量=-0.97
[rtk_nav-4] [INFO] [1770539403.095561869] [rtk_nav]: 直线：yaw_error=47.71，修正量=-0.95
[rtk_nav-4] [INFO] [1770539403.295902805] [rtk_nav]: 直线：yaw_error=47.18，修正量=-0.94
[rtk_nav-4] [INFO] [1770539403.594511156] [rtk_nav]: 直线：yaw_error=61.36，修正量=-1.50
[rtk_nav-4] [INFO] [1770539403.695100796] [rtk_nav]: [ROSNode] 目标航点5：距离0.94m, IMU航向-60.30°, 目标路径航向1.06°, 偏差角61.36°
[rtk_nav-4] [INFO] [1770539404.594528035] [rtk_nav]: 直线：yaw_error=51.84，修正量=-0.99
[rtk_nav-4] [INFO] [1770539404.795871766] [rtk_nav]: 直线：yaw_error=49.77，修正量=-0.99
[rtk_nav-4] [INFO] [1770539405.095612791] [rtk_nav]: 直线：yaw_error=48.34，修正量=-0.96
[rtk_nav-4] [INFO] [1770539405.295584424] [rtk_nav]: 直线：yaw_error=47.35，修正量=-0.94
[rtk_nav-4] [INFO] [1770539405.594596079] [rtk_nav]: 直线：yaw_error=46.10，修正量=-0.92
[rtk_nav-4] [INFO] [1770539405.793726423] [rtk_nav]: 直线：yaw_error=44.86，修正量=-0.89
[rtk_nav-4] [INFO] [1770539406.093752348] [rtk_nav]: 直线：yaw_error=43.62，修正量=-0.87
[rtk_nav-4] [INFO] [1770539406.294553567] [rtk_nav]: 直线：yaw_error=42.65，修正量=-0.85
[rtk_nav-4] [INFO] [1770539406.594480644] [rtk_nav]: 直线：yaw_error=103.89，修正量=-1.50
[rtk_nav-4] [INFO] [1770539406.694298695] [rtk_nav]: [ROSNode] 目标航点5：距离0.43m, IMU航向-41.59°, 目标路径航向62.30°, 偏差角103.89°
[rtk_nav-4] [INFO] [1770539407.594526778] [rtk_nav]: 直线：yaw_error=95.62，修正量=-1.50
[rtk_nav-4] [INFO] [1770539407.794527465] [rtk_nav]: 直线：yaw_error=93.65，修正量=-1.50
[rtk_nav-4] [INFO] [1770539408.094363341] [rtk_nav]: 直线：yaw_error=91.64，修正量=-1.50
[rtk_nav-4] [INFO] [1770539408.294584126] [rtk_nav]: 直线：yaw_error=90.03，修正量=-1.50
[rtk_nav-4] [INFO] [1770539408.594479003] [rtk_nav]: 直线：yaw_error=88.00，修正量=-1.50
[rtk_nav-4] [INFO] [1770539408.794563490] [rtk_nav]: 直线：yaw_error=85.98，修正量=-1.50
[rtk_nav-4] [INFO] [1770539409.094543095] [rtk_nav]: 直线：yaw_error=83.93，修正量=-1.50
[rtk_nav-4] [INFO] [1770539409.294761464] [rtk_nav]: 直线：yaw_error=81.89，修正量=-1.50
[rtk_nav-4] [INFO] [1770539409.596035113] [rtk_nav]: 直线：yaw_error=80.32，修正量=-1.50
[rtk_nav-4] [INFO] [1770539409.796645116] [rtk_nav]: 直线：yaw_error=143.37，修正量=-1.50
[rtk_nav-4] [INFO] [1770539409.895039848] [rtk_nav]: [ROSNode] 目标航点5：距离0.59m, IMU航向-18.02°, 目标路径航向125.35°, 偏差角143.37°
[rtk_nav-4] [INFO] [1770539410.595877081] [rtk_nav]: 直线：yaw_error=134.59，修正量=-1.50
[rtk_nav-4] [INFO] [1770539410.795675864] [rtk_nav]: 直线：yaw_error=132.56，修正量=-1.50
[rtk_nav-4] [INFO] [1770539411.095620265] [rtk_nav]: 直线：yaw_error=130.51，修正量=-1.50
[rtk_nav-4] [INFO] [1770539411.296188849] [rtk_nav]: 直线：yaw_error=128.87，修正量=-1.50
[rtk_nav-4] [INFO] [1770539411.595815215] [rtk_nav]: 直线：yaw_error=126.79，修正量=-1.50
[rtk_nav-4] [INFO] [1770539411.796547776] [rtk_nav]: 直线：yaw_error=124.77，修正量=-1.50
[rtk_nav-4] [INFO] [1770539412.096186052] [rtk_nav]: 直线：yaw_error=122.74，修正量=-1.50
[rtk_nav-4] [INFO] [1770539412.295848604] [rtk_nav]: 直线：yaw_error=120.70，修正量=-1.50
[rtk_nav-4] [INFO] [1770539412.594771075] [rtk_nav]: 直线：yaw_error=152.02，修正量=-1.50
[rtk_nav-4] [INFO] [1770539412.794677521] [rtk_nav]: 直线：yaw_error=155.63，修正量=-1.50
[rtk_nav-4] [INFO] [1770539413.595903944] [rtk_nav]: 直线：yaw_error=145.90，修正量=-1.50
[rtk_nav-4] [INFO] [1770539413.795881046] [rtk_nav]: 直线：yaw_error=143.99，修正量=-1.50
[rtk_nav-4] [INFO] [1770539414.095534775] [rtk_nav]: 直线：yaw_error=141.99，修正量=-1.50
[rtk_nav-4] [INFO] [1770539414.295954542] [rtk_nav]: 直线：yaw_error=140.39，修正量=-1.50
[rtk_nav-4] [INFO] [1770539414.595650969] [rtk_nav]: 直线：yaw_error=138.35，修正量=-1.50
[rtk_nav-4] [INFO] [1770539414.795750990] [rtk_nav]: 直线：yaw_error=136.28，修正量=-1.50
[rtk_nav-4] [INFO] [1770539415.094369177] [rtk_nav]: 直线：yaw_error=134.35，修正量=-1.50
[rtk_nav-4] [INFO] [1770539415.294147304] [rtk_nav]: 直线：yaw_error=132.29，修正量=-1.50
[rtk_nav-4] [INFO] [1770539415.593601691] [rtk_nav]: 直线：yaw_error=143.97，修正量=-1.50
[rtk_nav-4] [INFO] [1770539415.694071155] [rtk_nav]: [ROSNode] 目标航点5：距离0.42m, IMU航向29.95°, 目标路径航向173.92°, 偏差角143.97°
[rtk_nav-4] [INFO] [1770539415.794830101] [rtk_nav]: 直线：yaw_error=148.21，修正量=-1.50
[rtk_nav-4] [INFO] [1770539416.594758576] [rtk_nav]: 直线：yaw_error=139.43，修正量=-1.50
[rtk_nav-4] [INFO] [1770539416.794547577] [rtk_nav]: 直线：yaw_error=138.27，修正量=-1.50
[wtrtk_serial_driver-5] [ERROR] [1770539416.880527700] [wtrtk_serial_driver]: Serial read error: device reports readiness to read but returned no data (device disconnected or multiple access on port?)
[wtrtk_serial_driver-5] [WARN] [1770539416.983642233] [wtrtk_serial_driver]: Serial port closed, reconnecting...
[motor_control-2] [ERROR] [1770539417.400775055] [remote_control_node]: ❌ 解析异常: [Errno 5] Input/output error
[wtrtk_serial_driver-5] [WARN] [1770539417.486392394] [wtrtk_serial_driver]: Serial port closed, reconnecting...
[motor_control-2] [ERROR] [1770539417.505943169] [remote_control_node]: ❌ 串口重连失败: [Errno 2] could not open port /dev/remote_control: [Errno 2] No such file or directory: '/dev/remote_control'
[motor_control-2] [WARN] [1770539417.510726838] [remote_control_node]: 🔄 串口断联，启动自动重连...
[motor_control-2] [ERROR] [1770539417.530103191] [remote_control_node]: ❌ 串口重连失败: [Errno 2] could not open port /dev/remote_control: [Errno 2] No such file or directory: '/dev/remote_control'
[wtrtk_serial_driver-5] [WARN] [1770539417.988604084] [wtrtk_serial_driver]: Serial port closed, reconnecting...
[motor_control-2] [WARN] [1770539418.033719715] [remote_control_node]: 🔄 串口断联，启动自动重连...
[motor_control-2] [ERROR] [1770539418.037762022] [remote_control_node]: ❌ 串口重连失败: [Errno 2] could not open port /dev/remote_control: [Errno 2] No such file or directory: '/dev/remote_control'
[wtrtk_serial_driver-5] [WARN] [1770539418.491109993] [wtrtk_serial_driver]: Serial port closed, reconnecting...
[motor_control-2] [WARN] [1770539418.541450813] [remote_control_node]: 🔄 串口断联，启动自动重连...
[motor_control-2] [ERROR] [1770539418.551356734] [remote_control_node]: ❌ 串口重连失败: [Errno 2] could not open port /dev/remote_control: [Errno 2] No such file or directory: '/dev/remote_control'
[wtrtk_serial_driver-5] [WARN] [1770539418.994864511] [wtrtk_serial_driver]: Serial port closed, reconnecting...
[wtrtk_serial_driver-5] [INFO] [1770539418.998712890] [wtrtk_serial_driver]: Connected to /dev/WTRTK at 460800 baud
[motor_control-2] [WARN] [1770539419.054892086] [remote_control_node]: 🔄 串口断联，启动自动重连...
[motor_control-2] [WARN] [1770539419.058729792] [remote_control_node]: ✅ 串口重连成功：/dev/remote_control
[rtk_nav-4] [INFO] [1770539419.296419249] [rtk_nav]: 直线：yaw_error=-136.44，修正量=1.50
[rtk_nav-4] [INFO] [1770539420.296098000] [rtk_nav]: 直线：yaw_error=-154.27，修正量=1.50
[rtk_nav-4] [INFO] [1770539420.596082735] [rtk_nav]: 直线：yaw_error=-152.47，修正量=1.50
[rtk_nav-4] [INFO] [1770539420.795501688] [rtk_nav]: 直线：yaw_error=-150.59，修正量=1.50
[rtk_nav-4] [INFO] [1770539421.095602245] [rtk_nav]: 直线：yaw_error=-148.73，修正量=1.50
[rtk_nav-4] [INFO] [1770539421.294418162] [rtk_nav]: 直线：yaw_error=-147.21，修正量=1.50
[rtk_nav-4] [INFO] [1770539421.594453151] [rtk_nav]: 直线：yaw_error=-145.27，修正量=1.50
[rtk_nav-4] [INFO] [1770539421.794681523] [rtk_nav]: 直线：yaw_error=-143.16，修正量=1.50
[rtk_nav-4] [INFO] [1770539422.094707386] [rtk_nav]: 直线：yaw_error=-141.13，修正量=1.50
[rtk_nav-4] [INFO] [1770539422.295481536] [rtk_nav]: 直线：yaw_error=-139.11，修正量=1.50
[rtk_nav-4] [INFO] [1770539422.525795474] [rtk_nav]: GPS状态：RTK Float
[rtk_nav-4] [INFO] [1770539422.595639083] [rtk_nav]: 直线：yaw_error=153.37，修正量=-1.50
[rtk_nav-4] [INFO] [1770539422.694970865] [rtk_nav]: [ROSNode] 目标航点5：距离6.41m, IMU航向42.56°, 目标路径航向-164.07°, 偏差角153.37°
[rtk_nav-4] [INFO] [1770539423.295750762] [rtk_nav]: 直线：yaw_error=157.40，修正量=-1.50
[rtk_nav-4] [INFO] [1770539423.595605255] [rtk_nav]: 直线：yaw_error=155.43，修正量=-1.50
[rtk_nav-4] [INFO] [1770539423.794420712] [rtk_nav]: 直线：yaw_error=153.45，修正量=-1.50
[rtk_nav-4] [INFO] [1770539424.095014796] [rtk_nav]: 直线：yaw_error=151.48，修正量=-1.50
[rtk_nav-4] [INFO] [1770539424.294579247] [rtk_nav]: 直线：yaw_error=149.90，修正量=-1.50
[rtk_nav-4] [INFO] [1770539424.594557362] [rtk_nav]: 直线：yaw_error=147.90，修正量=-1.50
[rtk_nav-4] [INFO] [1770539424.794502121] [rtk_nav]: 直线：yaw_error=145.90，修正量=-1.50
[rtk_nav-4] [INFO] [1770539425.094649334] [rtk_nav]: 直线：yaw_error=143.90，修正量=-1.50
[rtk_nav-4] [INFO] [1770539425.294505865] [rtk_nav]: 直线：yaw_error=141.84，修正量=-1.50
[rtk_nav-4] [INFO] [1770539425.595638047] [rtk_nav]: 直线：yaw_error=141.00，修正量=-1.50
[rtk_nav-4] [INFO] [1770539425.795989662] [rtk_nav]: 直线：yaw_error=146.79，修正量=-1.50
[rtk_nav-4] [INFO] [1770539425.894962758] [rtk_nav]: [ROSNode] 目标航点5：距离6.31m, IMU航向54.93°, 目标路径航向-158.28°, 偏差角146.79°
[rtk_nav-4] [INFO] [1770539426.594498194] [rtk_nav]: 直线：yaw_error=137.13，修正量=-1.50
[rtk_nav-4] [INFO] [1770539426.794817607] [rtk_nav]: 直线：yaw_error=135.21，修正量=-1.50
[rtk_nav-4] [INFO] [1770539427.094801918] [rtk_nav]: 直线：yaw_error=133.66，修正量=-1.50
[rtk_nav-4] [INFO] [1770539427.295632205] [rtk_nav]: 直线：yaw_error=131.68，修正量=-1.50
[rtk_nav-4] [INFO] [1770539427.595812969] [rtk_nav]: 直线：yaw_error=129.69，修正量=-1.50
[rtk_nav-4] [INFO] [1770539427.796484999] [rtk_nav]: 直线：yaw_error=127.67，修正量=-1.50
[rtk_nav-4] [INFO] [1770539428.095714303] [rtk_nav]: 直线：yaw_error=125.70，修正量=-1.50
[rtk_nav-4] [INFO] [1770539428.295698644] [rtk_nav]: 直线：yaw_error=123.75，修正量=-1.50
[rtk_nav-4] [INFO] [1770539428.595540246] [rtk_nav]: 直线：yaw_error=123.01，修正量=-1.50
[rtk_nav-4] [INFO] [1770539428.795958990] [rtk_nav]: 直线：yaw_error=132.03，修正量=-1.50
[rtk_nav-4] [INFO] [1770539428.895140165] [rtk_nav]: [ROSNode] 目标航点5：距离5.94m, IMU航向78.71°, 目标路径航向-149.26°, 偏差角132.03°
[rtk_nav-4] [INFO] [1770539429.795823643] [rtk_nav]: 直线：yaw_error=120.58，修正量=-1.50
[rtk_nav-4] [INFO] [1770539430.095698557] [rtk_nav]: 直线：yaw_error=118.64，修正量=-1.50
[rtk_nav-4] [INFO] [1770539430.295887070] [rtk_nav]: 直线：yaw_error=116.63，修正量=-1.50
[rtk_nav-4] [INFO] [1770539430.596081190] [rtk_nav]: 直线：yaw_error=114.48，修正量=-1.50
[rtk_nav-4] [INFO] [1770539430.794508624] [rtk_nav]: 直线：yaw_error=112.80，修正量=-1.50
[rtk_nav-4] [INFO] [1770539431.094883228] [rtk_nav]: 直线：yaw_error=110.81，修正量=-1.50
[rtk_nav-4] [INFO] [1770539431.294928019] [rtk_nav]: 直线：yaw_error=108.84，修正量=-1.50
[rtk_nav-4] [INFO] [1770539431.594588453] [rtk_nav]: 直线：yaw_error=106.91，修正量=-1.50
[rtk_nav-4] [INFO] [1770539431.794737350] [rtk_nav]: 直线：yaw_error=104.94，修正量=-1.50
[rtk_nav-4] [INFO] [1770539432.095649150] [rtk_nav]: 直线：yaw_error=115.73，修正量=-1.50
[rtk_nav-4] [INFO] [1770539432.196673662] [rtk_nav]: [ROSNode] 目标航点5：距离5.62m, IMU航向105.80°, 目标路径航向-138.47°, 偏差角115.73°
[rtk_nav-4] [INFO] [1770539433.095404012] [rtk_nav]: 直线：yaw_error=105.45，修正量=-1.50
[rtk_nav-4] [INFO] [1770539433.295680951] [rtk_nav]: 直线：yaw_error=103.42，修正量=-1.50
[rtk_nav-4] [INFO] [1770539433.595776413] [rtk_nav]: 直线：yaw_error=101.45，修正量=-1.50
[rtk_nav-4] [INFO] [1770539433.795612001] [rtk_nav]: 直线：yaw_error=99.93，修正量=-1.50
[rtk_nav-4] [INFO] [1770539434.095590549] [rtk_nav]: 直线：yaw_error=97.94，修正量=-1.50
[rtk_nav-4] [INFO] [1770539434.295824985] [rtk_nav]: 直线：yaw_error=95.90，修正量=-1.50
[rtk_nav-4] [INFO] [1770539434.594571264] [rtk_nav]: 直线：yaw_error=93.80，修正量=-1.50
[rtk_nav-4] [INFO] [1770539434.795297344] [rtk_nav]: 直线：yaw_error=92.12，修正量=-1.50
[rtk_nav-4] [INFO] [1770539435.025178495] [rtk_nav]: GPS状态：差分
[rtk_nav-4] [INFO] [1770539435.094459798] [rtk_nav]: 直线：yaw_error=-178.81，修正量=1.50
[rtk_nav-4] [INFO] [1770539435.194076046] [rtk_nav]: [ROSNode] 目标航点5：距离4.30m, IMU航向129.41°, 目标路径航向-49.40°, 偏差角-178.81°
[rtk_nav-4] [INFO] [1770539436.295783176] [rtk_nav]: 直线：yaw_error=-177.00，修正量=1.50
[rtk_nav-4] [INFO] [1770539436.593986316] [rtk_nav]: 直线：yaw_error=-175.06，修正量=1.50
[rtk_nav-4] [INFO] [1770539436.794448401] [rtk_nav]: 直线：yaw_error=-173.51，修正量=1.50
[rtk_nav-4] [INFO] [1770539437.094412176] [rtk_nav]: 直线：yaw_error=-171.60，修正量=1.50
[rtk_nav-4] [INFO] [1770539437.294606846] [rtk_nav]: 直线：yaw_error=-169.67，修正量=1.50
[rtk_nav-4] [INFO] [1770539437.595183779] [rtk_nav]: 直线：yaw_error=-167.77，修正量=1.50
[rtk_nav-4] [INFO] [1770539437.794862535] [rtk_nav]: 直线：yaw_error=-165.80，修正量=1.50
[rtk_nav-4] [INFO] [1770539438.094631917] [rtk_nav]: 直线：yaw_error=-163.76，修正量=1.50
[rtk_nav-4] [INFO] [1770539438.273659205] [rtk_nav]: GPS状态：RTK Float
[rtk_nav-4] [INFO] [1770539438.294504471] [rtk_nav]: 直线：yaw_error=119.80，修正量=-1.50
[rtk_nav-4] [INFO] [1770539438.394088455] [rtk_nav]: [ROSNode] 目标航点5：距离5.73m, IMU航向113.93°, 目标路径航向-126.27°, 偏差角119.80°
[rtk_nav-4] [INFO] [1770539439.295575165] [rtk_nav]: 直线：yaw_error=118.87，修正量=-1.50
[rtk_nav-4] [INFO] [1770539439.595909253] [rtk_nav]: 直线：yaw_error=117.26，修正量=-1.50
[rtk_nav-4] [INFO] [1770539439.795973720] [rtk_nav]: 直线：yaw_error=115.98，修正量=-1.50
[rtk_nav-4] [INFO] [1770539440.095794712] [rtk_nav]: 直线：yaw_error=114.32，修正量=-1.50
[rtk_nav-4] [INFO] [1770539440.296285348] [rtk_nav]: 直线：yaw_error=112.64，修正量=-1.50
[rtk_nav-4] [INFO] [1770539440.595849901] [rtk_nav]: 直线：yaw_error=110.88，修正量=-1.50
[rtk_nav-4] [INFO] [1770539440.796274729] [rtk_nav]: 直线：yaw_error=109.13，修正量=-1.50
[rtk_nav-4] [INFO] [1770539441.095773893] [rtk_nav]: 直线：yaw_error=107.36，修正量=-1.50
[rtk_nav-4] [INFO] [1770539441.295977156] [rtk_nav]: 直线：yaw_error=106.38，修正量=-1.50
[rtk_nav-4] [INFO] [1770539441.595562762] [rtk_nav]: 直线：yaw_error=110.60，修正量=-1.50
[rtk_nav-4] [INFO] [1770539441.695308574] [rtk_nav]: [ROSNode] 目标航点5：距离5.97m, IMU航向127.41°, 目标路径航向-121.99°, 偏差角110.60°
[rtk_nav-4] [INFO] [1770539442.595663656] [rtk_nav]: 直线：yaw_error=101.28，修正量=-1.50
[wtrtk_serial_driver-5] [ERROR] [1770539442.737649154] [wtrtk_serial_driver]: Serial read error: device reports readiness to read but returned no data (device disconnected or multiple access on port?)
[rtk_nav-4] [INFO] [1770539442.795710663] [rtk_nav]: 直线：yaw_error=99.63，修正量=-1.50
[wtrtk_serial_driver-5] [WARN] [1770539442.840415692] [wtrtk_serial_driver]: Serial port closed, reconnecting...
[motor_control-2] [ERROR] [1770539443.254839629] [remote_control_node]: ❌ 解析异常: [Errno 5] Input/output error
[wtrtk_serial_driver-5] [WARN] [1770539443.342996429] [wtrtk_serial_driver]: Serial port closed, reconnecting...
[motor_control-2] [ERROR] [1770539443.357619854] [remote_control_node]: ❌ 串口重连失败: [Errno 2] could not open port /dev/remote_control: [Errno 2] No such file or directory: '/dev/remote_control'
[motor_control-2] [WARN] [1770539443.360050784] [remote_control_node]: 🔄 串口断联，启动自动重连...
[motor_control-2] [ERROR] [1770539443.362597247] [remote_control_node]: ❌ 串口重连失败: [Errno 2] could not open port /dev/remote_control: [Errno 2] No such file or directory: '/dev/remote_control'
[wtrtk_serial_driver-5] [WARN] [1770539443.844909990] [wtrtk_serial_driver]: Serial port closed, reconnecting...
[motor_control-2] [WARN] [1770539443.865514360] [remote_control_node]: 🔄 串口断联，启动自动重连...
[motor_control-2] [ERROR] [1770539443.867883092] [remote_control_node]: ❌ 串口重连失败: [Errno 2] could not open port /dev/remote_control: [Errno 2] No such file or directory: '/dev/remote_control'
[wtrtk_serial_driver-5] [WARN] [1770539444.347669860] [wtrtk_serial_driver]: Serial port closed, reconnecting...
[motor_control-2] [WARN] [1770539444.371188814] [remote_control_node]: 🔄 串口断联，启动自动重连...
[motor_control-2] [WARN] [1770539444.375120388] [remote_control_node]: ✅ 串口重连成功：/dev/remote_control
[wtrtk_serial_driver-5] [WARN] [1770539444.849882006] [wtrtk_serial_driver]: Serial port closed, reconnecting...
[wtrtk_serial_driver-5] [INFO] [1770539444.852646634] [wtrtk_serial_driver]: Connected to /dev/WTRTK at 460800 baud
[rtk_nav-4] [INFO] [1770539445.594832645] [rtk_nav]: 直线：yaw_error=77.72，修正量=-1.50
[rtk_nav-4] [INFO] [1770539445.794573844] [rtk_nav]: 直线：yaw_error=75.85，修正量=-1.50
[rtk_nav-4] [INFO] [1770539446.094610859] [rtk_nav]: 直线：yaw_error=74.10，修正量=-1.50
[rtk_nav-4] [INFO] [1770539446.295890470] [rtk_nav]: 直线：yaw_error=72.68，修正量=-1.50
[rtk_nav-4] [INFO] [1770539446.595757740] [rtk_nav]: 直线：yaw_error=71.00，修正量=-1.50
[rtk_nav-4] [INFO] [1770539446.796350928] [rtk_nav]: 直线：yaw_error=69.28，修正量=-1.50
[rtk_nav-4] [INFO] [1770539447.095722565] [rtk_nav]: 直线：yaw_error=67.49，修正量=-1.50
[rtk_nav-4] [INFO] [1770539447.295736226] [rtk_nav]: 直线：yaw_error=65.76，修正量=-1.50
[rtk_nav-4] [INFO] [1770539447.594649224] [rtk_nav]: 直线：yaw_error=64.00，修正量=-1.50
[rtk_nav-4] [INFO] [1770539447.794624622] [rtk_nav]: 直线：yaw_error=74.70，修正量=-1.50
[rtk_nav-4] [INFO] [1770539447.893635728] [rtk_nav]: [ROSNode] 目标航点5：距离5.78m, IMU航向174.35°, 目标路径航向-110.95°, 偏差角74.70°
[rtk_nav-4] [INFO] [1770539448.093892356] [rtk_nav]: 直线：yaw_error=74.83，修正量=-1.50
[rtk_nav-4] [INFO] [1770539448.796292988] [rtk_nav]: 直线：yaw_error=66.00，修正量=-1.50
[rtk_nav-4] [INFO] [1770539449.096073878] [rtk_nav]: 直线：yaw_error=64.42，修正量=-1.50
[rtk_nav-4] [INFO] [1770539449.296239343] [rtk_nav]: 直线：yaw_error=62.71，修正量=-1.50
[rtk_nav-4] [INFO] [1770539449.594938246] [rtk_nav]: 直线：yaw_error=61.24，修正量=-1.50
[rtk_nav-4] [INFO] [1770539449.796808638] [rtk_nav]: 直线：yaw_error=59.30，修正量=-1.18
[rtk_nav-4] [INFO] [1770539450.096325731] [rtk_nav]: 直线：yaw_error=57.41，修正量=-1.14
[rtk_nav-4] [INFO] [1770539450.296294743] [rtk_nav]: 直线：yaw_error=55.80，修正量=-1.11
[rtk_nav-4] [INFO] [1770539450.594931271] [rtk_nav]: 直线：yaw_error=54.34，修正量=-1.08
[rtk_nav-4] [INFO] [1770539450.795935439] [rtk_nav]: 直线：yaw_error=58.91，修正量=-1.20
[rtk_nav-4] [INFO] [1770539450.894362859] [rtk_nav]: [ROSNode] 目标航点5：距离5.43m, IMU航向-164.89°, 目标路径航向-105.98°, 偏差角58.91°
[rtk_nav-4] [INFO] [1770539451.795520602] [rtk_nav]: 直线：yaw_error=51.11，修正量=-0.98
[rtk_nav-4] [INFO] [1770539452.096159664] [rtk_nav]: 直线：yaw_error=49.68，修正量=-0.99
[rtk_nav-4] [INFO] [1770539452.295783035] [rtk_nav]: 直线：yaw_error=48.57，修正量=-0.97
[rtk_nav-4] [INFO] [1770539452.595605207] [rtk_nav]: 直线：yaw_error=47.19，修正量=-0.94
[rtk_nav-4] [INFO] [1770539452.796718845] [rtk_nav]: 直线：yaw_error=45.91，修正量=-0.91
[rtk_nav-4] [INFO] [1770539453.095672992] [rtk_nav]: 直线：yaw_error=44.65，修正量=-0.89
[rtk_nav-4] [INFO] [1770539453.296273152] [rtk_nav]: 直线：yaw_error=43.45，修正量=-0.86
[rtk_nav-4] [INFO] [1770539453.594756608] [rtk_nav]: 直线：yaw_error=42.30，修正量=-0.84
[rtk_nav-4] [INFO] [1770539453.794499983] [rtk_nav]: 直线：yaw_error=44.53，修正量=-0.90
[rtk_nav-4] [INFO] [1770539453.894182533] [rtk_nav]: [ROSNode] 目标航点5：距离5.00m, IMU航向-147.80°, 目标路径航向-103.27°, 偏差角44.53°
[rtk_nav-4] [INFO] [1770539454.795863374] [rtk_nav]: 直线：yaw_error=38.81，修正量=-0.75
[rtk_nav-4] [INFO] [1770539455.095726752] [rtk_nav]: 直线：yaw_error=37.72，修正量=-0.75
[rtk_nav-4] [INFO] [1770539455.296079100] [rtk_nav]: 直线：yaw_error=36.62，修正量=-0.73
[rtk_nav-4] [INFO] [1770539455.596031283] [rtk_nav]: 直线：yaw_error=35.75，修正量=-0.71
[rtk_nav-4] [INFO] [1770539459.484460032] [rtk_nav]: 切换到RTK模式，导航状态：WAYPOINT_MOVE
[rtk_nav-4] [INFO] [1770539459.494663293] [rtk_nav]: [ROSNode] 启动/恢复RTK多点导航
[rtk_nav-4] [INFO] [1770539459.496757459] [rtk_nav]: 从状态WAYPOINT_MOVE恢复导航
[rtk_nav-4] [INFO] [1770539459.499869092] [rtk_nav]: 直线：yaw_error=-30.40，修正量=0.94
[rtk_nav-4] [INFO] [1770539460.085110743] [rtk_nav]: 切换到RTK模式，导航状态：WAYPOINT_MOVE
[rtk_nav-4] [INFO] [1770539460.096829733] [rtk_nav]: [ROSNode] 启动/恢复RTK多点导航
[rtk_nav-4] [INFO] [1770539460.101588640] [rtk_nav]: 从状态WAYPOINT_MOVE恢复导航
[rtk_nav-4] [INFO] [1770539464.885335846] [rtk_nav]: 切换到RTK模式，导航状态：WAYPOINT_MOVE
[rtk_nav-4] [INFO] [1770539464.894954983] [rtk_nav]: [ROSNode] 启动/恢复RTK多点导航
[rtk_nav-4] [INFO] [1770539464.896905863] [rtk_nav]: 从状态WAYPOINT_MOVE恢复导航
[rtk_nav-4] [INFO] [1770539464.900300321] [rtk_nav]: 直线：yaw_error=-50.46，修正量=1.11
[rtk_nav-4] [INFO] [1770539465.296315170] [rtk_nav]: 直线：yaw_error=-50.57，修正量=1.01
[rtk_nav-4] [INFO] [1770539465.594535369] [rtk_nav]: 直线：yaw_error=-49.92，修正量=1.00
[rtk_nav-4] [INFO] [1770539465.794607460] [rtk_nav]: 直线：yaw_error=-48.70，修正量=0.97
[rtk_nav-4] [INFO] [1770539466.094733098] [rtk_nav]: 直线：yaw_error=-47.38，修正量=0.94
[rtk_nav-4] [INFO] [1770539466.294682427] [rtk_nav]: 直线：yaw_error=-46.04，修正量=0.91
[rtk_nav-4] [INFO] [1770539466.594750946] [rtk_nav]: 直线：yaw_error=-44.73，修正量=0.89
[rtk_nav-4] [INFO] [1770539467.095617303] [rtk_nav]: 直线：yaw_error=-49.81，修正量=1.02
[rtk_nav-4] [INFO] [1770539467.194979522] [rtk_nav]: [ROSNode] 目标航点5：距离2.86m, IMU航向-76.35°, 目标路径航向-126.16°, 偏差角-49.81°
[rtk_nav-4] [INFO] [1770539467.796030933] [rtk_nav]: 直线：yaw_error=-43.75，修正量=0.84
[rtk_nav-4] [INFO] [1770539468.095724974] [rtk_nav]: 直线：yaw_error=-42.48，修正量=0.84
[rtk_nav-4] [INFO] [1770539468.295976254] [rtk_nav]: 直线：yaw_error=-41.39，修正量=0.82
[rtk_nav-4] [INFO] [1770539468.594647965] [rtk_nav]: 直线：yaw_error=-40.55，修正量=0.81
[rtk_nav-4] [INFO] [1770539468.795788790] [rtk_nav]: 直线：yaw_error=-39.44，修正量=0.78
[rtk_nav-4] [INFO] [1770539469.095852245] [rtk_nav]: 直线：yaw_error=-38.33，修正量=0.76
[rtk_nav-4] [INFO] [1770539469.296156768] [rtk_nav]: 直线：yaw_error=-37.26，修正量=0.74
[rtk_nav-4] [INFO] [1770539469.596004870] [rtk_nav]: 直线：yaw_error=-36.28，修正量=0.72
[rtk_nav-4] [INFO] [1770539469.795574680] [rtk_nav]: 直线：yaw_error=-35.92，修正量=0.72
[rtk_nav-4] [INFO] [1770539470.025646737] [rtk_nav]: GPS状态：差分
[rtk_nav-4] [INFO] [1770539470.093727451] [rtk_nav]: 直线：yaw_error=73.06，修正量=-1.50
[rtk_nav-4] [INFO] [1770539470.195007014] [rtk_nav]: [ROSNode] 目标航点5：距离3.72m, IMU航向-90.24°, 目标路径航向-17.18°, 偏差角73.06°
[rtk_nav-4] [INFO] [1770539470.294851190] [rtk_nav]: 直线：yaw_error=74.22，修正量=-1.50
[rtk_nav-4] [INFO] [1770539470.795138356] [rtk_nav]: 直线：yaw_error=73.68，修正量=-1.50
[rtk_nav-4] [INFO] [1770539471.095870371] [rtk_nav]: 直线：yaw_error=71.68，修正量=-1.50
[rtk_nav-4] [INFO] [1770539471.294799924] [rtk_nav]: 直线：yaw_error=69.76，修正量=-1.50
[rtk_nav-4] [INFO] [1770539471.595831637] [rtk_nav]: 直线：yaw_error=68.22，修正量=-1.50
[rtk_nav-4] [INFO] [1770539471.795889297] [rtk_nav]: 直线：yaw_error=66.19，修正量=-1.50
[rtk_nav-4] [INFO] [1770539472.094751719] [rtk_nav]: 直线：yaw_error=64.13，修正量=-1.50
[rtk_nav-4] [INFO] [1770539472.296104643] [rtk_nav]: 直线：yaw_error=62.21，修正量=-1.50
[rtk_nav-4] [INFO] [1770539472.595774581] [rtk_nav]: 直线：yaw_error=60.21，修正量=-1.50
[rtk_nav-4] [INFO] [1770539472.775492776] [rtk_nav]: GPS状态：RTK Float
[rtk_nav-4] [INFO] [1770539472.797273035] [rtk_nav]: 直线：yaw_error=-63.07，修正量=1.50
[rtk_nav-4] [INFO] [1770539472.894558417] [rtk_nav]: [ROSNode] 目标航点5：距离2.18m, IMU航向-76.23°, 目标路径航向-139.30°, 偏差角-63.07°
[rtk_nav-4] [INFO] [1770539473.796151138] [rtk_nav]: 直线：yaw_error=-61.89，修正量=1.50
[rtk_nav-4] [INFO] [1770539474.095712109] [rtk_nav]: 直线：yaw_error=-59.86，修正量=1.19
[rtk_nav-4] [INFO] [1770539474.295674836] [rtk_nav]: 直线：yaw_error=-57.87，修正量=1.15
[rtk_nav-4] [INFO] [1770539474.595531992] [rtk_nav]: 直线：yaw_error=-56.59，修正量=1.13
[rtk_nav-4] [INFO] [1770539474.795663260] [rtk_nav]: 直线：yaw_error=-55.18，修正量=1.10
[rtk_nav-4] [INFO] [1770539475.094626573] [rtk_nav]: 直线：yaw_error=-53.71，修正量=1.07
[rtk_nav-4] [INFO] [1770539475.294771618] [rtk_nav]: 直线：yaw_error=-52.26，修正量=1.04
[rtk_nav-4] [INFO] [1770539475.594765944] [rtk_nav]: 直线：yaw_error=-50.89，修正量=1.01
[rtk_nav-4] [INFO] [1770539475.794840624] [rtk_nav]: 直线：yaw_error=-50.13，修正量=1.00
[rtk_nav-4] [INFO] [1770539476.094909301] [rtk_nav]: 直线：yaw_error=-60.42，修正量=1.50
[rtk_nav-4] [INFO] [1770539476.194340729] [rtk_nav]: [ROSNode] 目标航点5：距离1.97m, IMU航向-89.17°, 目标路径航向-149.59°, 偏差角-60.42°
[rtk_nav-4] [INFO] [1770539476.794401295] [rtk_nav]: 直线：yaw_error=-53.48，修正量=1.03
[rtk_nav-4] [INFO] [1770539477.095026032] [rtk_nav]: 直线：yaw_error=-51.69，修正量=1.02
[rtk_nav-4] [INFO] [1770539477.294697057] [rtk_nav]: 直线：yaw_error=-50.23，修正量=1.00
[rtk_nav-4] [INFO] [1770539477.595620868] [rtk_nav]: 直线：yaw_error=-48.88，修正量=0.97
[rtk_nav-4] [INFO] [1770539477.795973720] [rtk_nav]: 直线：yaw_error=-47.76，修正量=0.95
[rtk_nav-4] [INFO] [1770539478.094798131] [rtk_nav]: 直线：yaw_error=-46.42，修正量=0.92
[rtk_nav-4] [INFO] [1770539478.296386542] [rtk_nav]: 直线：yaw_error=-45.22，修正量=0.90
[rtk_nav-4] [INFO] [1770539478.595865448] [rtk_nav]: 直线：yaw_error=-44.17，修正量=0.88
[rtk_nav-4] [INFO] [1770539478.797548719] [rtk_nav]: 直线：yaw_error=-49.95，修正量=1.03
[rtk_nav-4] [INFO] [1770539478.895065671] [rtk_nav]: [ROSNode] 目标航点5：距离1.66m, IMU航向-105.85°, 目标路径航向-155.80°, 偏差角-49.95°
[rtk_nav-4] [INFO] [1770539479.796674047] [rtk_nav]: 直线：yaw_error=-44.79，修正量=0.87
[rtk_nav-4] [INFO] [1770539480.095669541] [rtk_nav]: 直线：yaw_error=-43.58，修正量=0.87
[rtk_nav-4] [INFO] [1770539480.295519110] [rtk_nav]: 直线：yaw_error=-42.47，修正量=0.84
[rtk_nav-4] [INFO] [1770539480.594637651] [rtk_nav]: 直线：yaw_error=-41.57，修正量=0.83
[rtk_nav-4] [INFO] [1770539480.794837510] [rtk_nav]: 直线：yaw_error=-40.39，修正量=0.80
[rtk_nav-4] [INFO] [1770539481.094219514] [rtk_nav]: 直线：yaw_error=-39.27，修正量=0.78
[rtk_nav-4] [INFO] [1770539481.294279484] [rtk_nav]: 直线：yaw_error=-38.26，修正量=0.76
[rtk_nav-4] [INFO] [1770539481.594574735] [rtk_nav]: 直线：yaw_error=-37.31，修正量=0.74
[rtk_nav-4] [INFO] [1770539481.795787928] [rtk_nav]: 直线：yaw_error=-36.53，修正量=0.73
[rtk_nav-4] [INFO] [1770539482.095664449] [rtk_nav]: 直线：yaw_error=-45.43，修正量=0.95
[rtk_nav-4] [INFO] [1770539482.195234884] [rtk_nav]: [ROSNode] 目标航点5：距离1.31m, IMU航向-119.27°, 目标路径航向-164.70°, 偏差角-45.43°
[rtk_nav-4] [INFO] [1770539482.796277799] [rtk_nav]: 直线：yaw_error=-40.52，修正量=0.79
[rtk_nav-4] [INFO] [1770539483.095673176] [rtk_nav]: 直线：yaw_error=-39.34，修正量=0.78
[rtk_nav-4] [INFO] [1770539483.294633984] [rtk_nav]: 直线：yaw_error=-38.23，修正量=0.76
[rtk_nav-4] [INFO] [1770539483.594665270] [rtk_nav]: 直线：yaw_error=-37.36，修正量=0.74
[rtk_nav-4] [INFO] [1770539483.794628166] [rtk_nav]: 直线：yaw_error=-36.39，修正量=0.72
[rtk_nav-4] [INFO] [1770539484.096070063] [rtk_nav]: 直线：yaw_error=-35.48，修正量=0.71
[rtk_nav-4] [INFO] [1770539484.296483814] [rtk_nav]: 直线：yaw_error=-34.59，修正量=0.69
[rtk_nav-4] [INFO] [1770539484.595944811] [rtk_nav]: 直线：yaw_error=-33.69，修正量=0.67
[rtk_nav-4] [INFO] [1770539484.795950472] [rtk_nav]: 直线：yaw_error=-33.51，修正量=0.67
[rtk_nav-4] [INFO] [1770539485.096018240] [rtk_nav]: 直线：yaw_error=-32.49，修正量=0.64
[rtk_nav-4] [INFO] [1770539485.195540971] [rtk_nav]: [ROSNode] 目标航点5：距离1.00m, IMU航向-131.19°, 目标路径航向-163.68°, 偏差角-32.49°
[rtk_nav-4] [INFO] [1770539485.795138223] [rtk_nav]: 直线：yaw_error=-27.80，修正量=0.53
[rtk_nav-4] [INFO] [1770539486.094782256] [rtk_nav]: 直线：yaw_error=-26.98，修正量=0.54
[rtk_nav-4] [INFO] [1770539486.294608687] [rtk_nav]: 直线：yaw_error=-26.25，修正量=0.52
[rtk_nav-4] [INFO] [1770539486.594874418] [rtk_nav]: 直线：yaw_error=-25.56，修正量=0.51
[rtk_nav-4] [INFO] [1770539486.794482406] [rtk_nav]: 直线：yaw_error=-25.00，修正量=0.50
[rtk_nav-4] [INFO] [1770539487.094589617] [rtk_nav]: 直线：yaw_error=-24.31，修正量=0.48
[rtk_nav-4] [INFO] [1770539487.294604765] [rtk_nav]: 直线：yaw_error=-23.62，修正量=0.47
[rtk_nav-4] [INFO] [1770539487.594739716] [rtk_nav]: 直线：yaw_error=-22.96，修正量=0.46
[rtk_nav-4] [INFO] [1770539487.794771980] [rtk_nav]: 直线：yaw_error=-22.32，修正量=0.44
[rtk_nav-4] [INFO] [1770539488.094002662] [rtk_nav]: 直线：yaw_error=-22.09，修正量=0.44
[rtk_nav-4] [INFO] [1770539488.294705539] [rtk_nav]: 直线：yaw_error=-18.55，修正量=0.02
[rtk_nav-4] [INFO] [1770539488.394228034] [rtk_nav]: [ROSNode] 目标航点5：距离0.76m, IMU航向-141.59°, 目标路径航向-160.14°, 偏差角-18.55°
[rtk_nav-4] [INFO] [1770539489.094612240] [rtk_nav]: 直线：yaw_error=-16.76，修正量=0.02
[rtk_nav-4] [INFO] [1770539491.094683979] [rtk_nav]: 直线：yaw_error=-13.06，修正量=0.01
[rtk_nav-4] [INFO] [1770539491.194989870] [rtk_nav]: [ROSNode] 目标航点5：距离0.57m, IMU航向-143.70°, 目标路径航向-156.76°, 偏差角-13.06°
[rtk_nav-4] [INFO] [1770539491.295722235] [rtk_nav]: 直线：yaw_error=-13.20，修正量=0.03
[rtk_nav-4] [INFO] [1770539492.096234439] [rtk_nav]: 直线：yaw_error=-12.99，修正量=0.02
[rtk_nav-4] [INFO] [1770539494.294406205] [rtk_nav]: 直线：yaw_error=-10.07，修正量=0.01
[rtk_nav-4] [INFO] [1770539494.393902075] [rtk_nav]: [ROSNode] 目标航点5：距离0.41m, IMU航向-144.31°, 目标路径航向-154.38°, 偏差角-10.07°
[rtk_nav-4] [INFO] [1770539495.096090276] [rtk_nav]: 直线：yaw_error=-9.93，修正量=0.02
[rtk_nav-4] [INFO] [1770539497.094879070] [rtk_nav]: 直线：yaw_error=81.17，修正量=-1.50
[rtk_nav-4] [INFO] [1770539497.194357188] [rtk_nav]: [ROSNode] 目标航点5：距离0.31m, IMU航向-144.72°, 目标路径航向-63.55°, 偏差角81.17°
[rtk_nav-4] [INFO] [1770539498.094593129] [rtk_nav]: 直线：yaw_error=76.22，修正量=-1.50
[rtk_nav-4] [INFO] [1770539498.295599635] [rtk_nav]: 直线：yaw_error=74.28，修正量=-1.50
[rtk_nav-4] [INFO] [1770539498.595677700] [rtk_nav]: 直线：yaw_error=72.76，修正量=-1.50
[rtk_nav-4] [INFO] [1770539498.794716085] [rtk_nav]: 直线：yaw_error=70.72，修正量=-1.50
[rtk_nav-4] [INFO] [1770539499.094615616] [rtk_nav]: 直线：yaw_error=68.73，修正量=-1.50
[rtk_nav-4] [INFO] [1770539499.294655455] [rtk_nav]: 直线：yaw_error=66.68，修正量=-1.50
[rtk_nav-4] [INFO] [1770539499.595811826] [rtk_nav]: 直线：yaw_error=64.62，修正量=-1.50
[rtk_nav-4] [INFO] [1770539499.795812674] [rtk_nav]: 直线：yaw_error=63.79，修正量=-1.50
[rtk_nav-4] [INFO] [1770539500.095776901] [rtk_nav]: 直线：yaw_error=105.86，修正量=-1.50
[rtk_nav-4] [INFO] [1770539500.195315541] [rtk_nav]: [ROSNode] 目标航点5：距离0.49m, IMU航向-127.34°, 目标路径航向-21.48°, 偏差角105.86°
[rtk_nav-4] [INFO] [1770539500.794792432] [rtk_nav]: 直线：yaw_error=96.15，修正量=-1.50
[rtk_nav-4] [INFO] [1770539501.094288120] [rtk_nav]: 直线：yaw_error=94.07，修正量=-1.50
[rtk_nav-4] [INFO] [1770539501.294286005] [rtk_nav]: 直线：yaw_error=92.01，修正量=-1.50
[rtk_nav-4] [INFO] [1770539501.594662146] [rtk_nav]: 直线：yaw_error=90.41，修正量=-1.50
[sensors_485-3] [WARN] [1770539501.641274585] [Sensors_485_node]: IO: CRC check failed
[rtk_nav-4] [INFO] [1770539501.797051711] [rtk_nav]: 直线：yaw_error=88.36，修正量=-1.50
[rtk_nav-4] [INFO] [1770539502.096227181] [rtk_nav]: 直线：yaw_error=86.31，修正量=-1.50
[rtk_nav-4] [INFO] [1770539502.296277807] [rtk_nav]: 直线：yaw_error=84.21，修正量=-1.50
[rtk_nav-4] [INFO] [1770539502.594302485] [rtk_nav]: 直线：yaw_error=82.14，修正量=-1.50
[rtk_nav-4] [INFO] [1770539502.796538183] [rtk_nav]: 直线：yaw_error=81.37，修正量=-1.50
[rtk_nav-4] [INFO] [1770539503.096098940] [rtk_nav]: 直线：yaw_error=92.77，修正量=-1.50
[rtk_nav-4] [INFO] [1770539503.195823152] [rtk_nav]: [ROSNode] 目标航点5：距离0.59m, IMU航向-102.85°, 目标路径航向-10.08°, 偏差角92.77°
[rtk_nav-4] [INFO] [1770539504.096080135] [rtk_nav]: 直线：yaw_error=80.71，修正量=-1.50
[rtk_nav-4] [INFO] [1770539504.295861696] [rtk_nav]: 直线：yaw_error=78.58，修正量=-1.50
[rtk_nav-4] [INFO] [1770539504.595619880] [rtk_nav]: 直线：yaw_error=76.48，修正量=-1.50
[rtk_nav-4] [INFO] [1770539504.796068349] [rtk_nav]: 直线：yaw_error=74.79，修正量=-1.50
[rtk_nav-4] [INFO] [1770539505.094644841] [rtk_nav]: 直线：yaw_error=72.59，修正量=-1.50
[rtk_nav-4] [INFO] [1770539505.294760992] [rtk_nav]: 直线：yaw_error=70.50，修正量=-1.50
[rtk_nav-4] [INFO] [1770539505.594642705] [rtk_nav]: 直线：yaw_error=68.29，修正量=-1.50
[rtk_nav-4] [INFO] [1770539505.794703666] [rtk_nav]: 直线：yaw_error=66.18，修正量=-1.50
[rtk_nav-4] [INFO] [1770539506.094597377] [rtk_nav]: 直线：yaw_error=64.06，修正量=-1.50
[rtk_nav-4] [INFO] [1770539506.294579136] [rtk_nav]: 直线：yaw_error=62.90，修正量=-1.50
[rtk_nav-4] [INFO] [1770539506.594548357] [rtk_nav]: 直线：yaw_error=70.11，修正量=-1.50
[rtk_nav-4] [INFO] [1770539506.694286950] [rtk_nav]: [ROSNode] 目标航点5：距离0.70m, IMU航向-72.98°, 目标路径航向-2.87°, 偏差角70.11°
[rtk_nav-4] [INFO] [1770539507.595850255] [rtk_nav]: 直线：yaw_error=58.64，修正量=-1.12
[rtk_nav-4] [INFO] [1770539507.795613852] [rtk_nav]: 直线：yaw_error=56.54，修正量=-1.12
[rtk_nav-4] [INFO] [1770539508.095694852] [rtk_nav]: 直线：yaw_error=55.19，修正量=-1.10
[rtk_nav-4] [INFO] [1770539508.295651602] [rtk_nav]: 直线：yaw_error=53.63，修正量=-1.06
[rtk_nav-4] [INFO] [1770539508.595526829] [rtk_nav]: 直线：yaw_error=52.12，修正量=-1.03
[rtk_nav-4] [INFO] [1770539508.795188815] [rtk_nav]: 直线：yaw_error=50.67，修正量=-1.01
[rtk_nav-4] [INFO] [1770539509.093990444] [rtk_nav]: 直线：yaw_error=49.21，修正量=-0.98
[rtk_nav-4] [INFO] [1770539509.294843641] [rtk_nav]: 直线：yaw_error=47.81，修正量=-0.95
[rtk_nav-4] [INFO] [1770539509.595460176] [rtk_nav]: 直线：yaw_error=47.02，修正量=-0.94
[rtk_nav-4] [INFO] [1770539509.795724211] [rtk_nav]: 直线：yaw_error=61.57，修正量=-1.50
[rtk_nav-4] [INFO] [1770539509.894830352] [rtk_nav]: [ROSNode] 目标航点5：距离0.49m, IMU航向-49.89°, 目标路径航向11.68°, 偏差角61.57°
[rtk_nav-4] [INFO] [1770539510.794538685] [rtk_nav]: 直线：yaw_error=52.20，修正量=-1.00
[rtk_nav-4] [INFO] [1770539511.095840636] [rtk_nav]: 直线：yaw_error=50.26，修正量=-1.00
[rtk_nav-4] [INFO] [1770539511.295559238] [rtk_nav]: 直线：yaw_error=48.64，修正量=-0.96
[rtk_nav-4] [INFO] [1770539511.595464026] [rtk_nav]: 直线：yaw_error=47.38，修正量=-0.94
[rtk_nav-4] [INFO] [1770539511.795652158] [rtk_nav]: 直线：yaw_error=45.96，修正量=-0.91
[rtk_nav-4] [INFO] [1770539512.095732620] [rtk_nav]: 直线：yaw_error=44.61，修正量=-0.89
[rtk_nav-4] [INFO] [1770539512.295813523] [rtk_nav]: 直线：yaw_error=43.29，修正量=-0.86
[rtk_nav-4] [INFO] [1770539512.594610941] [rtk_nav]: 直线：yaw_error=42.06，修正量=-0.84
[rtk_nav-4] [INFO] [1770539512.794629222] [rtk_nav]: 直线：yaw_error=41.09，修正量=-0.82
[rtk_nav-4] [INFO] [1770539513.095828908] [rtk_nav]: 直线：yaw_error=61.13，修正量=-1.50
[rtk_nav-4] [INFO] [1770539513.195596239] [rtk_nav]: [ROSNode] 目标航点5：距离0.33m, IMU航向-29.41°, 目标路径航向31.72°, 偏差角61.13°
[rtk_nav-4] [INFO] [1770539513.795392694] [rtk_nav]: 直线：yaw_error=54.35，修正量=-1.05
[rtk_nav-4] [INFO] [1770539514.094545142] [rtk_nav]: 直线：yaw_error=52.36，修正量=-1.04
[rtk_nav-4] [INFO] [1770539514.294698494] [rtk_nav]: 直线：yaw_error=50.92，修正量=-1.01
[rtk_nav-4] [INFO] [1770539514.595045381] [rtk_nav]: 直线：yaw_error=49.77，修正量=-0.99
[rtk_nav-4] [INFO] [1770539514.794637453] [rtk_nav]: 直线：yaw_error=48.34，修正量=-0.96
[rtk_nav-4] [INFO] [1770539515.094668659] [rtk_nav]: 直线：yaw_error=47.03，修正量=-0.93
[rtk_nav-4] [INFO] [1770539515.294598023] [rtk_nav]: 直线：yaw_error=45.74，修正量=-0.91
[rtk_nav-4] [INFO] [1770539515.594671268] [rtk_nav]: 直线：yaw_error=44.50，修正量=-0.88
[rtk_nav-4] [INFO] [1770539515.794756814] [rtk_nav]: 直线：yaw_error=43.46，修正量=-0.86
[rtk_nav-4] [INFO] [1770539516.094825843] [rtk_nav]: 直线：yaw_error=54.95，修正量=-1.16
[rtk_nav-4] [INFO] [1770539516.194237777] [rtk_nav]: [ROSNode] 目标航点5：距离0.20m, IMU航向-11.74°, 目标路径航向43.21°, 偏差角54.95°
[rtk_nav-4] [INFO] [1770539517.094348120] [rtk_nav]: 直线：yaw_error=47.59，修正量=-0.91
[rtk_nav-4] [INFO] [1770539517.294610757] [rtk_nav]: 直线：yaw_error=46.13，修正量=-0.92
[rtk_nav-4] [INFO] [1770539517.594619197] [rtk_nav]: 直线：yaw_error=44.90，修正量=-0.89
[rtk_nav-4] [INFO] [1770539517.794876490] [rtk_nav]: 直线：yaw_error=43.92，修正量=-0.87
[rtk_nav-4] [INFO] [1770539518.093821184] [rtk_nav]: 直线：yaw_error=42.63，修正量=-0.85
[rtk_nav-4] [INFO] [1770539518.294440193] [rtk_nav]: 直线：yaw_error=41.45，修正量=-0.82
[rtk_nav-4] [INFO] [1770539518.595822587] [rtk_nav]: 直线：yaw_error=40.30，修正量=-0.80
[rtk_nav-4] [INFO] [1770539518.796030378] [rtk_nav]: 直线：yaw_error=39.16，修正量=-0.78
[rtk_nav-4] [INFO] [1770539519.095816619] [rtk_nav]: 直线：yaw_error=38.28，修正量=-0.76
[rtk_nav-4] [INFO] [1770539519.274026201] [rtk_nav]: GPS状态：差分
[rtk_nav-4] [INFO] [1770539519.296185592] [rtk_nav]: 直线：yaw_error=12.56，修正量=0.10
[rtk_nav-4] [INFO] [1770539519.393488789] [rtk_nav]: [ROSNode] 目标航点5：距离4.06m, IMU航向5.36°, 目标路径航向17.92°, 偏差角12.56°
[rtk_nav-4] [INFO] [1770539520.094728291] [rtk_nav]: 直线：yaw_error=8.92，修正量=0.00
[rtk_nav-4] [INFO] [1770539521.774941836] [rtk_nav]: GPS状态：RTK Float
[rtk_nav-4] [INFO] [1770539521.797070963] [rtk_nav]: 直线：yaw_error=178.26，修正量=-1.50
[rtk_nav-4] [INFO] [1770539521.895304390] [rtk_nav]: [ROSNode] 目标航点5：距离0.27m, IMU航向9.30°, 目标路径航向-172.44°, 偏差角178.26°
[rtk_nav-4] [INFO] [1770539522.795795590] [rtk_nav]: 直线：yaw_error=174.29，修正量=-1.50
[rtk_nav-4] [INFO] [1770539523.095904541] [rtk_nav]: 直线：yaw_error=172.39，修正量=-1.50
[rtk_nav-4] [INFO] [1770539523.294875034] [rtk_nav]: 直线：yaw_error=170.47，修正量=-1.50
[rtk_nav-4] [INFO] [1770539523.594916576] [rtk_nav]: 直线：yaw_error=168.93，修正量=-1.50
[rtk_nav-4] [INFO] [1770539523.794715468] [rtk_nav]: 直线：yaw_error=166.94，修正量=-1.50
[rtk_nav-4] [INFO] [1770539524.094773019] [rtk_nav]: 直线：yaw_error=164.96，修正量=-1.50
[rtk_nav-4] [INFO] [1770539524.295668033] [rtk_nav]: 直线：yaw_error=162.94，修正量=-1.50
[rtk_nav-4] [INFO] [1770539524.595879249] [rtk_nav]: 直线：yaw_error=160.86，修正量=-1.50
[rtk_nav-4] [INFO] [1770539524.795994775] [rtk_nav]: 直线：yaw_error=160.03，修正量=-1.50
[rtk_nav-4] [INFO] [1770539525.094696491] [rtk_nav]: 直线：yaw_error=-166.86，修正量=1.50
[rtk_nav-4] [INFO] [1770539525.194424321] [rtk_nav]: [ROSNode] 目标航点5：距离0.39m, IMU航向27.53°, 目标路径航向-139.33°, 偏差角-166.86°
[rtk_nav-4] [INFO] [1770539526.094564690] [rtk_nav]: 直线：yaw_error=-168.83，修正量=1.50
[rtk_nav-4] [INFO] [1770539526.294703424] [rtk_nav]: 直线：yaw_error=-167.04，修正量=1.50
[rtk_nav-4] [INFO] [1770539526.595755970] [rtk_nav]: 直线：yaw_error=-165.60，修正量=1.50
[rtk_nav-4] [INFO] [1770539526.797079392] [rtk_nav]: 直线：yaw_error=-163.64，修正量=1.50
[rtk_nav-4] [INFO] [1770539527.094794591] [rtk_nav]: 直线：yaw_error=-161.67，修正量=1.50
[rtk_nav-4] [INFO] [1770539527.297505925] [rtk_nav]: 直线：yaw_error=-159.77，修正量=1.50
[rtk_nav-4] [INFO] [1770539527.596065111] [rtk_nav]: 直线：yaw_error=-157.94，修正量=1.50
[rtk_nav-4] [INFO] [1770539527.795538816] [rtk_nav]: 直线：yaw_error=-156.33，修正量=1.50
[rtk_nav-4] [INFO] [1770539528.094605990] [rtk_nav]: 直线：yaw_error=-160.60，修正量=1.50
[rtk_nav-4] [INFO] [1770539529.096125317] [rtk_nav]: 直线：yaw_error=-150.07，修正量=1.50
[rtk_nav-4] [INFO] [1770539529.296814736] [rtk_nav]: 直线：yaw_error=-148.15，修正量=1.50
[rtk_nav-4] [INFO] [1770539529.595617561] [rtk_nav]: 直线：yaw_error=-146.30，修正量=1.50
[rtk_nav-4] [INFO] [1770539529.795835046] [rtk_nav]: 直线：yaw_error=-144.79，修正量=1.50
[rtk_nav-4] [INFO] [1770539530.094724103] [rtk_nav]: 直线：yaw_error=-142.74，修正量=1.50
[rtk_nav-4] [INFO] [1770539530.294635214] [rtk_nav]: 直线：yaw_error=-140.59，修正量=1.50
[rtk_nav-4] [INFO] [1770539530.596060088] [rtk_nav]: 直线：yaw_error=-138.48，修正量=1.50
[rtk_nav-4] [INFO] [1770539530.797101773] [rtk_nav]: 直线：yaw_error=-136.50，修正量=1.50
[rtk_nav-4] [INFO] [1770539531.093853974] [rtk_nav]: 直线：yaw_error=-134.48，修正量=1.50
[rtk_nav-4] [INFO] [1770539531.294613463] [rtk_nav]: 直线：yaw_error=-134.06，修正量=1.50
[rtk_nav-4] [INFO] [1770539531.594720320] [rtk_nav]: [ROSNode] 已到达航点5距离阈值（0.08m ≤ 0.1m）
[rtk_nav-4] [INFO] [1770539531.694181549] [rtk_nav]: [ROSNode] 目标航点5：距离0.08m, IMU航向-9.54°, 目标路径航向-102.70°, 偏差角-93.16°
[rtk_nav-4] [INFO] [1770539531.696520587] [rtk_nav]: yaw_error=111.67，修正量=-1.50
[rtk_nav-4] [INFO] [1770539532.594735294] [rtk_nav]: yaw_error=105.06，修正量=-1.50
[rtk_nav-4] [INFO] [1770539532.796077366] [rtk_nav]: yaw_error=98.88，修正量=-1.50
[rtk_nav-4] [INFO] [1770539533.096025525] [rtk_nav]: yaw_error=93.85，修正量=-1.50
[rtk_nav-4] [INFO] [1770539533.296008880] [rtk_nav]: yaw_error=87.60，修正量=-1.50
[rtk_nav-4] [INFO] [1770539533.596155903] [rtk_nav]: yaw_error=81.28，修正量=-1.50
[rtk_nav-4] [INFO] [1770539533.796355725] [rtk_nav]: yaw_error=74.98，修正量=-1.50
[rtk_nav-4] [INFO] [1770539534.095041505] [rtk_nav]: yaw_error=68.86，修正量=-1.50
[rtk_nav-4] [INFO] [1770539534.294682010] [rtk_nav]: yaw_error=62.75，修正量=-1.50
[rtk_nav-4] [INFO] [1770539534.594705091] [rtk_nav]: yaw_error=61.54，修正量=-1.50
[rtk_nav-4] [INFO] [1770539535.594803980] [rtk_nav]: yaw_error=30.52，修正量=0.94
[rtk_nav-4] [INFO] [1770539535.794945506] [rtk_nav]: yaw_error=24.12，修正量=-0.16
[rtk_nav-4] [INFO] [1770539536.094684148] [rtk_nav]: yaw_error=20.49，修正量=-0.23
[rtk_nav-4] [INFO] [1770539536.295728023] [rtk_nav]: yaw_error=18.35，修正量=0.07
[rtk_nav-4] [INFO] [1770539536.594886682] [rtk_nav]: yaw_error=15.76，修正量=0.10
[rtk_nav-4] [INFO] [1770539536.794796878] [rtk_nav]: yaw_error=14.02，修正量=0.06
[rtk_nav-4] [INFO] [1770539537.094972803] [rtk_nav]: yaw_error=12.43，修正量=0.05
[rtk_nav-4] [INFO] [1770539537.294711334] [rtk_nav]: yaw_error=10.84，修正量=0.06
[rtk_nav-4] [INFO] [1770539537.594850160] [rtk_nav]: yaw_error=9.91，修正量=0.03
[rtk_nav-4] [INFO] [1770539538.796644472] [rtk_nav]: yaw_error=1.13，修正量=0.44
[rtk_nav-4] [INFO] [1770539539.095003172] [rtk_nav]: 航向校准完成！误差：0.37°
[rtk_nav-4] [INFO] [1770539539.097543467] [rtk_nav]: [ROSNode] 航点5航向校准完成, 结果：True
[rtk_nav-4] [INFO] [1770539539.100279968] [rtk_nav]: [ROSNode] 切换到新航点6, 准备进入移动阶段
[rtk_nav-4] [INFO] [1770539539.194643727] [rtk_nav]: [航点切换] 进入路段5→6
[rtk_nav-4] [INFO] [1770539539.197146510] [rtk_nav]: [航点切换] 缓存当前文件上一个航点5：(120.07131356, 30.32166095, 102.13)
[rtk_nav-4] [INFO] [1770539539.200407868] [rtk_nav]: 直线：yaw_error=-23.85，修正量=0.60
[rtk_nav-4] [INFO] [1770539539.293782152] [rtk_nav]: [ROSNode] 目标航点6：距离0.22m, IMU航向102.80°, 目标路径航向78.65°, 偏差角-24.15°
[rtk_nav-4] [INFO] [1770539539.295351245] [rtk_nav]: 直线：yaw_error=-24.15，修正量=0.48
[rtk_nav-4] [INFO] [1770539539.794679278] [rtk_nav]: 直线：yaw_error=-23.72，修正量=0.47
[rtk_nav-4] [INFO] [1770539540.094669731] [rtk_nav]: 直线：yaw_error=-23.25，修正量=0.46
[rtk_nav-4] [INFO] [1770539540.294719449] [rtk_nav]: 直线：yaw_error=-22.73，修正量=0.45
[rtk_nav-4] [INFO] [1770539540.594655256] [rtk_nav]: 直线：yaw_error=-22.20，修正量=0.44
[rtk_nav-4] [INFO] [1770539540.794556355] [rtk_nav]: 直线：yaw_error=-21.64，修正量=0.43
[rtk_nav-4] [INFO] [1770539541.095159944] [rtk_nav]: 直线：yaw_error=-21.42，修正量=0.43
[rtk_nav-4] [INFO] [1770539541.295667387] [rtk_nav]: 直线：yaw_error=-69.55，修正量=1.50
[rtk_nav-4] [INFO] [1770539542.296284120] [rtk_nav]: 直线：yaw_error=-62.68，修正量=1.50
[rtk_nav-4] [INFO] [1770539542.594642979] [rtk_nav]: 直线：yaw_error=-60.73，修正量=1.50
[rtk_nav-4] [INFO] [1770539542.794522128] [rtk_nav]: 直线：yaw_error=-59.16，修正量=1.18
[rtk_nav-4] [INFO] [1770539543.094817907] [rtk_nav]: 直线：yaw_error=-57.27，修正量=1.14
[rtk_nav-4] [INFO] [1770539543.295935308] [rtk_nav]: 直线：yaw_error=-55.67，修正量=1.11
[rtk_nav-4] [INFO] [1770539543.595812626] [rtk_nav]: 直线：yaw_error=-54.21，修正量=1.08
[rtk_nav-4] [INFO] [1770539543.796004644] [rtk_nav]: 直线：yaw_error=-52.81，修正量=1.05
[rtk_nav-4] [INFO] [1770539544.096106317] [rtk_nav]: 直线：yaw_error=-52.28，修正量=1.04
[rtk_nav-4] [INFO] [1770539544.294728071] [rtk_nav]: 直线：yaw_error=-70.17，修正量=1.50
[rtk_nav-4] [INFO] [1770539545.094709276] [rtk_nav]: 直线：yaw_error=-62.60，修正量=1.50
[rtk_nav-4] [INFO] [1770539545.295660067] [rtk_nav]: 直线：yaw_error=-60.65，修正量=1.50
[rtk_nav-4] [INFO] [1770539545.595562795] [rtk_nav]: 直线：yaw_error=-58.57，修正量=1.16
[rtk_nav-4] [INFO] [1770539545.795649252] [rtk_nav]: 直线：yaw_error=-56.97，修正量=1.13
[rtk_nav-4] [INFO] [1770539546.095844299] [rtk_nav]: 直线：yaw_error=-55.29，修正量=1.10
[rtk_nav-4] [INFO] [1770539546.296071714] [rtk_nav]: 直线：yaw_error=-53.80，修正量=1.07
[rtk_nav-4] [INFO] [1770539546.594701677] [rtk_nav]: 直线：yaw_error=-52.40，修正量=1.04
[rtk_nav-4] [INFO] [1770539546.794781628] [rtk_nav]: 直线：yaw_error=-51.05，修正量=1.01
[rtk_nav-4] [INFO] [1770539547.094615111] [rtk_nav]: 直线：yaw_error=-50.22，修正量=1.00
[rtk_nav-4] [INFO] [1770539547.294719589] [rtk_nav]: 直线：yaw_error=-35.66，修正量=0.64
[rtk_nav-4] [INFO] [1770539548.094637527] [rtk_nav]: 直线：yaw_error=-30.26，修正量=0.58
[rtk_nav-4] [INFO] [1770539548.294691816] [rtk_nav]: 直线：yaw_error=-29.30，修正量=0.58
[rtk_nav-4] [INFO] [1770539548.594657068] [rtk_nav]: 直线：yaw_error=-28.62，修正量=0.57
[rtk_nav-4] [INFO] [1770539548.794665358] [rtk_nav]: 直线：yaw_error=-27.91，修正量=0.55
[rtk_nav-4] [INFO] [1770539549.095996755] [rtk_nav]: 直线：yaw_error=-27.10，修正量=0.54
[rtk_nav-4] [INFO] [1770539549.296628746] [rtk_nav]: 直线：yaw_error=-26.38，修正量=0.52
[rtk_nav-4] [INFO] [1770539549.596861837] [rtk_nav]: 直线：yaw_error=-25.67，修正量=0.51
[rtk_nav-4] [INFO] [1770539549.795595831] [rtk_nav]: 直线：yaw_error=-24.98，修正量=0.50
[rtk_nav-4] [INFO] [1770539550.096019501] [rtk_nav]: 直线：yaw_error=-24.84，修正量=0.50
[rtk_nav-4] [INFO] [1770539550.296699367] [rtk_nav]: 直线：yaw_error=-33.58，修正量=0.72
[rtk_nav-4] [INFO] [1770539551.094806532] [rtk_nav]: 直线：yaw_error=-29.87，修正量=0.58
[rtk_nav-4] [INFO] [1770539551.294637501] [rtk_nav]: 直线：yaw_error=-28.92，修正量=0.57
[rtk_nav-4] [INFO] [1770539551.594580027] [rtk_nav]: 直线：yaw_error=-28.30，修正量=0.56
[rtk_nav-4] [INFO] [1770539551.794669374] [rtk_nav]: 直线：yaw_error=-27.51，修正量=0.55
[rtk_nav-4] [INFO] [1770539552.094644183] [rtk_nav]: 直线：yaw_error=-26.78，修正量=0.53
[rtk_nav-4] [INFO] [1770539552.294646426] [rtk_nav]: 直线：yaw_error=-26.05，修正量=0.52
[rtk_nav-4] [INFO] [1770539552.594727609] [rtk_nav]: 直线：yaw_error=-25.40，修正量=0.50
[rtk_nav-4] [INFO] [1770539552.795075595] [rtk_nav]: 直线：yaw_error=-24.91，修正量=0.50
[rtk_nav-4] [INFO] [1770539553.094695797] [rtk_nav]: 直线：yaw_error=-23.80，修正量=0.47
[rtk_nav-4] [INFO] [1770539553.795514612] [rtk_nav]: 直线：yaw_error=-21.14，修正量=0.41
[rtk_nav-4] [INFO] [1770539554.095808005] [rtk_nav]: 直线：yaw_error=-20.61，修正量=0.41
[rtk_nav-4] [INFO] [1770539554.296247602] [rtk_nav]: 直线：yaw_error=-20.21，修正量=0.40
[rtk_nav-4] [INFO] [1770539554.594667368] [rtk_nav]: 直线：yaw_error=-19.66，修正量=0.04
[rtk_nav-4] [INFO] [1770539554.795963793] [rtk_nav]: 直线：yaw_error=-19.10，修正量=0.04
[rtk_nav-4] [INFO] [1770539555.094658440] [rtk_nav]: 直线：yaw_error=-18.89，修正量=0.04
[rtk_nav-4] [INFO] [1770539555.794683081] [rtk_nav]: 直线：yaw_error=-28.45，修正量=0.62
[rtk_nav-4] [INFO] [1770539555.894461282] [rtk_nav]: [ROSNode] 目标航点6：距离0.37m, IMU航向38.35°, 目标路径航向9.90°, 偏差角-28.45°
[rtk_nav-4] [INFO] [1770539556.795590566] [rtk_nav]: 直线：yaw_error=-25.97，修正量=0.51
[rtk_nav-4] [INFO] [1770539557.096546707] [rtk_nav]: 直线：yaw_error=-25.17，修正量=0.50
[rtk_nav-4] [INFO] [1770539557.296569915] [rtk_nav]: 直线：yaw_error=-24.60，修正量=0.49
[rtk_nav-4] [INFO] [1770539557.595832086] [rtk_nav]: 直线：yaw_error=-23.89，修正量=0.47
[rtk_nav-4] [INFO] [1770539557.796350217] [rtk_nav]: 直线：yaw_error=-23.27，修正量=0.46
[rtk_nav-4] [INFO] [1770539558.096091410] [rtk_nav]: 直线：yaw_error=-22.63，修正量=0.45
[rtk_nav-4] [INFO] [1770539558.294987209] [rtk_nav]: 直线：yaw_error=-22.03，修正量=0.44
[rtk_nav-4] [INFO] [1770539558.596145043] [rtk_nav]: 直线：yaw_error=-21.91，修正量=0.44
[rtk_nav-4] [INFO] [1770539558.797402025] [rtk_nav]: 直线：yaw_error=-26.00，修正量=0.54
[rtk_nav-4] [INFO] [1770539559.595158579] [rtk_nav]: 直线：yaw_error=-22.58，修正量=0.43
[rtk_nav-4] [INFO] [1770539559.794571388] [rtk_nav]: 直线：yaw_error=-21.89，修正量=0.43
[rtk_nav-4] [INFO] [1770539560.094997214] [rtk_nav]: 直线：yaw_error=-21.33，修正量=0.42
[rtk_nav-4] [INFO] [1770539560.296554581] [rtk_nav]: 直线：yaw_error=-20.86，修正量=0.41
[rtk_nav-4] [INFO] [1770539560.595695921] [rtk_nav]: 直线：yaw_error=-20.33，修正量=0.40
[rtk_nav-4] [INFO] [1770539560.795848341] [rtk_nav]: 直线：yaw_error=-19.74，修正量=0.04
[rtk_nav-4] [INFO] [1770539561.096298106] [rtk_nav]: 直线：yaw_error=-19.22，修正量=0.04
[rtk_nav-4] [INFO] [1770539561.795548296] [rtk_nav]: 直线：yaw_error=-28.69，修正量=0.62
[rtk_nav-4] [INFO] [1770539561.894724904] [rtk_nav]: [ROSNode] 目标航点6：距离0.64m, IMU航向24.92°, 目标路径航向-3.77°, 偏差角-28.69°
[rtk_nav-4] [INFO] [1770539562.795662759] [rtk_nav]: 直线：yaw_error=-26.41，修正量=0.52
[rtk_nav-4] [INFO] [1770539563.096143593] [rtk_nav]: 直线：yaw_error=-25.63，修正量=0.51
[rtk_nav-4] [INFO] [1770539563.296894265] [rtk_nav]: 直线：yaw_error=-25.06，修正量=0.50
[rtk_nav-4] [INFO] [1770539563.595572180] [rtk_nav]: 直线：yaw_error=-24.36，修正量=0.48
[rtk_nav-4] [INFO] [1770539563.795958314] [rtk_nav]: 直线：yaw_error=-23.70，修正量=0.47
[rtk_nav-4] [INFO] [1770539564.096175278] [rtk_nav]: 直线：yaw_error=-23.03，修正量=0.46
[rtk_nav-4] [INFO] [1770539564.295691951] [rtk_nav]: 直线：yaw_error=-22.40，修正量=0.44
[rtk_nav-4] [INFO] [1770539564.595739115] [rtk_nav]: 直线：yaw_error=-22.27，修正量=0.44
[rtk_nav-4] [INFO] [1770539564.795491188] [rtk_nav]: 直线：yaw_error=-16.17，修正量=0.00
[rtk_nav-4] [INFO] [1770539564.894826291] [rtk_nav]: [ROSNode] 目标航点6：距离0.53m, IMU航向18.50°, 目标路径航向2.33°, 偏差角-16.17°
[rtk_nav-4] [INFO] [1770539565.594693826] [rtk_nav]: 直线：yaw_error=-14.12，修正量=0.02
[rtk_nav-4] [INFO] [1770539567.595639305] [rtk_nav]: 直线：yaw_error=-10.92，修正量=0.01
[rtk_nav-4] [INFO] [1770539567.695152046] [rtk_nav]: [ROSNode] 目标航点6：距离0.40m, IMU航向16.01°, 目标路径航向5.09°, 偏差角-10.92°
[rtk_nav-4] [INFO] [1770539568.295817830] [rtk_nav]: 直线：yaw_error=-10.64，修正量=0.02
[rtk_nav-4] [INFO] [1770539569.094490502] [rtk_nav]: 直线：yaw_error=-10.41，修正量=0.02
[rtk_nav-4] [INFO] [1770539571.294197891] [rtk_nav]: 直线：yaw_error=17.67，修正量=-0.17
[rtk_nav-4] [INFO] [1770539571.394495001] [rtk_nav]: [ROSNode] 目标航点6：距离0.20m, IMU航向15.18°, 目标路径航向32.85°, 偏差角17.67°
[rtk_nav-4] [INFO] [1770539572.294600640] [rtk_nav]: 直线：yaw_error=17.79，修正量=-0.04
[rtk_nav-4] [INFO] [1770539574.295749412] [rtk_nav]: 直线：yaw_error=54.28，修正量=-1.27
[rtk_nav-4] [INFO] [1770539575.294602322] [rtk_nav]: 直线：yaw_error=50.38，修正量=-0.99
[rtk_nav-4] [INFO] [1770539575.594731659] [rtk_nav]: 直线：yaw_error=49.06，修正量=-0.97
[rtk_nav-4] [INFO] [1770539575.794601294] [rtk_nav]: 直线：yaw_error=48.01，修正量=-0.95
[rtk_nav-4] [INFO] [1770539576.094740602] [rtk_nav]: 直线：yaw_error=46.80，修正量=-0.93
[rtk_nav-4] [INFO] [1770539576.295899482] [rtk_nav]: 直线：yaw_error=45.53，修正量=-0.90
[rtk_nav-4] [INFO] [1770539576.595711596] [rtk_nav]: 直线：yaw_error=44.31，修正量=-0.88
[rtk_nav-4] [INFO] [1770539576.795978046] [rtk_nav]: 直线：yaw_error=43.03，修正量=-0.85
[rtk_nav-4] [INFO] [1770539577.095114951] [rtk_nav]: 直线：yaw_error=42.35，修正量=-0.84
[rtk_nav-4] [INFO] [1770539577.295695522] [rtk_nav]: [ROSNode] 已到达航点6距离阈值（0.02m ≤ 0.1m）
[rtk_nav-4] [INFO] [1770539577.394592663] [rtk_nav]: [ROSNode] 目标航点6：距离0.02m, IMU航向26.92°, 目标路径航向-61.07°, 偏差角-87.99°
[rtk_nav-4] [INFO] [1770539577.397363771] [rtk_nav]: yaw_error=-14.90，修正量=1.50
[rtk_nav-4] [INFO] [1770539578.295783535] [rtk_nav]: yaw_error=-13.61，修正量=-0.04
[rtk_nav-4] [INFO] [1770539578.595980798] [rtk_nav]: yaw_error=-12.06，修正量=-0.05
[rtk_nav-4] [INFO] [1770539578.795790373] [rtk_nav]: yaw_error=-10.79，修正量=-0.04
[rtk_nav-4] [INFO] [1770539579.096660690] [rtk_nav]: yaw_error=-9.28，修正量=-0.06
[rtk_nav-4] [INFO] [1770539579.295589064] [rtk_nav]: yaw_error=-7.73，修正量=-0.06
[rtk_nav-4] [INFO] [1770539579.595941982] [rtk_nav]: yaw_error=-6.21，修正量=-0.06
[rtk_nav-4] [INFO] [1770539579.795755329] [rtk_nav]: yaw_error=-4.67，修正量=-0.07
[rtk_nav-4] [INFO] [1770539580.094719438] [rtk_nav]: yaw_error=-3.42，修正量=-0.06
[rtk_nav-4] [INFO] [1770539581.094399946] [rtk_nav]: yaw_error=-1.91，修正量=-0.07
[rtk_nav-4] [INFO] [1770539581.296448652] [rtk_nav]: yaw_error=-1.58，修正量=-0.01
[rtk_nav-4] [INFO] [1770539581.596813071] [rtk_nav]: yaw_error=-1.26，修正量=-0.01
[rtk_nav-4] [INFO] [1770539581.796409552] [rtk_nav]: yaw_error=-1.03，修正量=-0.01
[rtk_nav-4] [INFO] [1770539582.094851776] [rtk_nav]: 航向校准完成！误差：0.76°
[rtk_nav-4] [INFO] [1770539582.096975595] [rtk_nav]: [ROSNode] 航点6航向校准完成, 结果：True
[rtk_nav-4] [INFO] [1770539582.099566632] [rtk_nav]: [ROSNode] 切换到新航点7, 准备进入移动阶段
[rtk_nav-4] [INFO] [1770539582.194978626] [rtk_nav]: [航点切换] 进入路段6→7
[rtk_nav-4] [INFO] [1770539582.197531880] [rtk_nav]: [航点切换] 缓存当前文件上一个航点6：(120.07132388, 30.32165903, 12.02)
[rtk_nav-4] [INFO] [1770539582.201596675] [rtk_nav]: 直线：yaw_error=0.67，修正量=-0.01
[rtk_nav-4] [INFO] [1770539582.295331902] [rtk_nav]: [ROSNode] 目标航点7：距离6.83m, IMU航向12.44°, 目标路径航向13.45°, 偏差角1.01°
[rtk_nav-4] [INFO] [1770539582.299129145] [rtk_nav]: 直线：yaw_error=1.01，修正量=-0.00
[rtk_nav-4] [INFO] [1770539583.094541611] [rtk_nav]: 直线：yaw_error=1.35，修正量=-0.00
[rtk_nav-4] [INFO] [1770539583.594732133] [rtk_nav]: 直线：yaw_error=2.75，修正量=-0.01
[rtk_nav-4] [INFO] [1770539583.693850892] [rtk_nav]: [ROSNode] 目标航点7：距离6.58m, IMU航向12.07°, 目标路径航向14.82°, 偏差角2.75°
[rtk_nav-4] [INFO] [1770539584.594747725] [rtk_nav]: 直线：yaw_error=3.09，修正量=-0.01
[rtk_nav-4] [INFO] [1770539586.594572221] [rtk_nav]: 直线：yaw_error=3.96，修正量=-0.01
[rtk_nav-4] [INFO] [1770539586.694452910] [rtk_nav]: [ROSNode] 目标航点7：距离6.10m, IMU航向11.60°, 目标路径航向15.56°, 偏差角3.96°
[rtk_nav-4] [INFO] [1770539589.794214015] [rtk_nav]: 直线：yaw_error=5.22，修正量=-0.02
[rtk_nav-4] [INFO] [1770539589.894600606] [rtk_nav]: [ROSNode] 目标航点7：距离5.55m, IMU航向11.52°, 目标路径航向16.74°, 偏差角5.22°
[rtk_nav-4] [INFO] [1770539592.894371268] [rtk_nav]: [ROSNode] 目标航点7：距离5.06m, IMU航向11.49°, 目标路径航向16.79°, 偏差角5.30°
[rtk_nav-4] [INFO] [1770539596.296625317] [rtk_nav]: 直线：yaw_error=5.35，修正量=-0.01
[rtk_nav-4] [INFO] [1770539596.395289654] [rtk_nav]: [ROSNode] 目标航点7：距离4.59m, IMU航向11.55°, 目标路径航向16.90°, 偏差角5.35°
[rtk_nav-4] [INFO] [1770539599.795678842] [rtk_nav]: 直线：yaw_error=4.37，修正量=-0.00
[rtk_nav-4] [INFO] [1770539599.895215499] [rtk_nav]: [ROSNode] 目标航点7：距离4.16m, IMU航向11.65°, 目标路径航向16.02°, 偏差角4.37°
[rtk_nav-4] [INFO] [1770539600.795588551] [rtk_nav]: 直线：yaw_error=4.26，修正量=-0.01
[rtk_nav-4] [INFO] [1770539603.095561707] [rtk_nav]: 直线：yaw_error=4.64，修正量=-0.01
[rtk_nav-4] [INFO] [1770539603.196531175] [rtk_nav]: [ROSNode] 目标航点7：距离3.82m, IMU航向11.90°, 目标路径航向16.54°, 偏差角4.64°
[rtk_nav-4] [INFO] [1770539606.295665179] [rtk_nav]: 直线：yaw_error=4.80，修正量=-0.01
[rtk_nav-4] [INFO] [1770539606.397115709] [rtk_nav]: [ROSNode] 目标航点7：距离3.42m, IMU航向11.96°, 目标路径航向16.76°, 偏差角4.80°
[rtk_nav-4] [INFO] [1770539607.095582917] [rtk_nav]: 直线：yaw_error=4.66，修正量=-0.01
[rtk_nav-4] [INFO] [1770539609.395027871] [rtk_nav]: [ROSNode] 目标航点7：距离2.98m, IMU航向12.26°, 目标路径航向16.74°, 偏差角4.48°
[rtk_nav-4] [INFO] [1770539610.294562112] [rtk_nav]: 直线：yaw_error=4.38，修正量=-0.01
[sensors_485-3] [WARN] [1770539611.675500561] [Sensors_485_node]: IO: CRC check failed
[rtk_nav-4] [INFO] [1770539612.796220306] [rtk_nav]: 直线：yaw_error=1.75，修正量=0.01
[rtk_nav-4] [INFO] [1770539612.896553969] [rtk_nav]: [ROSNode] 目标航点7：距离2.76m, IMU航向12.60°, 目标路径航向14.35°, 偏差角1.75°
[rtk_nav-4] [INFO] [1770539615.596157659] [rtk_nav]: 直线：yaw_error=-2.17，修正量=0.02
[rtk_nav-4] [INFO] [1770539615.696298095] [rtk_nav]: [ROSNode] 目标航点7：距离2.51m, IMU航向12.82°, 目标路径航向10.65°, 偏差角-2.17°
[rtk_nav-4] [INFO] [1770539618.795875612] [rtk_nav]: 直线：yaw_error=-4.72，修正量=0.02
[rtk_nav-4] [INFO] [1770539618.896047365] [rtk_nav]: [ROSNode] 目标航点7：距离2.13m, IMU航向12.82°, 目标路径航向8.10°, 偏差角-4.72°
[rtk_nav-4] [INFO] [1770539622.094444381] [rtk_nav]: 直线：yaw_error=-7.97，修正量=0.03
[rtk_nav-4] [INFO] [1770539622.193846989] [rtk_nav]: [ROSNode] 目标航点7：距离1.84m, IMU航向12.63°, 目标路径航向4.66°, 偏差角-7.97°
[rtk_nav-4] [INFO] [1770539625.096213757] [rtk_nav]: 直线：yaw_error=-10.06，修正量=0.03
[rtk_nav-4] [INFO] [1770539625.196264741] [rtk_nav]: [ROSNode] 目标航点7：距离1.40m, IMU航向12.60°, 目标路径航向2.54°, 偏差角-10.06°
[rtk_nav-4] [INFO] [1770539626.096167419] [rtk_nav]: 直线：yaw_error=-9.94，修正量=0.02
[rtk_nav-4] [INFO] [1770539628.094672598] [rtk_nav]: 直线：yaw_error=-11.71，修正量=0.03
[rtk_nav-4] [INFO] [1770539628.194140189] [rtk_nav]: [ROSNode] 目标航点7：距离1.17m, IMU航向12.37°, 目标路径航向0.66°, 偏差角-11.71°
[rtk_nav-4] [INFO] [1770539631.294584060] [rtk_nav]: 直线：yaw_error=-13.24，修正量=0.04
[rtk_nav-4] [INFO] [1770539631.394274629] [rtk_nav]: [ROSNode] 目标航点7：距离0.98m, IMU航向12.04°, 目标路径航向-1.20°, 偏差角-13.24°
[rtk_nav-4] [INFO] [1770539632.293931733] [rtk_nav]: 直线：yaw_error=-13.05，修正量=0.03
[rtk_nav-4] [INFO] [1770539634.296042677] [rtk_nav]: 直线：yaw_error=-15.11，修正量=0.04
[rtk_nav-4] [INFO] [1770539634.395676332] [rtk_nav]: [ROSNode] 目标航点7：距离0.84m, IMU航向11.67°, 目标路径航向-3.44°, 偏差角-15.11°
[rtk_nav-4] [INFO] [1770539635.294703182] [rtk_nav]: 直线：yaw_error=-14.94，修正量=0.03
[rtk_nav-4] [INFO] [1770539637.595970377] [rtk_nav]: 直线：yaw_error=3.74，修正量=-0.10
[rtk_nav-4] [INFO] [1770539637.695233541] [rtk_nav]: [ROSNode] 目标航点7：距离0.43m, IMU航向11.31°, 目标路径航向15.05°, 偏差角3.74°
[rtk_nav-4] [INFO] [1770539640.594726464] [rtk_nav]: 直线：yaw_error=27.33，修正量=-0.66
[rtk_nav-4] [INFO] [1770539640.694347424] [rtk_nav]: [ROSNode] 目标航点7：距离0.26m, IMU航向11.18°, 目标路径航向38.51°, 偏差角27.33°
[rtk_nav-4] [INFO] [1770539641.294779579] [rtk_nav]: 直线：yaw_error=26.06，修正量=-0.51
[rtk_nav-4] [INFO] [1770539641.594869585] [rtk_nav]: 直线：yaw_error=25.34，修正量=-0.50
[rtk_nav-4] [INFO] [1770539641.794532680] [rtk_nav]: 直线：yaw_error=24.61，修正量=-0.49
[rtk_nav-4] [INFO] [1770539642.094661269] [rtk_nav]: 直线：yaw_error=24.07，修正量=-0.48
[rtk_nav-4] [INFO] [1770539642.294627046] [rtk_nav]: 直线：yaw_error=23.44，修正量=-0.47
[rtk_nav-4] [INFO] [1770539642.594124793] [rtk_nav]: 直线：yaw_error=22.82，修正量=-0.45
[rtk_nav-4] [INFO] [1770539642.796467424] [rtk_nav]: 直线：yaw_error=22.20，修正量=-0.44
[rtk_nav-4] [INFO] [1770539643.096372077] [rtk_nav]: 直线：yaw_error=21.60，修正量=-0.43
[rtk_nav-4] [INFO] [1770539643.295647075] [rtk_nav]: 直线：yaw_error=20.99，修正量=-0.42
[rtk_nav-4] [INFO] [1770539643.596108349] [rtk_nav]: 直线：yaw_error=20.76，修正量=-0.41
[rtk_nav-4] [INFO] [1770539643.796042682] [rtk_nav]: 直线：yaw_error=75.70，修正量=-1.50
[rtk_nav-4] [INFO] [1770539644.795592900] [rtk_nav]: 直线：yaw_error=68.25，修正量=-1.50
[rtk_nav-4] [INFO] [1770539645.095710454] [rtk_nav]: 直线：yaw_error=66.18，修正量=-1.50
[rtk_nav-4] [INFO] [1770539645.294444165] [rtk_nav]: 直线：yaw_error=64.53，修正量=-1.50
[rtk_nav-4] [INFO] [1770539645.594245588] [rtk_nav]: 直线：yaw_error=62.55，修正量=-1.50
[rtk_nav-4] [INFO] [1770539645.794717294] [rtk_nav]: 直线：yaw_error=60.58，修正量=-1.50
[rtk_nav-4] [INFO] [1770539646.095835852] [rtk_nav]: 直线：yaw_error=58.43，修正量=-1.16
[rtk_nav-4] [INFO] [1770539646.295901264] [rtk_nav]: 直线：yaw_error=56.38，修正量=-1.12
[rtk_nav-4] [INFO] [1770539646.595625433] [rtk_nav]: 直线：yaw_error=54.71，修正量=-1.09
[rtk_nav-4] [INFO] [1770539646.777428172] [rtk_nav]: GPS状态：差分
[rtk_nav-4] [INFO] [1770539646.795751858] [rtk_nav]: 直线：yaw_error=30.24，修正量=-0.48
[rtk_nav-4] [INFO] [1770539646.895136827] [rtk_nav]: [ROSNode] 目标航点7：距离3.00m, IMU航向39.36°, 目标路径航向69.60°, 偏差角30.24°
[rtk_nav-4] [INFO] [1770539647.795812598] [rtk_nav]: 直线：yaw_error=24.08，修正量=-0.45
[rtk_nav-4] [INFO] [1770539648.094543080] [rtk_nav]: 直线：yaw_error=23.49，修正量=-0.47
[rtk_nav-4] [INFO] [1770539648.294523352] [rtk_nav]: 直线：yaw_error=22.83，修正量=-0.45
[rtk_nav-4] [INFO] [1770539648.594635424] [rtk_nav]: 直线：yaw_error=22.13，修正量=-0.44
[rtk_nav-4] [INFO] [1770539648.794981338] [rtk_nav]: 直线：yaw_error=21.46，修正量=-0.43
[rtk_nav-4] [INFO] [1770539649.096101143] [rtk_nav]: 直线：yaw_error=20.86，修正量=-0.41
[rtk_nav-4] [INFO] [1770539649.295831521] [rtk_nav]: 直线：yaw_error=20.32，修正量=-0.40
[rtk_nav-4] [INFO] [1770539649.594685369] [rtk_nav]: 直线：yaw_error=20.11，修正量=-0.40
[rtk_nav-4] [INFO] [1770539649.774110753] [rtk_nav]: GPS状态：RTK Float
[rtk_nav-4] [INFO] [1770539649.796905673] [rtk_nav]: 直线：yaw_error=151.36，修正量=-1.50
[rtk_nav-4] [INFO] [1770539649.894317046] [rtk_nav]: [ROSNode] 目标航点7：距离0.54m, IMU航向49.49°, 目标路径航向-159.15°, 偏差角151.36°
[rtk_nav-4] [INFO] [1770539650.794168313] [rtk_nav]: 直线：yaw_error=145.37，修正量=-1.50
[rtk_nav-4] [INFO] [1770539651.094455623] [rtk_nav]: 直线：yaw_error=143.51，修正量=-1.50
[rtk_nav-4] [INFO] [1770539651.295732125] [rtk_nav]: 直线：yaw_error=142.02，修正量=-1.50
[rtk_nav-4] [INFO] [1770539651.596140361] [rtk_nav]: 直线：yaw_error=140.17，修正量=-1.50
[rtk_nav-4] [INFO] [1770539651.796121054] [rtk_nav]: 直线：yaw_error=138.29，修正量=-1.50
[rtk_nav-4] [INFO] [1770539652.096690986] [rtk_nav]: 直线：yaw_error=136.42，修正量=-1.50
[rtk_nav-4] [INFO] [1770539652.295942211] [rtk_nav]: 直线：yaw_error=134.54，修正量=-1.50
[rtk_nav-4] [INFO] [1770539652.596050557] [rtk_nav]: 直线：yaw_error=132.69，修正量=-1.50
[rtk_nav-4] [INFO] [1770539652.796838837] [rtk_nav]: 直线：yaw_error=132.32，修正量=-1.50
[rtk_nav-4] [INFO] [1770539653.095025244] [rtk_nav]: 直线：yaw_error=147.15，修正量=-1.50
[rtk_nav-4] [INFO] [1770539653.195558445] [rtk_nav]: [ROSNode] 目标航点7：距离0.71m, IMU航向68.53°, 目标路径航向-144.32°, 偏差角147.15°
[rtk_nav-4] [INFO] [1770539653.795742890] [rtk_nav]: 直线：yaw_error=137.35，修正量=-1.50
[rtk_nav-4] [INFO] [1770539654.095779488] [rtk_nav]: 直线：yaw_error=135.36，修正量=-1.50
[rtk_nav-4] [INFO] [1770539654.295670659] [rtk_nav]: 直线：yaw_error=133.34，修正量=-1.50
[rtk_nav-4] [INFO] [1770539654.596250934] [rtk_nav]: 直线：yaw_error=131.63，修正量=-1.50
[rtk_nav-4] [INFO] [1770539654.795848932] [rtk_nav]: 直线：yaw_error=129.51，修正量=-1.50
[rtk_nav-4] [INFO] [1770539655.094668840] [rtk_nav]: 直线：yaw_error=127.47，修正量=-1.50
[rtk_nav-4] [INFO] [1770539655.294653307] [rtk_nav]: 直线：yaw_error=125.37，修正量=-1.50
[rtk_nav-4] [INFO] [1770539655.594867262] [rtk_nav]: 直线：yaw_error=123.29，修正量=-1.50
[rtk_nav-4] [INFO] [1770539655.794552243] [rtk_nav]: 直线：yaw_error=138.39，修正量=-1.50
[rtk_nav-4] [INFO] [1770539656.795780615] [rtk_nav]: 直线：yaw_error=128.13，修正量=-1.50
[rtk_nav-4] [INFO] [1770539657.095686041] [rtk_nav]: 直线：yaw_error=126.08，修正量=-1.50
[rtk_nav-4] [INFO] [1770539657.295726952] [rtk_nav]: 直线：yaw_error=124.45，修正量=-1.50
[rtk_nav-4] [INFO] [1770539657.595619215] [rtk_nav]: 直线：yaw_error=122.44，修正量=-1.50
[rtk_nav-4] [INFO] [1770539657.795745590] [rtk_nav]: 直线：yaw_error=120.38，修正量=-1.50
[rtk_nav-4] [INFO] [1770539658.096082133] [rtk_nav]: 直线：yaw_error=118.37，修正量=-1.50
[rtk_nav-4] [INFO] [1770539658.295207566] [rtk_nav]: 直线：yaw_error=116.51，修正量=-1.50
[rtk_nav-4] [INFO] [1770539658.595104639] [rtk_nav]: 直线：yaw_error=114.57，修正量=-1.50
[rtk_nav-4] [INFO] [1770539658.795780360] [rtk_nav]: 直线：yaw_error=113.79，修正量=-1.50
[rtk_nav-4] [INFO] [1770539659.095983468] [rtk_nav]: 直线：yaw_error=128.85，修正量=-1.50
[rtk_nav-4] [INFO] [1770539660.094680265] [rtk_nav]: 直线：yaw_error=117.23，修正量=-1.50
[rtk_nav-4] [INFO] [1770539660.294808684] [rtk_nav]: 直线：yaw_error=115.57，修正量=-1.50
[rtk_nav-4] [INFO] [1770539660.594683437] [rtk_nav]: 直线：yaw_error=113.55，修正量=-1.50
[rtk_nav-4] [INFO] [1770539660.794955251] [rtk_nav]: 直线：yaw_error=111.56，修正量=-1.50
[rtk_nav-4] [INFO] [1770539661.093831415] [rtk_nav]: 直线：yaw_error=109.58，修正量=-1.50
[rtk_nav-4] [INFO] [1770539661.294178115] [rtk_nav]: 直线：yaw_error=107.60，修正量=-1.50
[rtk_nav-4] [INFO] [1770539661.595097682] [rtk_nav]: 直线：yaw_error=105.59，修正量=-1.50
[rtk_nav-4] [INFO] [1770539662.094800103] [rtk_nav]: 直线：yaw_error=119.50，修正量=-1.50
[rtk_nav-4] [INFO] [1770539662.795674311] [rtk_nav]: 直线：yaw_error=108.98，修正量=-1.50
[rtk_nav-4] [INFO] [1770539663.094711108] [rtk_nav]: 直线：yaw_error=106.96，修正量=-1.50
[rtk_nav-4] [INFO] [1770539663.294677549] [rtk_nav]: 直线：yaw_error=105.30，修正量=-1.50
[rtk_nav-4] [INFO] [1770539663.594674353] [rtk_nav]: 直线：yaw_error=103.28，修正量=-1.50
[rtk_nav-4] [INFO] [1770539663.794603512] [rtk_nav]: 直线：yaw_error=101.25，修正量=-1.50
[rtk_nav-4] [INFO] [1770539664.094697836] [rtk_nav]: 直线：yaw_error=99.26，修正量=-1.50
[rtk_nav-4] [INFO] [1770539664.294623493] [rtk_nav]: 直线：yaw_error=97.20，修正量=-1.50
[rtk_nav-4] [INFO] [1770539664.594588979] [rtk_nav]: 直线：yaw_error=95.15，修正量=-1.50
[rtk_nav-4] [INFO] [1770539664.795696150] [rtk_nav]: 直线：yaw_error=94.75，修正量=-1.50
[rtk_nav-4] [INFO] [1770539665.094828119] [rtk_nav]: 直线：yaw_error=108.39，修正量=-1.50
[rtk_nav-4] [INFO] [1770539665.795698560] [rtk_nav]: 直线：yaw_error=98.25，修正量=-1.50
[rtk_nav-4] [INFO] [1770539666.094674331] [rtk_nav]: 直线：yaw_error=96.22，修正量=-1.50
[rtk_nav-4] [INFO] [1770539666.294640479] [rtk_nav]: 直线：yaw_error=94.20，修正量=-1.50
[rtk_nav-4] [INFO] [1770539666.596231926] [rtk_nav]: 直线：yaw_error=92.60，修正量=-1.50
[rtk_nav-4] [INFO] [1770539666.794637837] [rtk_nav]: 直线：yaw_error=90.58，修正量=-1.50
[rtk_nav-4] [INFO] [1770539667.094784711] [rtk_nav]: 直线：yaw_error=88.51，修正量=-1.50
[rtk_nav-4] [INFO] [1770539667.294777245] [rtk_nav]: 直线：yaw_error=86.42，修正量=-1.50
[rtk_nav-4] [INFO] [1770539667.595985326] [rtk_nav]: 直线：yaw_error=84.36，修正量=-1.50
[rtk_nav-4] [INFO] [1770539667.795748054] [rtk_nav]: 直线：yaw_error=82.29，修正量=-1.50
[rtk_nav-4] [INFO] [1770539668.095372891] [rtk_nav]: 直线：yaw_error=105.45，修正量=-1.50
[rtk_nav-4] [INFO] [1770539668.195003181] [rtk_nav]: [ROSNode] 目标航点7：距离0.53m, IMU航向-168.50°, 目标路径航向-63.05°, 偏差角105.45°
[rtk_nav-4] [INFO] [1770539669.095851220] [rtk_nav]: 直线：yaw_error=94.88，修正量=-1.50
[rtk_nav-4] [INFO] [1770539669.296109762] [rtk_nav]: 直线：yaw_error=92.90，修正量=-1.50
[rtk_nav-4] [INFO] [1770539669.595512186] [rtk_nav]: 直线：yaw_error=91.35，修正量=-1.50
[rtk_nav-4] [INFO] [1770539669.795709341] [rtk_nav]: 直线：yaw_error=89.39，修正量=-1.50
[rtk_nav-4] [INFO] [1770539670.096015007] [rtk_nav]: 直线：yaw_error=87.41，修正量=-1.50
[rtk_nav-4] [INFO] [1770539670.295917160] [rtk_nav]: 直线：yaw_error=85.38，修正量=-1.50
[rtk_nav-4] [INFO] [1770539670.596068804] [rtk_nav]: 直线：yaw_error=83.24，修正量=-1.50
[rtk_nav-4] [INFO] [1770539670.796455298] [rtk_nav]: 直线：yaw_error=81.98，修正量=-1.50
[rtk_nav-4] [INFO] [1770539671.095823466] [rtk_nav]: 直线：yaw_error=105.77，修正量=-1.50
[rtk_nav-4] [INFO] [1770539671.195224674] [rtk_nav]: [ROSNode] 目标航点7：距离0.41m, IMU航向-145.03°, 目标路径航向-39.26°, 偏差角105.77°
[rtk_nav-4] [INFO] [1770539671.796217476] [rtk_nav]: 直线：yaw_error=96.16，修正量=-1.50
[rtk_nav-4] [INFO] [1770539672.095669061] [rtk_nav]: 直线：yaw_error=94.08，修正量=-1.50
[rtk_nav-4] [INFO] [1770539672.296093922] [rtk_nav]: 直线：yaw_error=92.44，修正量=-1.50
[rtk_nav-4] [INFO] [1770539672.595738441] [rtk_nav]: 直线：yaw_error=90.35，修正量=-1.50
[rtk_nav-4] [INFO] [1770539672.795894424] [rtk_nav]: 直线：yaw_error=88.24，修正量=-1.50
[rtk_nav-4] [INFO] [1770539673.095741424] [rtk_nav]: 直线：yaw_error=86.17，修正量=-1.50
[rtk_nav-4] [INFO] [1770539673.295537265] [rtk_nav]: 直线：yaw_error=84.04，修正量=-1.50
[rtk_nav-4] [INFO] [1770539673.595910031] [rtk_nav]: 直线：yaw_error=82.36，修正量=-1.50
[rtk_nav-4] [INFO] [1770539673.796445639] [rtk_nav]: 直线：yaw_error=110.51，修正量=-1.50
[rtk_nav-4] [INFO] [1770539674.794559313] [rtk_nav]: 直线：yaw_error=98.92，修正量=-1.50
[rtk_nav-4] [INFO] [1770539675.094702050] [rtk_nav]: 直线：yaw_error=96.79，修正量=-1.50
[rtk_nav-4] [INFO] [1770539675.294715628] [rtk_nav]: 直线：yaw_error=95.11，修正量=-1.50
[rtk_nav-4] [INFO] [1770539675.596167982] [rtk_nav]: 直线：yaw_error=92.97，修正量=-1.50
[rtk_nav-4] [INFO] [1770539675.796224232] [rtk_nav]: 直线：yaw_error=90.88，修正量=-1.50
[rtk_nav-4] [INFO] [1770539676.095987400] [rtk_nav]: 直线：yaw_error=88.74，修正量=-1.50
[rtk_nav-4] [INFO] [1770539676.296499684] [rtk_nav]: 直线：yaw_error=86.60，修正量=-1.50
[rtk_nav-4] [INFO] [1770539676.595724623] [rtk_nav]: 直线：yaw_error=84.47，修正量=-1.50
[rtk_nav-4] [INFO] [1770539676.794622585] [rtk_nav]: 直线：yaw_error=82.28，修正量=-1.50
[rtk_nav-4] [INFO] [1770539677.094751601] [rtk_nav]: 直线：yaw_error=114.69，修正量=-1.50
[rtk_nav-4] [INFO] [1770539677.194242741] [rtk_nav]: [ROSNode] 目标航点7：距离0.29m, IMU航向-93.39°, 目标路径航向21.30°, 偏差角114.69°
[rtk_nav-4] [INFO] [1770539677.794713205] [rtk_nav]: 直线：yaw_error=105.78，修正量=-1.50
[rtk_nav-4] [INFO] [1770539678.094764561] [rtk_nav]: 直线：yaw_error=103.66，修正量=-1.50
[rtk_nav-4] [INFO] [1770539678.294607330] [rtk_nav]: 直线：yaw_error=101.51，修正量=-1.50
[rtk_nav-4] [INFO] [1770539678.594804567] [rtk_nav]: 直线：yaw_error=99.79，修正量=-1.50
[rtk_nav-4] [INFO] [1770539678.796365230] [rtk_nav]: 直线：yaw_error=97.63，修正量=-1.50
[rtk_nav-4] [INFO] [1770539679.095578829] [rtk_nav]: 直线：yaw_error=95.50，修正量=-1.50
[rtk_nav-4] [INFO] [1770539679.294761854] [rtk_nav]: 直线：yaw_error=93.36，修正量=-1.50
[rtk_nav-4] [INFO] [1770539679.594794538] [rtk_nav]: 直线：yaw_error=91.26，修正量=-1.50
[rtk_nav-4] [INFO] [1770539679.794700699] [rtk_nav]: 直线：yaw_error=89.17，修正量=-1.50
[rtk_nav-4] [INFO] [1770539680.094610351] [rtk_nav]: 直线：yaw_error=88.77，修正量=-1.50
[rtk_nav-4] [INFO] [1770539680.295690289] [rtk_nav]: 直线：yaw_error=149.56，修正量=-1.50
[rtk_nav-4] [INFO] [1770539681.095721807] [rtk_nav]: 直线：yaw_error=138.90，修正量=-1.50
[rtk_nav-4] [INFO] [1770539681.295970633] [rtk_nav]: 直线：yaw_error=136.82，修正量=-1.50
[rtk_nav-4] [INFO] [1770539681.595743526] [rtk_nav]: 直线：yaw_error=135.14，修正量=-1.50
[rtk_nav-4] [INFO] [1770539681.795881293] [rtk_nav]: 直线：yaw_error=133.05，修正量=-1.50
[rtk_nav-4] [INFO] [1770539682.095877845] [rtk_nav]: 直线：yaw_error=130.94，修正量=-1.50
[rtk_nav-4] [INFO] [1770539682.296062083] [rtk_nav]: 直线：yaw_error=128.86，修正量=-1.50
[rtk_nav-4] [INFO] [1770539682.594643490] [rtk_nav]: 直线：yaw_error=126.77，修正量=-1.50
[rtk_nav-4] [INFO] [1770539682.794883190] [rtk_nav]: 直线：yaw_error=124.66，修正量=-1.50
[rtk_nav-4] [INFO] [1770539683.095543740] [rtk_nav]: 直线：yaw_error=175.70，修正量=-1.50
[rtk_nav-4] [INFO] [1770539684.094599532] [rtk_nav]: 直线：yaw_error=165.16，修正量=-1.50
[rtk_nav-4] [INFO] [1770539684.296580420] [rtk_nav]: 直线：yaw_error=163.06，修正量=-1.50
[rtk_nav-4] [INFO] [1770539684.594748486] [rtk_nav]: 直线：yaw_error=161.39，修正量=-1.50
[rtk_nav-4] [INFO] [1770539684.794626307] [rtk_nav]: 直线：yaw_error=159.31，修正量=-1.50
[rtk_nav-4] [INFO] [1770539685.094715503] [rtk_nav]: 直线：yaw_error=157.26，修正量=-1.50
[rtk_nav-4] [INFO] [1770539685.294614348] [rtk_nav]: 直线：yaw_error=155.18，修正量=-1.50
[rtk_nav-4] [INFO] [1770539685.594931636] [rtk_nav]: 直线：yaw_error=153.08，修正量=-1.50
[rtk_nav-4] [INFO] [1770539685.795678316] [rtk_nav]: 直线：yaw_error=152.25，修正量=-1.50
[rtk_nav-4] [INFO] [1770539686.096087708] [rtk_nav]: 直线：yaw_error=173.80，修正量=-1.50
[rtk_nav-4] [INFO] [1770539686.794871888] [rtk_nav]: 直线：yaw_error=163.80，修正量=-1.50
[rtk_nav-4] [INFO] [1770539687.094766842] [rtk_nav]: 直线：yaw_error=161.69，修正量=-1.50
[rtk_nav-4] [INFO] [1770539687.295895453] [rtk_nav]: 直线：yaw_error=159.99，修正量=-1.50
[rtk_nav-4] [INFO] [1770539687.595530491] [rtk_nav]: 直线：yaw_error=157.89，修正量=-1.50
[rtk_nav-4] [INFO] [1770539687.796389556] [rtk_nav]: 直线：yaw_error=155.76，修正量=-1.50
[rtk_nav-4] [INFO] [1770539688.095252283] [rtk_nav]: 直线：yaw_error=153.59，修正量=-1.50
[rtk_nav-4] [INFO] [1770539688.295878519] [rtk_nav]: 直线：yaw_error=151.47，修正量=-1.50
[rtk_nav-4] [INFO] [1770539688.595590759] [rtk_nav]: 直线：yaw_error=149.36，修正量=-1.50
[rtk_nav-4] [INFO] [1770539688.795943857] [rtk_nav]: 直线：yaw_error=148.13，修正量=-1.50
[rtk_nav-4] [INFO] [1770539689.095840351] [rtk_nav]: 直线：yaw_error=175.09，修正量=-1.50
[rtk_nav-4] [INFO] [1770539689.195750531] [rtk_nav]: [ROSNode] 目标航点7：距离0.39m, IMU航向6.97°, 目标路径航向-177.94°, 偏差角175.09°
[rtk_nav-4] [INFO] [1770539689.795546583] [rtk_nav]: 直线：yaw_error=166.59，修正量=-1.50
[rtk_nav-4] [INFO] [1770539690.096009520] [rtk_nav]: 直线：yaw_error=164.56，修正量=-1.50
[rtk_nav-4] [INFO] [1770539690.295848943] [rtk_nav]: 直线：yaw_error=162.95，修正量=-1.50
[rtk_nav-4] [INFO] [1770539690.594664754] [rtk_nav]: 直线：yaw_error=160.95，修正量=-1.50
[rtk_nav-4] [INFO] [1770539690.794644574] [rtk_nav]: 直线：yaw_error=158.98，修正量=-1.50
[rtk_nav-4] [INFO] [1770539691.094801163] [rtk_nav]: 直线：yaw_error=157.04，修正量=-1.50
[rtk_nav-4] [INFO] [1770539691.294680814] [rtk_nav]: 直线：yaw_error=155.06，修正量=-1.50
[rtk_nav-4] [INFO] [1770539691.595832343] [rtk_nav]: 直线：yaw_error=153.07，修正量=-1.50
[rtk_nav-4] [INFO] [1770539691.794583467] [rtk_nav]: 直线：yaw_error=151.84，修正量=-1.50
[rtk_nav-4] [INFO] [1770539692.094681201] [rtk_nav]: 直线：yaw_error=178.19，修正量=-1.50
[rtk_nav-4] [INFO] [1770539692.794590263] [rtk_nav]: 直线：yaw_error=168.22，修正量=-1.50
[rtk_nav-4] [INFO] [1770539693.094842406] [rtk_nav]: 直线：yaw_error=166.13，修正量=-1.50
[rtk_nav-4] [INFO] [1770539693.296007159] [rtk_nav]: 直线：yaw_error=164.46，修正量=-1.50
[rtk_nav-4] [INFO] [1770539693.594870249] [rtk_nav]: 直线：yaw_error=162.41，修正量=-1.50
[rtk_nav-4] [INFO] [1770539693.795812516] [rtk_nav]: 直线：yaw_error=160.35，修正量=-1.50
[rtk_nav-4] [INFO] [1770539694.094622093] [rtk_nav]: 直线：yaw_error=158.31，修正量=-1.50
[rtk_nav-4] [INFO] [1770539694.294606603] [rtk_nav]: 直线：yaw_error=156.29，修正量=-1.50
[rtk_nav-4] [INFO] [1770539694.594671839] [rtk_nav]: 直线：yaw_error=154.25，修正量=-1.50
[rtk_nav-4] [INFO] [1770539694.794684009] [rtk_nav]: 直线：yaw_error=-177.26，修正量=1.50
[rtk_nav-4] [INFO] [1770539694.894362363] [rtk_nav]: [ROSNode] 目标航点7：距离0.53m, IMU航向54.16°, 目标路径航向-123.10°, 偏差角-177.26°
[rtk_nav-4] [INFO] [1770539695.094594393] [rtk_nav]: 直线：yaw_error=-176.85，修正量=1.50
[rtk_nav-4] [INFO] [1770539695.794640758] [rtk_nav]: 直线：yaw_error=-176.51，修正量=1.50
[rtk_nav-4] [INFO] [1770539696.095618437] [rtk_nav]: 直线：yaw_error=-174.66，修正量=1.50
[rtk_nav-4] [INFO] [1770539696.295728441] [rtk_nav]: 直线：yaw_error=-173.11，修正量=1.50
[rtk_nav-4] [INFO] [1770539696.595556002] [rtk_nav]: 直线：yaw_error=-171.18，修正量=1.50
[rtk_nav-4] [INFO] [1770539696.795865876] [rtk_nav]: 直线：yaw_error=-169.26，修正量=1.50
[rtk_nav-4] [INFO] [1770539697.095761715] [rtk_nav]: 直线：yaw_error=-167.38，修正量=1.50
[rtk_nav-4] [INFO] [1770539697.295595487] [rtk_nav]: 直线：yaw_error=-165.48，修正量=1.50
[rtk_nav-4] [INFO] [1770539697.595597815] [rtk_nav]: 直线：yaw_error=-163.95，修正量=1.50
[rtk_nav-4] [INFO] [1770539698.094678811] [rtk_nav]: 直线：yaw_error=-176.56，修正量=1.50
[rtk_nav-4] [INFO] [1770539698.794628740] [rtk_nav]: 直线：yaw_error=-165.98，修正量=1.50
[rtk_nav-4] [INFO] [1770539699.094741529] [rtk_nav]: 直线：yaw_error=-163.91，修正量=1.50
[rtk_nav-4] [INFO] [1770539699.295029438] [rtk_nav]: 直线：yaw_error=-162.30，修正量=1.50
[rtk_nav-4] [INFO] [1770539699.594638806] [rtk_nav]: 直线：yaw_error=-160.33，修正量=1.50
[rtk_nav-4] [INFO] [1770539699.794875631] [rtk_nav]: 直线：yaw_error=-158.33，修正量=1.50
[rtk_nav-4] [INFO] [1770539700.095846535] [rtk_nav]: 直线：yaw_error=-156.42，修正量=1.50
[mqtt_ros2_bridge-1] [0m[INFO] [1770539700.116635565] [mqtt]: 
[mqtt_ros2_bridge-1] [收到消息] 
[mqtt_ros2_bridge-1]   ├─ 主题: robot/ROS2_VM/cmd
[mqtt_ros2_bridge-1]   ├─ QoS: 0
[mqtt_ros2_bridge-1]   └─ 内容: g[0m
[mqtt_ros2_bridge-1] [0m[INFO] [1770539700.121726101] [mqtt]: [MQTT->ROS2] 已发布到 /robot_cmd: g[0m
[motor_control-2] [WARN] [1770539700.143750505] [motor_control_node]: [ROSNode] 消息不是有效JSON字典，尝试按字符串处理: g, 错误: Expecting value: line 1 column 1 (char 0)
[motor_control-2] [ERROR] [1770539700.149251529] [motor_control_node]: [ROSNode] 无效的字符串指令：g (仅支持: ['z', 'x', 'w', 's', 'a', 'd', 'l', 'u', 'r'])
[mqtt_ros2_bridge-1] [0m[INFO] [1770539700.153439709] [mqtt]: [ROS2] 收到robot_state: {"status": "START", "battery": null, "battery_total_voltage": null, "battery_current": null, "imu_yaw": 21.1200008392334, "rtk_status": 5, "current_lon": 120.07134267883333, "current_lat": 30.321722860999998, "sensors_status": 3, "timestamp": "2026-02-08 16:35:00"}[0m
[motor_control-2] [INFO] [1770539700.157524317] [motor_control_node]: [ROSNode] 成功发布状态: {"status": "START", "battery": null, "battery_total_voltage": null, "battery_current": null, "imu_yaw": 21.1200008392334, "rtk_status": 5, "current_lon": 120.07134267883333, "current_lat": 30.321722860999998, "sensors_status": 3, "timestamp": "2026-02-08 16:35:00"}
[mqtt_ros2_bridge-1] [0m[INFO] [1770539700.157911973] [mqtt]: 
[mqtt_ros2_bridge-1] [状态] 消息发布成功 (消息ID: 4, 原因代码: Success)[0m
[rtk_nav-4] [INFO] [1770539700.296169601] [rtk_nav]: 直线：yaw_error=-154.59，修正量=1.50
[rtk_nav-4] [INFO] [1770539700.594773562] [rtk_nav]: 直线：yaw_error=-152.84，修正量=1.50
[rtk_nav-4] [INFO] [1770539700.794868079] [rtk_nav]: 直线：yaw_error=-161.55，修正量=1.50
[rtk_nav-4] [INFO] [1770539701.594620831] [rtk_nav]: 直线：yaw_error=-153.55，修正量=1.50
[rtk_nav-4] [INFO] [1770539701.794599016] [rtk_nav]: 直线：yaw_error=-151.60，修正量=1.50
[rtk_nav-4] [INFO] [1770539702.094597305] [rtk_nav]: 直线：yaw_error=-149.96，修正量=1.50
[rtk_nav-4] [INFO] [1770539702.294650812] [rtk_nav]: 直线：yaw_error=-147.96，修正量=1.50
[rtk_nav-4] [INFO] [1770539702.594642697] [rtk_nav]: 直线：yaw_error=-145.93，修正量=1.50
[rtk_nav-4] [INFO] [1770539702.797204536] [rtk_nav]: 直线：yaw_error=-143.94，修正量=1.50
[rtk_nav-4] [INFO] [1770539703.095640240] [rtk_nav]: 直线：yaw_error=-141.88，修正量=1.50
[rtk_nav-4] [INFO] [1770539703.296549890] [rtk_nav]: 直线：yaw_error=-139.83，修正量=1.50
[rtk_nav-4] [INFO] [1770539703.596661800] [rtk_nav]: 直线：yaw_error=-138.25，修正量=1.50
[rtk_nav-4] [INFO] [1770539703.795633768] [rtk_nav]: 直线：yaw_error=-157.46，修正量=1.50
[rtk_nav-4] [INFO] [1770539705.093703219] [rtk_nav]: 直线：yaw_error=-144.37，修正量=1.50
[rtk_nav-4] [INFO] [1770539705.294305498] [rtk_nav]: 直线：yaw_error=-142.31，修正量=1.50
[rtk_nav-4] [INFO] [1770539705.594501029] [rtk_nav]: 直线：yaw_error=-140.61，修正量=1.50
[rtk_nav-4] [INFO] [1770539705.794278206] [rtk_nav]: 直线：yaw_error=-138.56，修正量=1.50
[rtk_nav-4] [INFO] [1770539706.095563404] [rtk_nav]: 直线：yaw_error=-136.53，修正量=1.50
[rtk_nav-4] [INFO] [1770539706.294601857] [rtk_nav]: 直线：yaw_error=-134.40，修正量=1.50
[rtk_nav-4] [INFO] [1770539706.594601021] [rtk_nav]: 直线：yaw_error=-132.34，修正量=1.50
[rtk_nav-4] [INFO] [1770539706.794692464] [rtk_nav]: 直线：yaw_error=-130.31，修正量=1.50
[rtk_nav-4] [INFO] [1770539707.094575231] [rtk_nav]: 直线：yaw_error=-128.25，修正量=1.50
[rtk_nav-4] [INFO] [1770539707.294681308] [rtk_nav]: 直线：yaw_error=-127.45，修正量=1.50
[rtk_nav-4] [INFO] [1770539707.594568492] [rtk_nav]: 直线：yaw_error=-149.77，修正量=1.50
[rtk_nav-4] [INFO] [1770539707.694203796] [rtk_nav]: [ROSNode] 目标航点7：距离0.39m, IMU航向-35.77°, 目标路径航向174.46°, 偏差角-149.77°
[rtk_nav-4] [INFO] [1770539708.294692704] [rtk_nav]: 直线：yaw_error=-140.27，修正量=1.50
[rtk_nav-4] [INFO] [1770539708.594631484] [rtk_nav]: 直线：yaw_error=-138.29，修正量=1.50
[rtk_nav-4] [INFO] [1770539708.794581997] [rtk_nav]: 直线：yaw_error=-136.76，修正量=1.50
[rtk_nav-4] [INFO] [1770539709.094079019] [rtk_nav]: 直线：yaw_error=-134.85，修正量=1.50
[rtk_nav-4] [INFO] [1770539709.296129917] [rtk_nav]: 直线：yaw_error=-132.92，修正量=1.50
[rtk_nav-4] [INFO] [1770539709.595857549] [rtk_nav]: 直线：yaw_error=-130.99，修正量=1.50
[rtk_nav-4] [INFO] [1770539709.795813955] [rtk_nav]: 直线：yaw_error=-129.03，修正量=1.50
[rtk_nav-4] [INFO] [1770539710.095645919] [rtk_nav]: 直线：yaw_error=-127.86，修正量=1.50
[rtk_nav-4] [INFO] [1770539710.294588630] [rtk_nav]: 直线：yaw_error=-142.79，修正量=1.50
[rtk_nav-4] [INFO] [1770539710.394834683] [rtk_nav]: [ROSNode] 目标航点7：距离0.26m, IMU航向-57.68°, 目标路径航向159.53°, 偏差角-142.79°
[rtk_nav-4] [INFO] [1770539711.094144895] [rtk_nav]: 直线：yaw_error=-133.48，修正量=1.50
[rtk_nav-4] [INFO] [1770539711.294999189] [rtk_nav]: 直线：yaw_error=-131.44，修正量=1.50
[rtk_nav-4] [INFO] [1770539711.594597181] [rtk_nav]: 直线：yaw_error=-129.44，修正量=1.50
[rtk_nav-4] [INFO] [1770539711.794676579] [rtk_nav]: 直线：yaw_error=-127.83，修正量=1.50
[rtk_nav-4] [INFO] [1770539712.094616660] [rtk_nav]: 直线：yaw_error=-125.79，修正量=1.50
[rtk_nav-4] [INFO] [1770539712.295990594] [rtk_nav]: 直线：yaw_error=-123.79，修正量=1.50
[rtk_nav-4] [INFO] [1770539712.597357662] [rtk_nav]: 直线：yaw_error=-121.82，修正量=1.50
[rtk_nav-4] [INFO] [1770539712.795822185] [rtk_nav]: 直线：yaw_error=-119.88，修正量=1.50
[rtk_nav-4] [INFO] [1770539713.096472529] [rtk_nav]: 直线：yaw_error=-171.60，修正量=1.50
[rtk_nav-4] [INFO] [1770539713.195639633] [rtk_nav]: [ROSNode] 目标航点7：距离0.10m, IMU航向-81.76°, 目标路径航向106.64°, 偏差角-171.60°
[rtk_nav-4] [INFO] [1770539713.296268925] [rtk_nav]: [ROSNode] 已到达航点7距离阈值（0.10m ≤ 0.1m）
[rtk_nav-4] [INFO] [1770539713.397728967] [rtk_nav]: yaw_error=93.78，修正量=-1.50
[rtk_nav-4] [INFO] [1770539714.096254976] [rtk_nav]: yaw_error=90.62，修正量=-1.50
[rtk_nav-4] [INFO] [1770539714.296283206] [rtk_nav]: yaw_error=85.84，修正量=-1.50
[rtk_nav-4] [INFO] [1770539714.594894430] [rtk_nav]: yaw_error=79.79，修正量=-1.50
[rtk_nav-4] [INFO] [1770539714.795007387] [rtk_nav]: yaw_error=73.71，修正量=-1.50
[rtk_nav-4] [INFO] [1770539715.097269004] [rtk_nav]: yaw_error=67.64，修正量=-1.50
[rtk_nav-4] [INFO] [1770539715.296150514] [rtk_nav]: yaw_error=61.43，修正量=-1.50
[rtk_nav-4] [INFO] [1770539715.596942867] [rtk_nav]: yaw_error=55.17，修正量=-0.79
[rtk_nav-4] [INFO] [1770539716.795103603] [rtk_nav]: yaw_error=29.50，修正量=0.69
[rtk_nav-4] [INFO] [1770539717.093844476] [rtk_nav]: yaw_error=25.85，修正量=-0.33
[rtk_nav-4] [INFO] [1770539717.297098911] [rtk_nav]: yaw_error=23.26，修正量=-0.34
[rtk_nav-4] [INFO] [1770539717.597121270] [rtk_nav]: yaw_error=20.57，修正量=-0.28
[rtk_nav-4] [INFO] [1770539717.796293332] [rtk_nav]: yaw_error=17.93，修正量=0.10
[rtk_nav-4] [INFO] [1770539718.095150699] [rtk_nav]: yaw_error=15.40，修正量=0.10
[rtk_nav-4] [INFO] [1770539718.296393251] [rtk_nav]: yaw_error=13.73，修正量=0.06
[rtk_nav-4] [INFO] [1770539718.596432183] [rtk_nav]: yaw_error=12.26，修正量=0.05
[rtk_nav-4] [INFO] [1770539720.094869856] [rtk_nav]: yaw_error=2.57，修正量=0.48
[rtk_nav-4] [INFO] [1770539720.294743023] [rtk_nav]: 航向校准完成！误差：0.98°
[rtk_nav-4] [INFO] [1770539720.296166358] [rtk_nav]: [ROSNode] 航点7航向校准完成, 结果：True
[rtk_nav-4] [INFO] [1770539720.297908631] [rtk_nav]: [RTKNav] 已到达当前路径文件的最后一个航点, 准备切换路径文件
[rtk_nav-4] [INFO] [1770539720.302327698] [rtk_nav]: [RTKNav] 路径文件进度：3/3, 100.0%
[rtk_nav-4] [INFO] [1770539720.305562523] [rtk_nav]: [RTKNav] 已执行到最后一个路径文件（three_path_20260203_161413.txt）, 执行返回
[rtk_nav-4] [INFO] [1770539720.307838121] [rtk_nav]: [RTKNav] 没有更多路径文件, 导航结束
[rtk_nav-4] [WARN] [1770539720.310585857] [rtk_nav]: [ROSNode] 未获取到航点8
[rtk_nav-4] [INFO] [1770539720.382579010] [rtk_nav]: 切换到RTK模式，导航状态：WAYPOINT_CALIB
[rtk_nav-4] [INFO] [1770539720.393728514] [rtk_nav]: [ROSNode] 启动/恢复RTK多点导航
[rtk_nav-4] [INFO] [1770539720.394964187] [rtk_nav]: 从状态WAYPOINT_CALIB恢复导航
[rtk_nav-4] [INFO] [1770539720.396417954] [rtk_nav]: [ROSNode] RTK多点导航全部完成
[sensors_485-3] [WARN] [1770539751.715796133] [Sensors_485_node]: IO: CRC check failed
[INFO] [launch]: All log files can be found below /home/ztl/.ros/log/2026-02-08-16-36-08-384337-RK3576-69268
[INFO] [launch]: Default logging verbosity is set to INFO
[INFO] [mqtt_ros2_bridge-1]: process started with pid [69269]
[INFO] [motor_control-2]: process started with pid [69271]
[INFO] [sensors_485-3]: process started with pid [69273]
[INFO] [rtk_nav-4]: process started with pid [69275]
[INFO] [wtrtk_serial_driver-5]: process started with pid [69277]
[sensors_485-3] [INFO] [1770539769.484411696] [Sensors_485_node]: Successfully connected to /dev/ttyS4
[mqtt_ros2_bridge-1] /opt/ros/humble/local/lib/python3.10/dist-packages/rclpy/node.py:440: UserWarning: when declaring parameter named 'ca_cert', declaring a parameter only providing its name is deprecated. You have to either:
[mqtt_ros2_bridge-1] 	- Pass a name and a default value different to "PARAMETER NOT SET" (and optionally a descriptor).
[mqtt_ros2_bridge-1] 	- Pass a name and a parameter type.
[mqtt_ros2_bridge-1] 	- Pass a name and a descriptor with `dynamic_typing=True
[mqtt_ros2_bridge-1]   warnings.warn(
[mqtt_ros2_bridge-1] [0m[INFO] [1770539769.643541073] [mqtt]: 
[mqtt_ros2_bridge-1] ⏳ 网络已连通，尝试连接MQTT服务器: 121.40.57.48:1883[0m
[mqtt_ros2_bridge-1] [0m[INFO] [1770539769.685996379] [mqtt]: ✅ MQTT连接成功![0m
[mqtt_ros2_bridge-1] [0m[INFO] [1770539769.687758227] [mqtt]:   ├─ 客户端ID: python-mqtt-client-ROS2_VM[0m
[mqtt_ros2_bridge-1] [0m[INFO] [1770539769.689611257] [mqtt]:   ├─ 控制主题: robot/ROS2_VM/cmd (ROS2指令)[0m
[mqtt_ros2_bridge-1] [0m[INFO] [1770539769.691496213] [mqtt]:   ├─ 命令主题: robot/ROS2_VM/command (终端命令)[0m
[mqtt_ros2_bridge-1] [0m[INFO] [1770539769.693426997] [mqtt]:   ├─ 结果主题: robot/ROS2_VM/result (执行结果)[0m
[mqtt_ros2_bridge-1] [0m[INFO] [1770539769.695227296] [mqtt]:   └─ 状态主题: robot/ROS2_VM/status (ROS2状态)[0m
[mqtt_ros2_bridge-1] [0m[INFO] [1770539769.696960896] [mqtt]: ==================================================[0m
[mqtt_ros2_bridge-1] [0m[INFO] [1770539769.698803159] [mqtt]: 🚀 MQTT-ROS2桥接节点运行中 (CTRL+C 退出)...[0m
[mqtt_ros2_bridge-1] [0m[INFO] [1770539769.700688604] [mqtt]: 📨 发送终端命令到MQTT主题: robot/ROS2_VM/command[0m
[mqtt_ros2_bridge-1] [0m[INFO] [1770539769.702423296] [mqtt]: 📩 接收命令结果从MQTT主题: robot/ROS2_VM/result[0m
[mqtt_ros2_bridge-1] [0m[INFO] [1770539769.721897285] [mqtt]: 
[mqtt_ros2_bridge-1] [状态] 服务器连接结果: Success[0m
[mqtt_ros2_bridge-1] [0m[INFO] [1770539769.725178298] [mqtt]:   ├─ 订阅控制主题: robot/ROS2_VM/cmd[0m
[mqtt_ros2_bridge-1] [0m[INFO] [1770539769.727960055] [mqtt]:   ├─ 订阅命令主题: robot/ROS2_VM/command[0m
[mqtt_ros2_bridge-1] [0m[INFO] [1770539769.770810783] [mqtt]: 
[mqtt_ros2_bridge-1] [状态] 订阅成功 (消息ID: 1, QoS: 0)[0m
[mqtt_ros2_bridge-1] [0m[INFO] [1770539769.793660561] [mqtt]: 
[mqtt_ros2_bridge-1] [状态] 订阅成功 (消息ID: 2, QoS: 0)[0m
[rtk_nav-4] [INFO] [1770539769.979927301] [rtk_nav]: 成功加载RTK航点8个
[rtk_nav-4] [INFO] [1770539769.981271551] [rtk_nav]: [首次加载] 不执行跨文件缓存，cross_file_last_waypoint 置空
[rtk_nav-4] [INFO] [1770539769.982797806] [rtk_nav]: [当前文件航点验证] 第一个航点已加载：(120.0713078, 30.32172521, 192.02)（总航点数：8）
[rtk_nav-4] [INFO] [1770539769.984407709] [rtk_nav]: [当前文件缓存] 首次加载初始化：当前第一个航点[(120.0713078, 30.32172521, 192.02)] 作为初始参考航点
[rtk_nav-4] [INFO] [1770539769.985814451] [rtk_nav]: [RTKNav] 成功加载路径文件: /home/ztl/robot_cleaning/src/rtk_nav/rtk_nav/cleaning_path/three_path_20260203_161413.txt, 共 8 个航点（第一个航点已就绪）
[wtrtk_serial_driver-5] [INFO] [1770539770.021192600] [wtrtk_serial_driver]: Connected to /dev/WTRTK at 460800 baud
[wtrtk_serial_driver-5] [INFO] [1770539770.035143808] [wtrtk_serial_driver]: GNGGA + WTRTK serial driver started successfully
[motor_control-2] [INFO] [1770539770.961508257] [can_motor_driver]: CAN bus can0 initialized successfully
[motor_control-2] [INFO] [1770539770.980227211] [can_motor_driver]: Motor Control Node has been started
[motor_control-2] [INFO] [1770539770.983051569] [motor_control_node]: [ROSNode] 开始初始化CAN串口...
[motor_control-2] [INFO] [1770539771.001847061] [remote_control_node]: ✅ 遥控器串口 /dev/remote_control 初始化成功，波特率：115200
[motor_control-2] [INFO] [1770539771.013550164] [can_motor_driver]: Starting CAN frame receiving thread...
[motor_control-2] [INFO] [1770539771.059648708] [remote_control_node]: ✅ 遥控器数据解析线程已启动
[motor_control-2] [INFO] [1770539771.234747587] [remote_control_node]: ✅ 遥控器解析节点启动成功 | 串口:/dev/remote_control | 波特率:115200
[motor_control-2] [INFO] [1770539771.375644920] [motor_control_node]: [ROSNode] 状态切换：STOP → START
[motor_control-2] [INFO] [1770539771.474156618] [can_motor_driver]: Initializing motors...
[rtk_nav-4] [INFO] [1770539771.788459938] [rtk_nav]: GPS状态：RTK Float
[motor_control-2] [INFO] [1770539774.684593357] [can_motor_driver]: Initializing left wheel motor (ID=1)...
[motor_control-2] [INFO] [1770539774.893958121] [can_motor_driver]: Initializing right wheel motor (ID=2)...
[motor_control-2] [INFO] [1770539775.004541888] [can_motor_driver]: Initializing front brush motor (ID=3)...
[rtk_nav-4] [INFO] [1770539776.113119469] [rtk_nav]: 切换到RTK模式，导航状态：INITIAL_MOVE
[rtk_nav-4] [INFO] [1770539776.210115145] [rtk_nav]: [ROSNode] 启动/恢复RTK多点导航
[rtk_nav-4] [INFO] [1770539776.211666894] [rtk_nav]: 从状态INITIAL_MOVE恢复导航
[rtk_nav-4] [INFO] [1770539776.213244043] [rtk_nav]: [ROSNode] 进入初始移动阶段：初始点→第一个航点
[rtk_nav-4] [INFO] [1770539776.216097669] [rtk_nav]: 开始准备移动到第一个航点：(120.0713078, 30.32172521)
[rtk_nav-4] [INFO] [1770539776.217897515] [rtk_nav]: GPS初始位置获取成功：(120.071338, 30.321728)
[rtk_nav-4] [INFO] [1770539776.220037288] [rtk_nav]: IMU初始化完成，当前航向：10.81°
[rtk_nav-4] [INFO] [1770539776.222106163] [rtk_nav]: 初始点→第一个航点 初始朝向角：-96.38°
[rtk_nav-4] [INFO] [1770539776.223727085] [rtk_nav]: 开始初始航向对准：目标航向-96.38°
[rtk_nav-4] [INFO] [1770539776.226286644] [rtk_nav]: yaw_error=-107.19，修正量=2.50
[rtk_nav-4] [INFO] [1770539776.611002023] [rtk_nav]: yaw_error=-106.12，修正量=2.50
[rtk_nav-4] [INFO] [1770539776.810943336] [rtk_nav]: yaw_error=-98.77，修正量=2.50
[rtk_nav-4] [INFO] [1770539777.111292018] [rtk_nav]: yaw_error=-92.19，修正量=2.50
[rtk_nav-4] [INFO] [1770539777.311091498] [rtk_nav]: yaw_error=-84.05，修正量=2.50
[rtk_nav-4] [INFO] [1770539777.610936116] [rtk_nav]: yaw_error=-76.26，修正量=2.50
[rtk_nav-4] [INFO] [1770539777.810830715] [rtk_nav]: yaw_error=-71.66，修正量=2.50
[rtk_nav-4] [INFO] [1770539778.809997880] [rtk_nav]: yaw_error=-31.92，修正量=-1.35
[rtk_nav-4] [INFO] [1770539779.110046215] [rtk_nav]: yaw_error=-22.97，修正量=0.01
[rtk_nav-4] [INFO] [1770539779.309940137] [rtk_nav]: yaw_error=-18.12，修正量=-0.21
[rtk_nav-4] [INFO] [1770539779.609874384] [rtk_nav]: yaw_error=-15.09，修正量=-0.12
[rtk_nav-4] [INFO] [1770539779.809893779] [rtk_nav]: yaw_error=-13.27，修正量=-0.06
[rtk_nav-4] [INFO] [1770539780.111885179] [rtk_nav]: yaw_error=-11.92，修正量=-0.04
[rtk_nav-4] [INFO] [1770539780.312036867] [rtk_nav]: yaw_error=-10.25，修正量=-0.06
[rtk_nav-4] [INFO] [1770539780.612356862] [rtk_nav]: yaw_error=-8.69，修正量=-0.06
[rtk_nav-4] [INFO] [1770539780.811542442] [rtk_nav]: yaw_error=-8.39，修正量=0.00
[rtk_nav-4] [INFO] [1770539781.111938195] [rtk_nav]: yaw_error=-6.55，修正量=-0.08
[rtk_nav-4] [INFO] [1770539782.111684953] [rtk_nav]: yaw_error=1.01，修正量=-0.38
[rtk_nav-4] [INFO] [1770539782.310822857] [rtk_nav]: yaw_error=2.67，修正量=-0.09
[rtk_nav-4] [INFO] [1770539782.611945815] [rtk_nav]: yaw_error=2.95，修正量=-0.02
[rtk_nav-4] [INFO] [1770539783.611344092] [rtk_nav]: yaw_error=2.74，修正量=0.00
[rtk_nav-4] [INFO] [1770539783.812783168] [rtk_nav]: yaw_error=2.58，修正量=0.00
[rtk_nav-4] [INFO] [1770539784.111194608] [rtk_nav]: yaw_error=2.37，修正量=0.01
[rtk_nav-4] [INFO] [1770539785.312237407] [rtk_nav]: yaw_error=1.23，修正量=0.05
[rtk_nav-4] [INFO] [1770539785.610265738] [rtk_nav]: 航向校准完成！误差：0.96°
[rtk_nav-4] [INFO] [1770539785.613391569] [rtk_nav]: 初始航向对准完成, 开始实时纠偏直线行驶
[rtk_nav-4] [INFO] [1770539785.616037216] [rtk_nav]: 记录初始旋转完成航向角：-96.38°
[rtk_nav-4] [INFO] [1770539785.618327468] [rtk_nav]: 到第一个航点距离：2.58 m, 实时朝向角：-86.44°
[rtk_nav-4] [INFO] [1770539785.620876747] [rtk_nav]: yaw_error=9.93，修正量=-0.45
[rtk_nav-4] [INFO] [1770539787.609472442] [rtk_nav]: 到第一个航点距离：2.28 m, 实时朝向角：-85.59°
[rtk_nav-4] [INFO] [1770539787.611822812] [rtk_nav]: yaw_error=10.79，修正量=-0.06
[rtk_nav-4] [INFO] [1770539790.609391771] [rtk_nav]: 到第一个航点距离：1.87 m, 实时朝向角：-80.81°
[rtk_nav-4] [INFO] [1770539790.611174070] [rtk_nav]: yaw_error=15.57，修正量=-0.27
[rtk_nav-4] [INFO] [1770539793.810973664] [rtk_nav]: 到第一个航点距离：1.44 m, 实时朝向角：-72.97°
[rtk_nav-4] [INFO] [1770539793.814454432] [rtk_nav]: yaw_error=23.41，修正量=-0.86
[rtk_nav-4] [INFO] [1770539796.611744671] [rtk_nav]: 到第一个航点距离：1.19 m, 实时朝向角：-70.15°
[rtk_nav-4] [INFO] [1770539796.615476539] [rtk_nav]: yaw_error=26.23，修正量=-0.67
[rtk_nav-4] [INFO] [1770539799.811492218] [rtk_nav]: 到第一个航点距离：0.98 m, 实时朝向角：-67.44°
[rtk_nav-4] [INFO] [1770539799.815061358] [rtk_nav]: yaw_error=28.94，修正量=-0.71
[rtk_nav-4] [INFO] [1770539803.111949436] [rtk_nav]: 到第一个航点距离：0.80 m, 实时朝向角：-66.96°
[rtk_nav-4] [INFO] [1770539803.115649009] [rtk_nav]: yaw_error=29.41，修正量=-0.61
[rtk_nav-4] [INFO] [1770539804.813917233] [rtk_nav]: 切换到RTK模式，导航状态：INITIAL_MOVE
[rtk_nav-4] [INFO] [1770539804.911959026] [rtk_nav]: [ROSNode] 启动/恢复RTK多点导航
[rtk_nav-4] [INFO] [1770539804.916241954] [rtk_nav]: 从状态INITIAL_MOVE恢复导航
[rtk_nav-4] [INFO] [1770539804.920939912] [rtk_nav]: [ROSNode] 进入初始移动阶段：初始点→第一个航点
[rtk_nav-4] [INFO] [1770539804.926412381] [rtk_nav]: 开始准备移动到第一个航点：(120.0713078, 30.32172521)
[rtk_nav-4] [INFO] [1770539804.931297648] [rtk_nav]: GPS初始位置获取成功：(120.071315, 30.321722)
[rtk_nav-4] [INFO] [1770539804.935746894] [rtk_nav]: IMU初始化完成，当前航向：-66.18°
[rtk_nav-4] [INFO] [1770539804.940196548] [rtk_nav]: 初始点→第一个航点 初始朝向角：-66.96°
[rtk_nav-4] [INFO] [1770539804.944546503] [rtk_nav]: 开始初始航向对准：目标航向-66.96°
[rtk_nav-4] [INFO] [1770539804.949851292] [rtk_nav]: 航向校准完成！误差：0.78°
[rtk_nav-4] [INFO] [1770539804.953083773] [rtk_nav]: 初始航向对准完成, 开始实时纠偏直线行驶
[rtk_nav-4] [INFO] [1770539804.955934650] [rtk_nav]: 记录初始旋转完成航向角：-66.96°
[rtk_nav-4] [INFO] [1770539804.958494011] [rtk_nav]: 到第一个航点距离：0.80 m, 实时朝向角：-66.96°
[wtrtk_serial_driver-5] [ERROR] [1770539810.617067612] [wtrtk_serial_driver]: Serial read error: device reports readiness to read but returned no data (device disconnected or multiple access on port?)
[wtrtk_serial_driver-5] [WARN] [1770539810.721398337] [wtrtk_serial_driver]: Serial port closed, reconnecting...
[motor_control-2] [ERROR] [1770539811.129379693] [remote_control_node]: ❌ 解析异常: [Errno 5] Input/output error
[wtrtk_serial_driver-5] [WARN] [1770539811.225376541] [wtrtk_serial_driver]: Serial port closed, reconnecting...
[motor_control-2] [ERROR] [1770539811.232226082] [remote_control_node]: ❌ 串口重连失败: [Errno 2] could not open port /dev/remote_control: [Errno 2] No such file or directory: '/dev/remote_control'
[motor_control-2] [WARN] [1770539811.236741964] [remote_control_node]: 🔄 串口断联，启动自动重连...
[motor_control-2] [ERROR] [1770539811.240180866] [remote_control_node]: ❌ 串口重连失败: [Errno 2] could not open port /dev/remote_control: [Errno 2] No such file or directory: '/dev/remote_control'
[wtrtk_serial_driver-5] [WARN] [1770539811.729580088] [wtrtk_serial_driver]: Serial port closed, reconnecting...
[motor_control-2] [WARN] [1770539811.747540564] [remote_control_node]: 🔄 串口断联，启动自动重连...
[motor_control-2] [ERROR] [1770539811.749429248] [remote_control_node]: ❌ 串口重连失败: [Errno 2] could not open port /dev/remote_control: [Errno 2] No such file or directory: '/dev/remote_control'
[wtrtk_serial_driver-5] [WARN] [1770539812.234039763] [wtrtk_serial_driver]: Serial port closed, reconnecting...
[motor_control-2] [WARN] [1770539812.251947340] [remote_control_node]: 🔄 串口断联，启动自动重连...
[motor_control-2] [ERROR] [1770539812.253810099] [remote_control_node]: ❌ 串口重连失败: [Errno 2] could not open port /dev/remote_control: [Errno 2] No such file or directory: '/dev/remote_control'
[wtrtk_serial_driver-5] [WARN] [1770539812.741027036] [wtrtk_serial_driver]: Serial port closed, reconnecting...
[wtrtk_serial_driver-5] [INFO] [1770539812.756204949] [wtrtk_serial_driver]: Connected to /dev/WTRTK at 460800 baud
[motor_control-2] [WARN] [1770539812.756378168] [remote_control_node]: 🔄 串口断联，启动自动重连...
[motor_control-2] [WARN] [1770539812.760789100] [remote_control_node]: ✅ 串口重连成功：/dev/remote_control
[sensors_485-3] [WARN] [1770539829.530317118] [Sensors_485_node]: IO: CRC check failed
[rtk_nav-4] [INFO] [1770539835.289336537] [rtk_nav]: GPS状态：差分
[rtk_nav-4] [INFO] [1770539838.538556119] [rtk_nav]: GPS状态：RTK Float
[rtk_nav-4] [INFO] [1770539839.613259529] [rtk_nav]: 切换到RTK模式，导航状态：INITIAL_MOVE
[rtk_nav-4] [INFO] [1770539839.711837712] [rtk_nav]: [ROSNode] 启动/恢复RTK多点导航
[rtk_nav-4] [INFO] [1770539839.717947056] [rtk_nav]: 从状态INITIAL_MOVE恢复导航
[rtk_nav-4] [INFO] [1770539839.722174705] [rtk_nav]: [ROSNode] 进入初始移动阶段：初始点→第一个航点
[rtk_nav-4] [INFO] [1770539839.727400087] [rtk_nav]: 开始准备移动到第一个航点：(120.0713078, 30.32172521)
[rtk_nav-4] [INFO] [1770539839.732282036] [rtk_nav]: GPS初始位置获取成功：(120.071321, 30.321726)
[rtk_nav-4] [INFO] [1770539839.737465810] [rtk_nav]: IMU初始化完成，当前航向：119.71°
[rtk_nav-4] [INFO] [1770539839.742259762] [rtk_nav]: 初始点→第一个航点 初始朝向角：-92.21°
[rtk_nav-4] [INFO] [1770539839.746219249] [rtk_nav]: 开始初始航向对准：目标航向-92.21°
[rtk_nav-4] [INFO] [1770539839.752157017] [rtk_nav]: yaw_error=148.08，修正量=-2.50
[rtk_nav-4] [INFO] [1770539840.109935605] [rtk_nav]: yaw_error=146.91，修正量=-2.50
[rtk_nav-4] [INFO] [1770539840.311927117] [rtk_nav]: yaw_error=140.77，修正量=-2.50
[rtk_nav-4] [INFO] [1770539840.610224101] [rtk_nav]: yaw_error=132.38，修正量=-2.50
[rtk_nav-4] [INFO] [1770539840.811506724] [rtk_nav]: yaw_error=123.51，修正量=-2.50
[rtk_nav-4] [INFO] [1770539841.110853639] [rtk_nav]: yaw_error=114.28，修正量=-2.50
[rtk_nav-4] [INFO] [1770539841.311884551] [rtk_nav]: yaw_error=107.07，修正量=-2.50
[rtk_nav-4] [INFO] [1770539842.611557346] [rtk_nav]: yaw_error=58.66，修正量=1.25
[rtk_nav-4] [INFO] [1770539842.811473560] [rtk_nav]: yaw_error=49.43，修正量=-0.53
[rtk_nav-4] [INFO] [1770539843.111149832] [rtk_nav]: yaw_error=43.19，修正量=-0.55
[rtk_nav-4] [INFO] [1770539843.309981446] [rtk_nav]: yaw_error=38.60，修正量=-0.54
[rtk_nav-4] [INFO] [1770539843.609874131] [rtk_nav]: yaw_error=35.21，修正量=-0.53
[rtk_nav-4] [INFO] [1770539843.812372274] [rtk_nav]: yaw_error=30.89，修正量=-0.40
[rtk_nav-4] [INFO] [1770539844.111640358] [rtk_nav]: yaw_error=26.57，修正量=-0.32
[rtk_nav-4] [INFO] [1770539844.312226335] [rtk_nav]: yaw_error=22.82，修正量=-0.27
[rtk_nav-4] [INFO] [1770539844.611111430] [rtk_nav]: yaw_error=21.37，修正量=-0.35
[rtk_nav-4] [INFO] [1770539845.309924284] [rtk_nav]: yaw_error=10.89，修正量=0.50
[rtk_nav-4] [INFO] [1770539845.609297387] [rtk_nav]: yaw_error=8.22，修正量=0.12
[rtk_nav-4] [INFO] [1770539845.812668501] [rtk_nav]: yaw_error=6.50，修正量=0.07
[rtk_nav-4] [INFO] [1770539846.112516072] [rtk_nav]: yaw_error=5.01，修正量=0.06
[rtk_nav-4] [INFO] [1770539846.313611111] [rtk_nav]: yaw_error=3.78，修正量=0.05
[rtk_nav-4] [INFO] [1770539846.611333871] [rtk_nav]: yaw_error=2.28，修正量=0.07
[rtk_nav-4] [INFO] [1770539846.809183669] [rtk_nav]: yaw_error=1.73，修正量=0.02
[rtk_nav-4] [INFO] [1770539847.110350135] [rtk_nav]: yaw_error=1.61，修正量=0.00
[rtk_nav-4] [INFO] [1770539847.309832921] [rtk_nav]: yaw_error=1.39，修正量=0.01
[rtk_nav-4] [INFO] [1770539848.309957745] [rtk_nav]: 航向校准完成！误差：0.26°
[rtk_nav-4] [INFO] [1770539848.312556781] [rtk_nav]: 初始航向对准完成, 开始实时纠偏直线行驶
[rtk_nav-4] [INFO] [1770539848.314884870] [rtk_nav]: 记录初始旋转完成航向角：-92.21°
[rtk_nav-4] [INFO] [1770539848.316874795] [rtk_nav]: 到第一个航点距离：0.48 m, 实时朝向角：-66.58°
[rtk_nav-4] [INFO] [1770539848.318759429] [rtk_nav]: yaw_error=25.63，修正量=-1.72
[sensors_485-3] [WARN] [1770539849.525204285] [Sensors_485_node]: IO: CRC check failed
[rtk_nav-4] [INFO] [1770539850.311604430] [rtk_nav]: yaw_error=30.32，修正量=-0.84
[rtk_nav-4] [INFO] [1770539853.311500247] [rtk_nav]: 到第一个航点距离：0.35 m, 实时朝向角：-50.74°
[rtk_nav-4] [INFO] [1770539853.315478190] [rtk_nav]: yaw_error=41.47，修正量=-1.39
[rtk_nav-4] [INFO] [1770539856.611065850] [rtk_nav]: 到第一个航点距离：0.22 m, 实时朝向角：-60.41°
[rtk_nav-4] [INFO] [1770539856.615717829] [rtk_nav]: yaw_error=31.80，修正量=-0.15
[rtk_nav-4] [INFO] [1770539859.609864702] [rtk_nav]: yaw_error=19.82，修正量=0.56
[rtk_nav-4] [INFO] [1770539859.809846844] [rtk_nav]: yaw_error=19.48，修正量=-0.02
[rtk_nav-4] [INFO] [1770539863.111826238] [rtk_nav]: yaw_error=67.93，修正量=-2.50
[rtk_nav-4] [INFO] [1770539866.611322935] [rtk_nav]: yaw_error=43.07，修正量=0.38
[rtk_nav-4] [INFO] [1770539869.809757899] [rtk_nav]: yaw_error=-18.67，修正量=2.50
[rtk_nav-4] [INFO] [1770539873.111341836] [rtk_nav]: yaw_error=-57.01，修正量=2.50
[rtk_nav-4] [INFO] [1770539874.614616946] [rtk_nav]: 切换到RTK模式，导航状态：INITIAL_MOVE
[rtk_nav-4] [INFO] [1770539874.711521776] [rtk_nav]: [ROSNode] 启动/恢复RTK多点导航
[rtk_nav-4] [INFO] [1770539874.715539555] [rtk_nav]: 从状态INITIAL_MOVE恢复导航
[rtk_nav-4] [INFO] [1770539874.719156665] [rtk_nav]: [ROSNode] 进入初始移动阶段：初始点→第一个航点
[rtk_nav-4] [INFO] [1770539874.722363221] [rtk_nav]: 开始准备移动到第一个航点：(120.0713078, 30.32172521)
[rtk_nav-4] [INFO] [1770539874.726155364] [rtk_nav]: GPS初始位置获取成功：(120.071309, 30.321728)
[rtk_nav-4] [INFO] [1770539874.729359352] [rtk_nav]: IMU初始化完成，当前航向：4.02°
[rtk_nav-4] [INFO] [1770539874.733368874] [rtk_nav]: 初始点→第一个航点 初始朝向角：-149.22°
[rtk_nav-4] [INFO] [1770539874.737417328] [rtk_nav]: 开始初始航向对准：目标航向-149.22°
[rtk_nav-4] [INFO] [1770539874.742238655] [rtk_nav]: yaw_error=-153.24，修正量=2.50
[rtk_nav-4] [INFO] [1770539875.111491366] [rtk_nav]: yaw_error=-152.74，修正量=2.50
[rtk_nav-4] [INFO] [1770539875.310920930] [rtk_nav]: yaw_error=-145.66，修正量=2.50
[rtk_nav-4] [INFO] [1770539875.612548814] [rtk_nav]: yaw_error=-137.39，修正量=2.50
[rtk_nav-4] [INFO] [1770539875.811393466] [rtk_nav]: yaw_error=-128.59，修正量=2.50
[rtk_nav-4] [INFO] [1770539876.109885025] [rtk_nav]: yaw_error=-123.34，修正量=2.50
[rtk_nav-4] [INFO] [1770539877.309815746] [rtk_nav]: yaw_error=-95.06，修正量=2.50
[rtk_nav-4] [INFO] [1770539877.609455959] [rtk_nav]: yaw_error=-87.43，修正量=2.50
[rtk_nav-4] [INFO] [1770539877.811596025] [rtk_nav]: yaw_error=-78.69，修正量=2.50
[rtk_nav-4] [INFO] [1770539878.112046093] [rtk_nav]: yaw_error=-69.78，修正量=2.50
[rtk_nav-4] [INFO] [1770539878.309961862] [rtk_nav]: yaw_error=-62.53，修正量=2.50
[rtk_nav-4] [INFO] [1770539878.609927627] [rtk_nav]: yaw_error=-54.78，修正量=0.71
[rtk_nav-4] [INFO] [1770539878.809910008] [rtk_nav]: yaw_error=-47.38，修正量=0.58
[rtk_nav-4] [INFO] [1770539879.110081478] [rtk_nav]: yaw_error=-41.41，修正量=0.53
[rtk_nav-4] [INFO] [1770539879.310038195] [rtk_nav]: yaw_error=-39.68，修正量=0.71
[rtk_nav-4] [INFO] [1770539880.111023814] [rtk_nav]: yaw_error=-24.58，修正量=-0.26
[rtk_nav-4] [INFO] [1770539880.313590886] [rtk_nav]: yaw_error=-20.39，修正量=0.20
[rtk_nav-4] [INFO] [1770539880.612506327] [rtk_nav]: yaw_error=-17.87，修正量=-0.09
[rtk_nav-4] [INFO] [1770539880.810917280] [rtk_nav]: yaw_error=-15.92，修正量=-0.07
[rtk_nav-4] [INFO] [1770539881.111191746] [rtk_nav]: yaw_error=-13.95，修正量=-0.07
[rtk_nav-4] [INFO] [1770539881.314276245] [rtk_nav]: yaw_error=-12.31，修正量=-0.06
[rtk_nav-4] [INFO] [1770539881.611196560] [rtk_nav]: yaw_error=-10.76，修正量=-0.06
[rtk_nav-4] [INFO] [1770539881.811025428] [rtk_nav]: yaw_error=-9.14，修正量=-0.06
[rtk_nav-4] [INFO] [1770539882.110016674] [rtk_nav]: yaw_error=-7.22，修正量=-0.08
[rtk_nav-4] [INFO] [1770539882.311207725] [rtk_nav]: yaw_error=-5.67，修正量=-0.07
[rtk_nav-4] [INFO] [1770539882.610091398] [rtk_nav]: yaw_error=-4.13，修正量=-0.07
[rtk_nav-4] [INFO] [1770539882.809800379] [rtk_nav]: yaw_error=-2.83，修正量=-0.06
[rtk_nav-4] [INFO] [1770539883.110150098] [rtk_nav]: yaw_error=-2.07，修正量=-0.03
[rtk_nav-4] [INFO] [1770539883.309843594] [rtk_nav]: yaw_error=-1.81，修正量=-0.01
[rtk_nav-4] [INFO] [1770539883.609880310] [rtk_nav]: yaw_error=-1.53，修正量=-0.01
[rtk_nav-4] [INFO] [1770539884.812076915] [rtk_nav]: 航向校准完成！误差：0.31°
[rtk_nav-4] [INFO] [1770539884.817062505] [rtk_nav]: 初始航向对准完成, 开始实时纠偏直线行驶
[rtk_nav-4] [INFO] [1770539884.820843753] [rtk_nav]: 记录初始旋转完成航向角：-149.22°
[rtk_nav-4] [INFO] [1770539884.825384856] [rtk_nav]: 到第一个航点距离：0.33 m, 实时朝向角：-40.61°
[rtk_nav-4] [INFO] [1770539884.828781065] [rtk_nav]: yaw_error=108.61，修正量=-2.50
[rtk_nav-4] [INFO] [1770539887.309759873] [rtk_nav]: yaw_error=138.56，修正量=-2.50
[sensors_485-3] [WARN] [1770539889.541332016] [Sensors_485_node]: IO: CRC check failed
[rtk_nav-4] [INFO] [1770539890.109848620] [rtk_nav]: yaw_error=-170.41，修正量=2.50
[rtk_nav-4] [INFO] [1770539893.609559157] [rtk_nav]: 到第一个航点距离：0.54 m, 实时朝向角：7.67°
[rtk_nav-4] [INFO] [1770539893.611096375] [rtk_nav]: yaw_error=156.89，修正量=-2.50
[rtk_nav-4] [INFO] [1770539898.809449755] [rtk_nav]: yaw_error=-158.42，修正量=2.50
[rtk_nav-4] [INFO] [1770539902.109849234] [rtk_nav]: yaw_error=-170.84，修正量=2.50
[rtk_nav-4] [INFO] [1770539920.715567564] [rtk_nav]: 切换到RTK模式，导航状态：INITIAL_MOVE
[rtk_nav-4] [INFO] [1770539920.811951689] [rtk_nav]: [ROSNode] 启动/恢复RTK多点导航
[rtk_nav-4] [INFO] [1770539920.815506152] [rtk_nav]: 从状态INITIAL_MOVE恢复导航
[rtk_nav-4] [INFO] [1770539920.819286974] [rtk_nav]: [ROSNode] 进入初始移动阶段：初始点→第一个航点
[rtk_nav-4] [INFO] [1770539920.823367454] [rtk_nav]: 开始准备移动到第一个航点：(120.0713078, 30.32172521)
[rtk_nav-4] [INFO] [1770539920.827296013] [rtk_nav]: GPS初始位置获取成功：(120.071328, 30.321721)
[rtk_nav-4] [INFO] [1770539920.831201600] [rtk_nav]: IMU初始化完成，当前航向：130.32°
[rtk_nav-4] [INFO] [1770539920.835655093] [rtk_nav]: 初始点→第一个航点 初始朝向角：-75.66°
[rtk_nav-4] [INFO] [1770539920.839480549] [rtk_nav]: 开始初始航向对准：目标航向-75.66°
[rtk_nav-4] [INFO] [1770539920.844184141] [rtk_nav]: yaw_error=154.02，修正量=-2.50
[rtk_nav-4] [INFO] [1770539921.611686528] [rtk_nav]: yaw_error=136.13，修正量=-2.50
[rtk_nav-4] [INFO] [1770539921.812144395] [rtk_nav]: yaw_error=127.38，修正量=-2.50
[rtk_nav-4] [INFO] [1770539922.110747860] [rtk_nav]: yaw_error=118.83，修正量=-2.50
[rtk_nav-4] [INFO] [1770539922.310837169] [rtk_nav]: yaw_error=111.89，修正量=-2.50
[rtk_nav-4] [INFO] [1770539922.611295815] [rtk_nav]: yaw_error=103.44，修正量=-2.50
[rtk_nav-4] [INFO] [1770539922.810916678] [rtk_nav]: yaw_error=94.77，修正量=-2.50
[rtk_nav-4] [INFO] [1770539923.111362359] [rtk_nav]: yaw_error=85.83，修正量=-2.50
[rtk_nav-4] [INFO] [1770539923.310796689] [rtk_nav]: yaw_error=82.41，修正量=-2.50
[rtk_nav-4] [INFO] [1770539924.310064250] [rtk_nav]: yaw_error=41.60，修正量=1.21
[rtk_nav-4] [INFO] [1770539924.611127782] [rtk_nav]: yaw_error=33.14，修正量=-0.24
[rtk_nav-4] [INFO] [1770539924.811014897] [rtk_nav]: yaw_error=29.19，修正量=-0.39
[rtk_nav-4] [INFO] [1770539925.110915551] [rtk_nav]: yaw_error=25.82，修正量=-0.35
[rtk_nav-4] [INFO] [1770539925.310879099] [rtk_nav]: yaw_error=22.80，修正量=-0.30
[rtk_nav-4] [INFO] [1770539925.609146501] [rtk_nav]: yaw_error=19.99，修正量=0.10
[rtk_nav-4] [INFO] [1770539925.809910203] [rtk_nav]: yaw_error=17.22，修正量=0.10
[rtk_nav-4] [INFO] [1770539926.109888688] [rtk_nav]: yaw_error=16.66，修正量=-0.01
[rtk_nav-4] [INFO] [1770539927.110937126] [rtk_nav]: yaw_error=8.25，修正量=0.40
[rtk_nav-4] [INFO] [1770539927.312507413] [rtk_nav]: yaw_error=6.60，修正量=0.07
[rtk_nav-4] [INFO] [1770539927.610733257] [rtk_nav]: yaw_error=5.28，修正量=0.06
[rtk_nav-4] [INFO] [1770539927.810863926] [rtk_nav]: yaw_error=4.12，修正量=0.05
[rtk_nav-4] [INFO] [1770539928.109845420] [rtk_nav]: yaw_error=2.55，修正量=0.07
[rtk_nav-4] [INFO] [1770539928.310288915] [rtk_nav]: yaw_error=2.06，修正量=0.02
[rtk_nav-4] [INFO] [1770539928.609854527] [rtk_nav]: yaw_error=1.82，修正量=0.01
[rtk_nav-4] [INFO] [1770539928.810304022] [rtk_nav]: yaw_error=1.56，修正量=0.01
[rtk_nav-4] [INFO] [1770539930.109317427] [rtk_nav]: 航向校准完成！误差：0.19°
[rtk_nav-4] [INFO] [1770539930.111048212] [rtk_nav]: 初始航向对准完成, 开始实时纠偏直线行驶
[rtk_nav-4] [INFO] [1770539930.112750908] [rtk_nav]: 记录初始旋转完成航向角：-75.66°
[rtk_nav-4] [INFO] [1770539930.114600220] [rtk_nav]: 到第一个航点距离：1.10 m, 实时朝向角：-69.40°
[rtk_nav-4] [INFO] [1770539930.116064670] [rtk_nav]: yaw_error=6.27，修正量=-0.25
[rtk_nav-4] [INFO] [1770539932.310852316] [rtk_nav]: 到第一个航点距离：0.93 m, 实时朝向角：-71.85°
[rtk_nav-4] [INFO] [1770539932.315079522] [rtk_nav]: yaw_error=3.81，修正量=0.12
[rtk_nav-4] [INFO] [1770539935.111208747] [rtk_nav]: 到第一个航点距离：0.72 m, 实时朝向角：-74.08°
[rtk_nav-4] [INFO] [1770539935.117156240] [rtk_nav]: yaw_error=1.58，修正量=0.11
[rtk_nav-4] [INFO] [1770539938.310706664] [rtk_nav]: 到第一个航点距离：0.53 m, 实时朝向角：-81.75°
[rtk_nav-4] [INFO] [1770539938.315683824] [rtk_nav]: yaw_error=-6.08，修正量=0.40
[rtk_nav-4] [INFO] [1770539941.311697093] [rtk_nav]: 到第一个航点距离：0.37 m, 实时朝向角：-84.45°
[rtk_nav-4] [INFO] [1770539941.316913384] [rtk_nav]: yaw_error=-8.79，修正量=0.15
[rtk_nav-4] [INFO] [1770539944.609628154] [rtk_nav]: yaw_error=-11.63，修正量=0.17
[rtk_nav-4] [INFO] [1770539947.610282525] [rtk_nav]: 到第一个航点距离：0.23 m, 实时朝向角：-87.55°
[rtk_nav-4] [INFO] [1770539947.612723331] [rtk_nav]: yaw_error=-11.89，修正量=0.03
[rtk_nav-4] [INFO] [1770539950.609056685] [rtk_nav]: yaw_error=-3.56，修正量=-0.41
[rtk_nav-4] [INFO] [1770539956.810901721] [rtk_nav]: yaw_error=1.00，修正量=-0.05
[rtk_nav-4] [INFO] [1770539959.609874928] [rtk_nav]: 到第一个航点距离：0.11 m, 实时朝向角：-76.65°
[rtk_nav-4] [INFO] [1770539963.110742176] [rtk_nav]: yaw_error=7.92，修正量=-0.41
[rtk_nav-4] [INFO] [1770539966.313350744] [rtk_nav]: yaw_error=23.32，修正量=-1.24
[rtk_nav-4] [INFO] [1770539969.611313145] [rtk_nav]: 距离达标, 连续计数：1/5
[rtk_nav-4] [INFO] [1770539969.617309082] [rtk_nav]: yaw_error=-12.41，修正量=1.81
[rtk_nav-4] [INFO] [1770539969.711138755] [rtk_nav]: 距离达标, 连续计数：2/5
[rtk_nav-4] [INFO] [1770539969.811173294] [rtk_nav]: 距离达标, 连续计数：3/5
[rtk_nav-4] [INFO] [1770539969.910650746] [rtk_nav]: 距离达标, 连续计数：4/5
[rtk_nav-4] [INFO] [1770539970.011151054] [rtk_nav]: 距离达标, 连续计数：5/5
[rtk_nav-4] [INFO] [1770539970.017618889] [rtk_nav]: 已到达第一个航点距离阈值：0.07 m
[rtk_nav-4] [INFO] [1770539970.023359699] [rtk_nav]: 开始最终航向校准：目标-167.98°, 当前-68.18°
[rtk_nav-4] [INFO] [1770539970.028538632] [rtk_nav]: yaw_error=-99.80，修正量=2.50
[rtk_nav-4] [INFO] [1770539970.610830585] [rtk_nav]: yaw_error=-92.85，修正量=2.50
[rtk_nav-4] [INFO] [1770539970.810879451] [rtk_nav]: yaw_error=-83.76，修正量=2.50
[rtk_nav-4] [INFO] [1770539971.110064902] [rtk_nav]: yaw_error=-74.76，修正量=2.50
[rtk_nav-4] [INFO] [1770539971.310547679] [rtk_nav]: yaw_error=-67.42，修正量=2.50
[rtk_nav-4] [INFO] [1770539971.610026825] [rtk_nav]: yaw_error=-58.19，修正量=0.70
[rtk_nav-4] [INFO] [1770539971.810765046] [rtk_nav]: yaw_error=-49.10，修正量=0.53
[rtk_nav-4] [INFO] [1770539972.110216554] [rtk_nav]: yaw_error=-41.92，修正量=0.48
[rtk_nav-4] [INFO] [1770539972.309567938] [rtk_nav]: yaw_error=-36.97，修正量=0.49
[rtk_nav-4] [INFO] [1770539972.609688598] [rtk_nav]: yaw_error=-32.33，修正量=0.41
[rtk_nav-4] [INFO] [1770539973.811069685] [rtk_nav]: yaw_error=-10.85，修正量=-1.05
[rtk_nav-4] [INFO] [1770539974.111364199] [rtk_nav]: yaw_error=-6.88，修正量=-0.18
[rtk_nav-4] [INFO] [1770539974.310882738] [rtk_nav]: yaw_error=-5.33，修正量=-0.07
[rtk_nav-4] [INFO] [1770539974.611019038] [rtk_nav]: yaw_error=-4.20，修正量=-0.05
[rtk_nav-4] [INFO] [1770539974.811011828] [rtk_nav]: yaw_error=-2.54，修正量=-0.08
[rtk_nav-4] [INFO] [1770539975.109999854] [rtk_nav]: yaw_error=-1.73，修正量=-0.04
[rtk_nav-4] [INFO] [1770539975.309873978] [rtk_nav]: yaw_error=-1.52，修正量=-0.01
[rtk_nav-4] [INFO] [1770539975.609719757] [rtk_nav]: yaw_error=-1.21，修正量=-0.01
[rtk_nav-4] [INFO] [1770539976.610144468] [rtk_nav]: 航向校准完成！误差：0.01°
[rtk_nav-4] [INFO] [1770539976.612846506] [rtk_nav]: [ROSNode] 初始移动完成, 进入航点导航阶段
[rtk_nav-4] [INFO] [1770539976.616355139] [rtk_nav]: 直线：yaw_error=5.37，修正量=-0.04
[rtk_nav-4] [INFO] [1770539976.710687732] [rtk_nav]: [ROSNode] 目标航点1：距离6.64m, IMU航向-167.99°, 目标路径航向-162.62°, 偏差角5.37°
[rtk_nav-4] [INFO] [1770539976.810967381] [rtk_nav]: 直线：yaw_error=5.70，修正量=-0.01
[rtk_nav-4] [INFO] [1770539977.109799974] [rtk_nav]: 直线：yaw_error=5.96，修正量=-0.01
[rtk_nav-4] [INFO] [1770539977.309612579] [rtk_nav]: 直线：yaw_error=6.09，修正量=-0.01
[rtk_nav-4] [INFO] [1770539978.809884519] [rtk_nav]: 直线：yaw_error=7.15，修正量=-0.02
[rtk_nav-4] [INFO] [1770539978.909779119] [rtk_nav]: [ROSNode] 目标航点1：距离6.38m, IMU航向-168.80°, 目标路径航向-161.65°, 偏差角7.15°
[rtk_nav-4] [INFO] [1770539981.811618047] [rtk_nav]: 直线：yaw_error=7.84，修正量=-0.02
[rtk_nav-4] [INFO] [1770539981.911128080] [rtk_nav]: [ROSNode] 目标航点1：距离5.95m, IMU航向-168.49°, 目标路径航向-160.65°, 偏差角7.84°
[rtk_nav-4] [INFO] [1770539984.609857627] [rtk_nav]: 直线：yaw_error=8.73，修正量=-0.02
[rtk_nav-4] [INFO] [1770539984.709789179] [rtk_nav]: [ROSNode] 目标航点1：距离5.54m, IMU航向-168.31°, 目标路径航向-159.58°, 偏差角8.73°
[rtk_nav-4] [INFO] [1770539984.789472511] [rtk_nav]: GPS状态：差分
[rtk_nav-4] [INFO] [1770539984.812049686] [rtk_nav]: 直线：yaw_error=4.66，修正量=0.01
[rtk_nav-4] [INFO] [1770539984.910813588] [rtk_nav]: [ROSNode] 目标航点1：距离7.65m, IMU航向-168.31°, 目标路径航向-163.65°, 偏差角4.66°
[rtk_nav-4] [INFO] [1770539985.609871281] [rtk_nav]: 直线：yaw_error=4.54，修正量=-0.01
[rtk_nav-4] [INFO] [1770539987.539820015] [rtk_nav]: GPS状态：RTK Float
[rtk_nav-4] [INFO] [1770539987.612062115] [rtk_nav]: 直线：yaw_error=9.32，修正量=-0.04
[rtk_nav-4] [INFO] [1770539987.710479402] [rtk_nav]: [ROSNode] 目标航点1：距离5.16m, IMU航向-168.09°, 目标路径航向-158.77°, 偏差角9.32°
[rtk_nav-4] [INFO] [1770539991.110034901] [rtk_nav]: 直线：yaw_error=10.03，修正量=-0.02
[rtk_nav-4] [INFO] [1770539991.210446963] [rtk_nav]: [ROSNode] 目标航点1：距离4.66m, IMU航向-167.98°, 目标路径航向-157.95°, 偏差角10.03°
[rtk_nav-4] [INFO] [1770539993.610051781] [rtk_nav]: 直线：yaw_error=10.90，修正量=-0.03
[rtk_nav-4] [INFO] [1770539993.709592043] [rtk_nav]: [ROSNode] 目标航点1：距离4.29m, IMU航向-167.71°, 目标路径航向-156.81°, 偏差角10.90°
[rtk_nav-4] [INFO] [1770539994.611734056] [rtk_nav]: 直线：yaw_error=10.68，修正量=-0.02
[rtk_nav-4] [INFO] [1770539996.810054772] [rtk_nav]: 直线：yaw_error=11.61，修正量=-0.03
[rtk_nav-4] [INFO] [1770539996.909702470] [rtk_nav]: [ROSNode] 目标航点1：距离3.84m, IMU航向-167.26°, 目标路径航向-155.65°, 偏差角11.61°
[rtk_nav-4] [INFO] [1770539997.811381197] [rtk_nav]: 直线：yaw_error=11.44，修正量=-0.02
[rtk_nav-4] [INFO] [1770540000.110005214] [rtk_nav]: 直线：yaw_error=12.34，修正量=-0.03
[rtk_nav-4] [INFO] [1770540000.209568840] [rtk_nav]: [ROSNode] 目标航点1：距离3.45m, IMU航向-167.02°, 目标路径航向-154.68°, 偏差角12.34°
[rtk_nav-4] [INFO] [1770540000.809954603] [rtk_nav]: 直线：yaw_error=12.16，修正量=-0.02
[rtk_nav-4] [INFO] [1770540002.809877504] [rtk_nav]: 直线：yaw_error=13.42，修正量=-0.03
[rtk_nav-4] [INFO] [1770540002.910941891] [rtk_nav]: [ROSNode] 目标航点1：距离3.08m, IMU航向-166.66°, 目标路径航向-153.24°, 偏差角13.42°
[rtk_nav-4] [INFO] [1770540003.612148141] [rtk_nav]: 直线：yaw_error=13.27，修正量=-0.03
[rtk_nav-4] [INFO] [1770540005.611833339] [rtk_nav]: 直线：yaw_error=15.29，修正量=-0.04
[rtk_nav-4] [INFO] [1770540005.710531830] [rtk_nav]: [ROSNode] 目标航点1：距离2.69m, IMU航向-166.26°, 目标路径航向-150.97°, 偏差角15.29°
[rtk_nav-4] [INFO] [1770540005.812295208] [rtk_nav]: 直线：yaw_error=15.42，修正量=-0.03
[rtk_nav-4] [INFO] [1770540008.810963665] [rtk_nav]: 直线：yaw_error=18.84，修正量=-0.06
[rtk_nav-4] [INFO] [1770540008.911115224] [rtk_nav]: [ROSNode] 目标航点1：距离2.20m, IMU航向-165.81°, 目标路径航向-146.97°, 偏差角18.84°
[rtk_nav-4] [INFO] [1770540009.611082445] [rtk_nav]: 直线：yaw_error=18.63，修正量=-0.04
[rtk_nav-4] [INFO] [1770540011.811223938] [rtk_nav]: 直线：yaw_error=22.62，修正量=-0.47
[rtk_nav-4] [INFO] [1770540011.910505243] [rtk_nav]: [ROSNode] 目标航点1：距离1.79m, IMU航向-165.36°, 目标路径航向-142.74°, 偏差角22.62°
[rtk_nav-4] [INFO] [1770540012.610731298] [rtk_nav]: 直线：yaw_error=21.42，修正量=-0.42
[rtk_nav-4] [INFO] [1770540012.811199513] [rtk_nav]: 直线：yaw_error=20.78，修正量=-0.41
[rtk_nav-4] [INFO] [1770540013.111512776] [rtk_nav]: 直线：yaw_error=20.15，修正量=-0.40
[rtk_nav-4] [INFO] [1770540013.311617181] [rtk_nav]: 直线：yaw_error=19.72，修正量=-0.04
[rtk_nav-4] [INFO] [1770540013.611313606] [rtk_nav]: 直线：yaw_error=19.21，修正量=-0.04
[rtk_nav-4] [INFO] [1770540014.810025356] [rtk_nav]: 直线：yaw_error=28.14，修正量=-0.61
[rtk_nav-4] [INFO] [1770540014.909522366] [rtk_nav]: [ROSNode] 目标航点1：距离1.28m, IMU航向-161.70°, 目标路径航向-133.56°, 偏差角28.14°
[rtk_nav-4] [INFO] [1770540016.109913163] [rtk_nav]: 直线：yaw_error=25.70，修正量=-0.50
[rtk_nav-4] [INFO] [1770540016.310399317] [rtk_nav]: 直线：yaw_error=25.03，修正量=-0.50
[rtk_nav-4] [INFO] [1770540016.611080224] [rtk_nav]: 直线：yaw_error=24.53，修正量=-0.49
[rtk_nav-4] [INFO] [1770540016.810102937] [rtk_nav]: 直线：yaw_error=23.89，修正量=-0.47
[rtk_nav-4] [INFO] [1770540017.109899916] [rtk_nav]: 直线：yaw_error=23.27，修正量=-0.46
[rtk_nav-4] [INFO] [1770540017.310464972] [rtk_nav]: 直线：yaw_error=22.62，修正量=-0.45
[rtk_nav-4] [INFO] [1770540017.611460081] [rtk_nav]: 直线：yaw_error=21.95，修正量=-0.44
[rtk_nav-4] [INFO] [1770540017.811507320] [rtk_nav]: 直线：yaw_error=21.57，修正量=-0.43
[rtk_nav-4] [INFO] [1770540018.111182984] [rtk_nav]: 直线：yaw_error=28.40，修正量=-0.60
[rtk_nav-4] [INFO] [1770540018.211291850] [rtk_nav]: [ROSNode] 目标航点1：距离1.03m, IMU航向-155.13°, 目标路径航向-126.73°, 偏差角28.40°
[rtk_nav-4] [INFO] [1770540019.111110741] [rtk_nav]: 直线：yaw_error=24.86，修正量=-0.48
[rtk_nav-4] [INFO] [1770540019.312021931] [rtk_nav]: 直线：yaw_error=24.18，修正量=-0.48
[rtk_nav-4] [INFO] [1770540019.611695502] [rtk_nav]: 直线：yaw_error=23.61，修正量=-0.47
[rtk_nav-4] [INFO] [1770540019.811280618] [rtk_nav]: 直线：yaw_error=23.16，修正量=-0.46
[rtk_nav-4] [INFO] [1770540020.112059033] [rtk_nav]: 直线：yaw_error=22.57，修正量=-0.45
[rtk_nav-4] [INFO] [1770540020.311288690] [rtk_nav]: 直线：yaw_error=22.00，修正量=-0.44
[rtk_nav-4] [INFO] [1770540020.611358925] [rtk_nav]: 直线：yaw_error=21.42，修正量=-0.43
[rtk_nav-4] [INFO] [1770540020.811572874] [rtk_nav]: 直线：yaw_error=20.89，修正量=-0.42
[rtk_nav-4] [INFO] [1770540021.109969792] [rtk_nav]: 直线：yaw_error=19.33，修正量=-0.03
[rtk_nav-4] [INFO] [1770540021.209587818] [rtk_nav]: [ROSNode] 目标航点1：距离0.85m, IMU航向-147.32°, 目标路径航向-127.99°, 偏差角19.33°
[rtk_nav-4] [INFO] [1770540022.111230270] [rtk_nav]: 直线：yaw_error=18.23，修正量=-0.03
[rtk_nav-4] [INFO] [1770540024.111108244] [rtk_nav]: 直线：yaw_error=14.73，修正量=-0.01
[rtk_nav-4] [INFO] [1770540025.111330949] [rtk_nav]: 直线：yaw_error=14.52，修正量=-0.03
[rtk_nav-4] [INFO] [1770540027.109990624] [rtk_nav]: 直线：yaw_error=15.98，修正量=-0.04
[rtk_nav-4] [INFO] [1770540027.209502723] [rtk_nav]: [ROSNode] 目标航点1：距离0.66m, IMU航向-145.29°, 目标路径航向-129.31°, 偏差角15.98°
[rtk_nav-4] [INFO] [1770540030.111567516] [rtk_nav]: 直线：yaw_error=15.35，修正量=-0.03
[rtk_nav-4] [INFO] [1770540030.810134533] [rtk_nav]: 直线：yaw_error=15.19，修正量=-0.03
[rtk_nav-4] [INFO] [1770540033.110268454] [rtk_nav]: 直线：yaw_error=13.04，修正量=-0.02
[rtk_nav-4] [INFO] [1770540033.209792238] [rtk_nav]: [ROSNode] 目标航点1：距离0.49m, IMU航向-144.65°, 目标路径航向-131.61°, 偏差角13.04°
[rtk_nav-4] [INFO] [1770540033.812276243] [rtk_nav]: 直线：yaw_error=12.65，修正量=-0.02
[rtk_nav-4] [INFO] [1770540034.111843818] [rtk_nav]: 直线：yaw_error=12.53，修正量=-0.02
[rtk_nav-4] [INFO] [1770540035.611195548] [rtk_nav]: 直线：yaw_error=12.06，修正量=-0.02
[rtk_nav-4] [INFO] [1770540036.311028105] [rtk_nav]: 直线：yaw_error=12.15，修正量=-0.03
[rtk_nav-4] [INFO] [1770540037.309868149] [rtk_nav]: 直线：yaw_error=11.90，修正量=-0.02
[rtk_nav-4] [INFO] [1770540039.309962599] [rtk_nav]: 直线：yaw_error=9.11，修正量=-0.01
[rtk_nav-4] [INFO] [1770540039.410510582] [rtk_nav]: [ROSNode] 目标航点1：距离0.35m, IMU航向-143.17°, 目标路径航向-134.06°, 偏差角9.11°
[rtk_nav-4] [INFO] [1770540042.610010617] [rtk_nav]: 直线：yaw_error=7.22，修正量=-0.00
[rtk_nav-4] [INFO] [1770540042.809928148] [rtk_nav]: 直线：yaw_error=7.51，修正量=-0.02
[rtk_nav-4] [INFO] [1770540045.609936258] [rtk_nav]: 直线：yaw_error=4.99，修正量=0.00
[rtk_nav-4] [INFO] [1770540049.110048088] [rtk_nav]: 直线：yaw_error=5.08，修正量=-0.01
[rtk_nav-4] [INFO] [1770540052.311208002] [rtk_nav]: 直线：yaw_error=-3.78，修正量=0.05
[rtk_nav-4] [INFO] [1770540055.110002729] [rtk_nav]: 直线：yaw_error=-6.98，修正量=0.03
[rtk_nav-4] [INFO] [1770540055.309922859] [rtk_nav]: 直线：yaw_error=-6.77，修正量=0.01
[rtk_nav-4] [INFO] [1770540058.309967764] [rtk_nav]: 直线：yaw_error=-20.39，修正量=0.48
[rtk_nav-4] [INFO] [1770540059.309761040] [rtk_nav]: 直线：yaw_error=-19.39，修正量=0.03
[rtk_nav-4] [INFO] [1770540059.611655089] [rtk_nav]: 直线：yaw_error=-19.03，修正量=0.04
[rtk_nav-4] [INFO] [1770540061.111273999] [rtk_nav]: 直线：yaw_error=-21.85，修正量=0.45
[rtk_nav-4] [INFO] [1770540062.109978982] [rtk_nav]: 直线：yaw_error=-20.45，修正量=0.40
[rtk_nav-4] [INFO] [1770540062.309884604] [rtk_nav]: 直线：yaw_error=-20.02，修正量=0.40
[rtk_nav-4] [INFO] [1770540062.609904242] [rtk_nav]: 直线：yaw_error=-19.67，修正量=0.04
[rtk_nav-4] [INFO] [1770540062.809517664] [rtk_nav]: 直线：yaw_error=-19.23，修正量=0.04
[rtk_nav-4] [INFO] [1770540063.109362668] [rtk_nav]: 直线：yaw_error=-19.06，修正量=0.04
[rtk_nav-4] [INFO] [1770540064.111966071] [rtk_nav]: 直线：yaw_error=-20.18，修正量=0.41
[rtk_nav-4] [INFO] [1770540064.311606086] [rtk_nav]: 直线：yaw_error=-20.69，修正量=0.42
[rtk_nav-4] [INFO] [1770540065.109876643] [rtk_nav]: 直线：yaw_error=-19.15，修正量=0.03
[rtk_nav-4] [INFO] [1770540065.310095801] [rtk_nav]: 直线：yaw_error=-18.64，修正量=0.03
[rtk_nav-4] [INFO] [1770540067.311315192] [rtk_nav]: 直线：yaw_error=-19.31，修正量=0.04
[rtk_nav-4] [INFO] [1770540068.111122659] [rtk_nav]: 直线：yaw_error=-18.94，修正量=0.04
[rtk_nav-4] [INFO] [1770540070.311347486] [rtk_nav]: 直线：yaw_error=-25.25，修正量=0.54
[rtk_nav-4] [INFO] [1770540071.310185062] [rtk_nav]: 直线：yaw_error=-23.30，修正量=0.46
[rtk_nav-4] [INFO] [1770540071.611600106] [rtk_nav]: 直线：yaw_error=-22.69，修正量=0.45
[rtk_nav-4] [INFO] [1770540071.812151975] [rtk_nav]: 直线：yaw_error=-22.25，修正量=0.44
[rtk_nav-4] [INFO] [1770540072.109928445] [rtk_nav]: 直线：yaw_error=-21.72，修正量=0.43
[rtk_nav-4] [INFO] [1770540072.309955952] [rtk_nav]: 直线：yaw_error=-21.18，修正量=0.42
[rtk_nav-4] [INFO] [1770540072.611683928] [rtk_nav]: 直线：yaw_error=-20.66，修正量=0.41
[rtk_nav-4] [INFO] [1770540072.810321629] [rtk_nav]: 直线：yaw_error=-20.14，修正量=0.40
[rtk_nav-4] [INFO] [1770540073.110046867] [rtk_nav]: 直线：yaw_error=-19.75，修正量=0.04
[rtk_nav-4] [INFO] [1770540073.309977311] [rtk_nav]: 直线：yaw_error=-17.63，修正量=0.02
[rtk_nav-4] [INFO] [1770540074.610231523] [rtk_nav]: 直线：yaw_error=-16.46，修正量=0.03
[rtk_nav-4] [INFO] [1770540076.110178611] [rtk_nav]: 直线：yaw_error=-16.11，修正量=0.03
[rtk_nav-4] [INFO] [1770540076.311067754] [rtk_nav]: 直线：yaw_error=-22.80，修正量=0.49
[rtk_nav-4] [INFO] [1770540077.111482362] [rtk_nav]: 直线：yaw_error=-21.65，修正量=0.43
[rtk_nav-4] [INFO] [1770540077.311856222] [rtk_nav]: 直线：yaw_error=-21.12，修正量=0.42
[rtk_nav-4] [INFO] [1770540077.609933908] [rtk_nav]: 直线：yaw_error=-20.61，修正量=0.41
[rtk_nav-4] [INFO] [1770540077.810185672] [rtk_nav]: 直线：yaw_error=-20.21，修正量=0.40
[rtk_nav-4] [INFO] [1770540078.111917106] [rtk_nav]: 直线：yaw_error=-19.72，修正量=0.04
[rtk_nav-4] [INFO] [1770540078.311241586] [rtk_nav]: 直线：yaw_error=-19.26，修正量=0.04
[rtk_nav-4] [INFO] [1770540078.610013005] [rtk_nav]: 直线：yaw_error=-19.01，修正量=0.04
[rtk_nav-4] [INFO] [1770540079.111021187] [rtk_nav]: 直线：yaw_error=-23.59，修正量=0.50
[rtk_nav-4] [INFO] [1770540080.111938768] [rtk_nav]: 直线：yaw_error=-21.71，修正量=0.42
[rtk_nav-4] [INFO] [1770540080.313363950] [rtk_nav]: 直线：yaw_error=-21.11，修正量=0.42
[rtk_nav-4] [INFO] [1770540080.610546653] [rtk_nav]: 直线：yaw_error=-20.53，修正量=0.41
[rtk_nav-4] [INFO] [1770540080.811301191] [rtk_nav]: 直线：yaw_error=-20.05，修正量=0.40
[rtk_nav-4] [INFO] [1770540081.110367899] [rtk_nav]: 直线：yaw_error=-19.48，修正量=0.04
[rtk_nav-4] [INFO] [1770540081.310917135] [rtk_nav]: 直线：yaw_error=-18.94，修正量=0.04
[rtk_nav-4] [INFO] [1770540081.611257244] [rtk_nav]: 直线：yaw_error=-18.66，修正量=0.04
[rtk_nav-4] [INFO] [1770540081.811406604] [rtk_nav]: 直线：yaw_error=-18.56，修正量=0.04
[rtk_nav-4] [INFO] [1770540082.109967696] [rtk_nav]: 直线：yaw_error=-18.85，修正量=0.04
[rtk_nav-4] [INFO] [1770540083.109942193] [rtk_nav]: 直线：yaw_error=-18.31，修正量=0.03
[rtk_nav-4] [INFO] [1770540083.310166620] [rtk_nav]: 直线：yaw_error=-18.19，修正量=0.04
[rtk_nav-4] [INFO] [1770540083.610054927] [rtk_nav]: 直线：yaw_error=-18.08，修正量=0.04
[rtk_nav-4] [INFO] [1770540084.110308318] [rtk_nav]: 直线：yaw_error=-17.90，修正量=0.04
[rtk_nav-4] [INFO] [1770540084.310226290] [rtk_nav]: 直线：yaw_error=-17.79，修正量=0.04
[rtk_nav-4] [INFO] [1770540084.611311008] [rtk_nav]: 直线：yaw_error=-17.69，修正量=0.03
[rtk_nav-4] [INFO] [1770540085.111254124] [rtk_nav]: 直线：yaw_error=-24.83，修正量=0.53
[rtk_nav-4] [INFO] [1770540085.210419021] [rtk_nav]: [ROSNode] 目标航点1：距离0.45m, IMU航向-167.89°, 目标路径航向167.28°, 偏差角-24.83°
[rtk_nav-4] [INFO] [1770540085.810417735] [rtk_nav]: 直线：yaw_error=-23.44，修正量=0.46
[rtk_nav-4] [INFO] [1770540086.109938232] [rtk_nav]: 直线：yaw_error=-22.81，修正量=0.45
[rtk_nav-4] [INFO] [1770540086.310855820] [rtk_nav]: 直线：yaw_error=-22.23，修正量=0.44
[rtk_nav-4] [INFO] [1770540086.611249319] [rtk_nav]: 直线：yaw_error=-21.77，修正量=0.43
[rtk_nav-4] [INFO] [1770540086.810220138] [rtk_nav]: 直线：yaw_error=-21.23，修正量=0.42
[rtk_nav-4] [INFO] [1770540087.111375233] [rtk_nav]: 直线：yaw_error=-20.70，修正量=0.41
[rtk_nav-4] [INFO] [1770540087.311547086] [rtk_nav]: 直线：yaw_error=-20.21，修正量=0.40
[rtk_nav-4] [INFO] [1770540087.611557920] [rtk_nav]: 直线：yaw_error=-19.73，修正量=0.04
[rtk_nav-4] [INFO] [1770540087.812663133] [rtk_nav]: 直线：yaw_error=-20.44，修正量=0.41
[rtk_nav-4] [INFO] [1770540088.811508377] [rtk_nav]: 直线：yaw_error=-18.45，修正量=0.03
[rtk_nav-4] [INFO] [1770540089.111330612] [rtk_nav]: 直线：yaw_error=-18.03，修正量=0.03
[rtk_nav-4] [INFO] [1770540091.111621568] [rtk_nav]: 直线：yaw_error=-20.42，修正量=0.42
[rtk_nav-4] [INFO] [1770540091.211402834] [rtk_nav]: [ROSNode] 目标航点1：距离0.56m, IMU航向-175.94°, 目标路径航向163.64°, 偏差角-20.42°
[rtk_nav-4] [INFO] [1770540091.811180796] [rtk_nav]: 直线：yaw_error=-19.38，修正量=0.03
[rtk_nav-4] [INFO] [1770540092.109899589] [rtk_nav]: 直线：yaw_error=-18.95，修正量=0.04
[rtk_nav-4] [INFO] [1770540094.111566189] [rtk_nav]: 直线：yaw_error=-22.81，修正量=0.48
[rtk_nav-4] [INFO] [1770540095.109505616] [rtk_nav]: 直线：yaw_error=-20.95，修正量=0.41
[rtk_nav-4] [INFO] [1770540095.310060247] [rtk_nav]: 直线：yaw_error=-20.34，修正量=0.40
[rtk_nav-4] [INFO] [1770540095.611310049] [rtk_nav]: 直线：yaw_error=-19.93，修正量=0.04
[rtk_nav-4] [INFO] [1770540095.810578814] [rtk_nav]: 直线：yaw_error=-19.43，修正量=0.04
[rtk_nav-4] [INFO] [1770540096.110733564] [rtk_nav]: 直线：yaw_error=-19.22，修正量=0.04
[rtk_nav-4] [INFO] [1770540097.111698951] [rtk_nav]: 直线：yaw_error=-19.59，修正量=0.04
[rtk_nav-4] [INFO] [1770540097.310149938] [rtk_nav]: 直线：yaw_error=-19.48，修正量=0.04
[rtk_nav-4] [INFO] [1770540098.111797326] [rtk_nav]: 直线：yaw_error=-19.28，修正量=0.04
[rtk_nav-4] [INFO] [1770540100.311564842] [rtk_nav]: 直线：yaw_error=-20.65，修正量=0.42
[rtk_nav-4] [INFO] [1770540101.312180286] [rtk_nav]: 直线：yaw_error=-19.27，修正量=0.03
[rtk_nav-4] [INFO] [1770540101.611274297] [rtk_nav]: 直线：yaw_error=-18.87，修正量=0.04
[rtk_nav-4] [INFO] [1770540103.289204593] [rtk_nav]: GPS状态：RTK Fixed
[rtk_nav-4] [INFO] [1770540103.310611410] [rtk_nav]: 直线：yaw_error=-107.03，修正量=2.50
[rtk_nav-4] [INFO] [1770540103.410088761] [rtk_nav]: [ROSNode] 目标航点1：距离2.14m, IMU航向175.78°, 目标路径航向68.75°, 偏差角-107.03°
[rtk_nav-4] [INFO] [1770540104.109974472] [rtk_nav]: 直线：yaw_error=-103.25，修正量=2.50
[rtk_nav-4] [INFO] [1770540104.312191855] [rtk_nav]: 直线：yaw_error=-100.27，修正量=2.50
[rtk_nav-4] [INFO] [1770540104.611242211] [rtk_nav]: 直线：yaw_error=-97.21，修正量=2.50
[rtk_nav-4] [INFO] [1770540104.811548723] [rtk_nav]: 直线：yaw_error=-95.00，修正量=2.50
[rtk_nav-4] [INFO] [1770540105.111856731] [rtk_nav]: 直线：yaw_error=-92.25，修正量=2.50
[rtk_nav-4] [INFO] [1770540105.311695708] [rtk_nav]: 直线：yaw_error=-89.58，修正量=2.50
[rtk_nav-4] [INFO] [1770540105.610227525] [rtk_nav]: 直线：yaw_error=-87.66，修正量=2.50
[rtk_nav-4] [INFO] [1770540105.811543603] [rtk_nav]: 直线：yaw_error=-84.92，修正量=2.50
[rtk_nav-4] [INFO] [1770540106.112438775] [rtk_nav]: 直线：yaw_error=-83.21，修正量=2.50
[rtk_nav-4] [INFO] [1770540106.310570499] [rtk_nav]: 直线：yaw_error=-90.10，修正量=2.50
[rtk_nav-4] [INFO] [1770540106.409917336] [rtk_nav]: [ROSNode] 目标航点1：距离2.02m, IMU航向151.96°, 目标路径航向61.86°, 偏差角-90.10°
[rtk_nav-4] [INFO] [1770540107.311736418] [rtk_nav]: 直线：yaw_error=-73.51，修正量=2.50
[rtk_nav-4] [INFO] [1770540107.610152518] [rtk_nav]: 直线：yaw_error=-70.21，修正量=2.50
[rtk_nav-4] [INFO] [1770540107.810261405] [rtk_nav]: 直线：yaw_error=-67.00，修正量=2.50
[rtk_nav-4] [INFO] [1770540108.109116665] [rtk_nav]: 直线：yaw_error=-64.57，修正量=2.50
[rtk_nav-4] [INFO] [1770540108.312286337] [rtk_nav]: 直线：yaw_error=-61.84，修正量=2.46
[rtk_nav-4] [INFO] [1770540108.611686290] [rtk_nav]: 直线：yaw_error=-59.14，修正量=1.17
[rtk_nav-4] [INFO] [1770540108.811688692] [rtk_nav]: 直线：yaw_error=-56.22，修正量=1.11
[rtk_nav-4] [INFO] [1770540109.111154193] [rtk_nav]: 直线：yaw_error=-53.98，修正量=1.07
[rtk_nav-4] [INFO] [1770540109.310175739] [rtk_nav]: 直线：yaw_error=-52.98，修正量=1.05
[rtk_nav-4] [INFO] [1770540109.610059497] [rtk_nav]: 直线：yaw_error=-61.56，修正量=2.50
[rtk_nav-4] [INFO] [1770540109.709537860] [rtk_nav]: [ROSNode] 目标航点1：距离1.70m, IMU航向114.84°, 目标路径航向53.28°, 偏差角-61.56°
[rtk_nav-4] [INFO] [1770540110.612336774] [rtk_nav]: 直线：yaw_error=-48.51，修正量=0.90
[rtk_nav-4] [INFO] [1770540110.813024529] [rtk_nav]: 直线：yaw_error=-45.22，修正量=0.89
[rtk_nav-4] [INFO] [1770540111.109874683] [rtk_nav]: 直线：yaw_error=-43.74，修正量=0.87
[rtk_nav-4] [INFO] [1770540111.310712533] [rtk_nav]: 直线：yaw_error=-42.54，修正量=0.84
[rtk_nav-4] [INFO] [1770540111.611905455] [rtk_nav]: 直线：yaw_error=-41.38，修正量=0.82
[rtk_nav-4] [INFO] [1770540111.811395106] [rtk_nav]: 直线：yaw_error=-40.29，修正量=0.80
[rtk_nav-4] [INFO] [1770540112.111505877] [rtk_nav]: 直线：yaw_error=-39.26，修正量=0.78
[rtk_nav-4] [INFO] [1770540112.311453392] [rtk_nav]: 直线：yaw_error=-38.44，修正量=0.76
[rtk_nav-4] [INFO] [1770540112.611386228] [rtk_nav]: 直线：yaw_error=-46.26，修正量=0.96
[rtk_nav-4] [INFO] [1770540112.709300241] [rtk_nav]: [ROSNode] 目标航点1：距离1.36m, IMU航向91.72°, 目标路径航向45.46°, 偏差角-46.26°
[rtk_nav-4] [INFO] [1770540113.809811901] [rtk_nav]: 直线：yaw_error=-38.91，修正量=0.74
[rtk_nav-4] [INFO] [1770540114.110624801] [rtk_nav]: 直线：yaw_error=-37.71，修正量=0.75
[rtk_nav-4] [INFO] [1770540114.310365984] [rtk_nav]: 直线：yaw_error=-36.71，修正量=0.73
[rtk_nav-4] [INFO] [1770540114.610871859] [rtk_nav]: 直线：yaw_error=-35.97，修正量=0.72
[rtk_nav-4] [INFO] [1770540114.809725939] [rtk_nav]: 直线：yaw_error=-35.02，修正量=0.70
[rtk_nav-4] [INFO] [1770540115.109885132] [rtk_nav]: 直线：yaw_error=-34.05，修正量=0.68
[rtk_nav-4] [INFO] [1770540115.311170685] [rtk_nav]: 直线：yaw_error=-33.13，修正量=0.66
[rtk_nav-4] [INFO] [1770540115.611263248] [rtk_nav]: 直线：yaw_error=-32.26，修正量=0.64
[rtk_nav-4] [INFO] [1770540115.811833764] [rtk_nav]: 直线：yaw_error=-31.38，修正量=0.62
[rtk_nav-4] [INFO] [1770540116.111270958] [rtk_nav]: 直线：yaw_error=-31.05，修正量=0.62
[rtk_nav-4] [INFO] [1770540116.310741604] [rtk_nav]: 直线：yaw_error=-34.51，修正量=0.71
[rtk_nav-4] [INFO] [1770540116.409732155] [rtk_nav]: [ROSNode] 目标航点1：距离1.12m, IMU航向76.51°, 目标路径航向42.00°, 偏差角-34.51°
[rtk_nav-4] [INFO] [1770540117.109823589] [rtk_nav]: 直线：yaw_error=-30.25，修正量=0.58
[rtk_nav-4] [INFO] [1770540117.309885679] [rtk_nav]: 直线：yaw_error=-29.30，修正量=0.58
[rtk_nav-4] [INFO] [1770540117.611684104] [rtk_nav]: 直线：yaw_error=-28.49，修正量=0.57
[rtk_nav-4] [INFO] [1770540117.811386577] [rtk_nav]: 直线：yaw_error=-27.93，修正量=0.56
[rtk_nav-4] [INFO] [1770540118.111174439] [rtk_nav]: 直线：yaw_error=-27.20，修正量=0.54
[rtk_nav-4] [INFO] [1770540118.311684996] [rtk_nav]: 直线：yaw_error=-26.48，修正量=0.53
[rtk_nav-4] [INFO] [1770540118.610297182] [rtk_nav]: 直线：yaw_error=-25.77，修正量=0.51
[rtk_nav-4] [INFO] [1770540118.810105089] [rtk_nav]: 直线：yaw_error=-25.04，修正量=0.50
[rtk_nav-4] [INFO] [1770540119.109990563] [rtk_nav]: 直线：yaw_error=-24.76，修正量=0.49
[rtk_nav-4] [INFO] [1770540119.409577359] [rtk_nav]: [ROSNode] 目标航点1：距离0.98m, IMU航向66.76°, 目标路径航向42.00°, 偏差角-24.76°
[rtk_nav-4] [INFO] [1770540120.111350080] [rtk_nav]: 直线：yaw_error=-21.57，修正量=0.42
[rtk_nav-4] [INFO] [1770540120.311271558] [rtk_nav]: 直线：yaw_error=-20.89，修正量=0.41
[rtk_nav-4] [INFO] [1770540120.609995895] [rtk_nav]: 直线：yaw_error=-20.42，修正量=0.41
[rtk_nav-4] [INFO] [1770540120.811541614] [rtk_nav]: 直线：yaw_error=-19.85，修正量=0.04
[rtk_nav-4] [INFO] [1770540121.111656177] [rtk_nav]: 直线：yaw_error=-19.32，修正量=0.04
[rtk_nav-4] [INFO] [1770540121.310278019] [rtk_nav]: 直线：yaw_error=-19.15，修正量=0.04
[rtk_nav-4] [INFO] [1770540122.111870946] [rtk_nav]: 直线：yaw_error=-20.51，修正量=0.42
[rtk_nav-4] [INFO] [1770540122.210684704] [rtk_nav]: [ROSNode] 目标航点1：距离0.86m, IMU航向60.99°, 目标路径航向40.48°, 偏差角-20.51°
[rtk_nav-4] [INFO] [1770540123.112036595] [rtk_nav]: 直线：yaw_error=-18.94，修正量=0.03
[rtk_nav-4] [INFO] [1770540123.311386338] [rtk_nav]: 直线：yaw_error=-18.41，修正量=0.03
[rtk_nav-4] [INFO] [1770540123.611146429] [rtk_nav]: 直线：yaw_error=-18.29，修正量=0.04
[rtk_nav-4] [INFO] [1770540125.309675359] [rtk_nav]: 直线：yaw_error=-20.65，修正量=0.43
[rtk_nav-4] [INFO] [1770540125.409227254] [rtk_nav]: [ROSNode] 目标航点1：距离0.72m, IMU航向58.38°, 目标路径航向37.73°, 偏差角-20.65°
[rtk_nav-4] [INFO] [1770540126.310793687] [rtk_nav]: 直线：yaw_error=-19.08，修正量=0.03
[rtk_nav-4] [INFO] [1770540126.611956731] [rtk_nav]: 直线：yaw_error=-18.62，修正量=0.03
[rtk_nav-4] [INFO] [1770540128.610032402] [rtk_nav]: 直线：yaw_error=-20.15，修正量=0.41
[rtk_nav-4] [INFO] [1770540129.311374744] [rtk_nav]: 直线：yaw_error=-19.01，修正量=0.03
[rtk_nav-4] [INFO] [1770540129.609941510] [rtk_nav]: 直线：yaw_error=-18.54，修正量=0.03
[rtk_nav-4] [INFO] [1770540129.809847531] [rtk_nav]: 直线：yaw_error=-18.43，修正量=0.04
[rtk_nav-4] [INFO] [1770540131.312028261] [rtk_nav]: 直线：yaw_error=-20.22，修正量=0.41
[rtk_nav-4] [INFO] [1770540131.409992227] [rtk_nav]: [ROSNode] 目标航点1：距离0.55m, IMU航向54.02°, 目标路径航向33.80°, 偏差角-20.22°
[rtk_nav-4] [INFO] [1770540132.109962866] [rtk_nav]: 直线：yaw_error=-19.12，修正量=0.03
[rtk_nav-4] [INFO] [1770540132.309929214] [rtk_nav]: 直线：yaw_error=-18.59，修正量=0.03
[rtk_nav-4] [INFO] [1770540132.610167536] [rtk_nav]: 直线：yaw_error=-18.40，修正量=0.04
[rtk_nav-4] [INFO] [1770540133.111769483] [rtk_nav]: 直线：yaw_error=-18.19，修正量=0.04
[rtk_nav-4] [INFO] [1770540133.311473339] [rtk_nav]: 直线：yaw_error=-18.08，修正量=0.04
[rtk_nav-4] [INFO] [1770540133.611310675] [rtk_nav]: 直线：yaw_error=-17.96，修正量=0.04
[rtk_nav-4] [INFO] [1770540134.611901893] [rtk_nav]: 直线：yaw_error=-19.97，修正量=0.05
[rtk_nav-4] [INFO] [1770540135.310619387] [rtk_nav]: 直线：yaw_error=-19.57，修正量=0.04
[rtk_nav-4] [INFO] [1770540137.609860529] [rtk_nav]: 直线：yaw_error=-21.70，修正量=0.45
[rtk_nav-4] [INFO] [1770540137.709674564] [rtk_nav]: [ROSNode] 目标航点1：距离0.41m, IMU航向50.82°, 目标路径航向29.12°, 偏差角-21.70°
[rtk_nav-4] [INFO] [1770540138.611936763] [rtk_nav]: 直线：yaw_error=-20.12，修正量=0.39
[rtk_nav-4] [INFO] [1770540138.809991424] [rtk_nav]: 直线：yaw_error=-19.55，修正量=0.04
[rtk_nav-4] [INFO] [1770540139.111201847] [rtk_nav]: 直线：yaw_error=-19.08，修正量=0.04
[rtk_nav-4] [INFO] [1770540140.611504066] [rtk_nav]: 直线：yaw_error=-15.27，修正量=0.01
[rtk_nav-4] [INFO] [1770540141.312539777] [rtk_nav]: 直线：yaw_error=-15.01，修正量=0.03
[rtk_nav-4] [INFO] [1770540143.609931576] [rtk_nav]: 直线：yaw_error=-18.29，修正量=0.06
[rtk_nav-4] [INFO] [1770540143.709712508] [rtk_nav]: [ROSNode] 目标航点1：距离0.29m, IMU航向47.02°, 目标路径航向28.73°, 偏差角-18.29°
[rtk_nav-4] [INFO] [1770540143.811944712] [rtk_nav]: 直线：yaw_error=-18.56，修正量=0.04
[rtk_nav-4] [INFO] [1770540144.611304815] [rtk_nav]: 直线：yaw_error=-18.27，修正量=0.04
[rtk_nav-4] [INFO] [1770540146.810826078] [rtk_nav]: 直线：yaw_error=-19.84，修正量=0.05
[rtk_nav-4] [INFO] [1770540147.610173759] [rtk_nav]: 直线：yaw_error=-19.63，修正量=0.04
[rtk_nav-4] [INFO] [1770540149.610331808] [rtk_nav]: 直线：yaw_error=-20.75，修正量=0.42
[rtk_nav-4] [INFO] [1770540149.812111079] [rtk_nav]: 直线：yaw_error=-21.11，修正量=0.42
[rtk_nav-4] [INFO] [1770540150.610566613] [rtk_nav]: 直线：yaw_error=-19.71，修正量=0.03
[rtk_nav-4] [INFO] [1770540150.811123251] [rtk_nav]: 直线：yaw_error=-19.21，修正量=0.04
[rtk_nav-4] [INFO] [1770540151.111330753] [rtk_nav]: 直线：yaw_error=-19.07，修正量=0.04
[rtk_nav-4] [INFO] [1770540152.809852456] [rtk_nav]: 直线：yaw_error=-22.15，修正量=0.46
[rtk_nav-4] [INFO] [1770540152.909592548] [rtk_nav]: [ROSNode] 目标航点1：距离0.18m, IMU航向43.60°, 目标路径航向21.45°, 偏差角-22.15°
[rtk_nav-4] [INFO] [1770540154.111275678] [rtk_nav]: 直线：yaw_error=-19.66，修正量=0.03
[rtk_nav-4] [INFO] [1770540154.313255272] [rtk_nav]: 直线：yaw_error=-19.09，修正量=0.04
[rtk_nav-4] [INFO] [1770540154.611352279] [rtk_nav]: 直线：yaw_error=-18.95，修正量=0.04
[rtk_nav-4] [INFO] [1770540156.110428706] [rtk_nav]: 直线：yaw_error=-12.20，修正量=-0.01
[rtk_nav-4] [INFO] [1770540157.111058181] [rtk_nav]: 直线：yaw_error=-12.14，修正量=0.02
[mqtt_ros2_bridge-1] [0m[INFO] [1770540158.887768997] [mqtt]: 
[mqtt_ros2_bridge-1] [收到消息] 
[mqtt_ros2_bridge-1]   ├─ 主题: robot/ROS2_VM/cmd
[mqtt_ros2_bridge-1]   ├─ QoS: 0
[mqtt_ros2_bridge-1]   └─ 内容: g[0m
[mqtt_ros2_bridge-1] [0m[INFO] [1770540158.890500621] [mqtt]: [MQTT->ROS2] 已发布到 /robot_cmd: g[0m
[motor_control-2] [WARN] [1770540158.896448010] [motor_control_node]: [ROSNode] 消息不是有效JSON字典，尝试按字符串处理: g, 错误: Expecting value: line 1 column 1 (char 0)
[motor_control-2] [ERROR] [1770540158.902825645] [motor_control_node]: [ROSNode] 无效的字符串指令：g (仅支持: ['z', 'x', 'w', 's', 'a', 'd', 'l', 'u', 'r'])
[mqtt_ros2_bridge-1] [0m[INFO] [1770540158.907101438] [mqtt]: [ROS2] 收到robot_state: {"status": "START", "battery": null, "battery_total_voltage": null, "battery_current": null, "imu_yaw": 39.869998931884766, "rtk_status": 4, "current_lon": 120.07129225016666, "current_lat": 30.321663723666667, "sensors_status": 3, "timestamp": "2026-02-08 16:42:38"}[0m
[mqtt_ros2_bridge-1] [0m[INFO] [1770540158.912381161] [mqtt]: 
[mqtt_ros2_bridge-1] [状态] 消息发布成功 (消息ID: 3, 原因代码: Success)[0m
[motor_control-2] [INFO] [1770540158.915194627] [motor_control_node]: [ROSNode] 成功发布状态: {"status": "START", "battery": null, "battery_total_voltage": null, "battery_current": null, "imu_yaw": 39.869998931884766, "rtk_status": 4, "current_lon": 120.07129225016666, "current_lat": 30.321663723666667, "sensors_status": 3, "timestamp": "2026-02-08 16:42:38"}
[rtk_nav-4] [INFO] [1770540159.610377559] [rtk_nav]: [ROSNode] 已到达航点1距离阈值（0.09m ≤ 0.1m）
[rtk_nav-4] [INFO] [1770540159.710024884] [rtk_nav]: yaw_error=62.31，修正量=-2.50
[rtk_nav-4] [INFO] [1770540160.309967541] [rtk_nav]: yaw_error=53.81，修正量=-0.65
[rtk_nav-4] [INFO] [1770540160.610047275] [rtk_nav]: yaw_error=46.09，修正量=-0.54
[rtk_nav-4] [INFO] [1770540160.809935864] [rtk_nav]: yaw_error=41.30，修正量=-0.59
[rtk_nav-4] [INFO] [1770540161.110085497] [rtk_nav]: yaw_error=38.23，修正量=-0.61
[rtk_nav-4] [INFO] [1770540161.310572783] [rtk_nav]: yaw_error=34.33，修正量=-0.49
[rtk_nav-4] [INFO] [1770540161.611632759] [rtk_nav]: yaw_error=30.31，修正量=-0.41
[rtk_nav-4] [INFO] [1770540161.812385946] [rtk_nav]: yaw_error=26.59，修正量=-0.35
[rtk_nav-4] [INFO] [1770540162.111286632] [rtk_nav]: yaw_error=23.08，修正量=-0.29
[rtk_nav-4] [INFO] [1770540162.312067350] [rtk_nav]: yaw_error=21.38，修正量=-0.34
[rtk_nav-4] [INFO] [1770540163.611283985] [rtk_nav]: yaw_error=5.52，修正量=0.78
[rtk_nav-4] [INFO] [1770540163.812024758] [rtk_nav]: yaw_error=2.77，修正量=0.13
[rtk_nav-4] [INFO] [1770540164.111450867] [rtk_nav]: yaw_error=1.64，修正量=0.05
[rtk_nav-4] [INFO] [1770540164.311291002] [rtk_nav]: yaw_error=1.21，修正量=0.02
[rtk_nav-4] [INFO] [1770540164.612390067] [rtk_nav]: 航向校准完成！误差：0.93°
[rtk_nav-4] [INFO] [1770540164.616060959] [rtk_nav]: [ROSNode] 航点1航向校准完成, 结果：True
[rtk_nav-4] [INFO] [1770540164.620869393] [rtk_nav]: [ROSNode] 切换到新航点2, 准备进入移动阶段
[rtk_nav-4] [INFO] [1770540164.711813237] [rtk_nav]: [航点切换] 进入路段1→2
[rtk_nav-4] [INFO] [1770540164.715808561] [rtk_nav]: [航点切换] 缓存当前文件上一个航点1：(120.0712929, 30.32166478, 102.13)
[rtk_nav-4] [INFO] [1770540164.721110752] [rtk_nav]: 直线：yaw_error=-13.83，修正量=0.10
[rtk_nav-4] [INFO] [1770540164.810442298] [rtk_nav]: [ROSNode] 目标航点2：距离0.76m, IMU航向101.46°, 目标路径航向87.37°, 偏差角-14.09°
[rtk_nav-4] [INFO] [1770540164.814805576] [rtk_nav]: 直线：yaw_error=-14.09，修正量=0.03
[rtk_nav-4] [INFO] [1770540165.111509884] [rtk_nav]: 直线：yaw_error=-14.29，修正量=0.03
[rtk_nav-4] [INFO] [1770540165.311638343] [rtk_nav]: 直线：yaw_error=-14.50，修正量=0.03
[rtk_nav-4] [INFO] [1770540165.611677080] [rtk_nav]: 直线：yaw_error=-24.48，修正量=0.54
[rtk_nav-4] [INFO] [1770540166.310380881] [rtk_nav]: 直线：yaw_error=-23.81，修正量=0.47
[rtk_nav-4] [INFO] [1770540166.610006096] [rtk_nav]: 直线：yaw_error=-23.30，修正量=0.46
[rtk_nav-4] [INFO] [1770540166.809936970] [rtk_nav]: 直线：yaw_error=-22.79，修正量=0.45
[rtk_nav-4] [INFO] [1770540167.109878257] [rtk_nav]: 直线：yaw_error=-22.40，修正量=0.45
[rtk_nav-4] [INFO] [1770540167.310265403] [rtk_nav]: 直线：yaw_error=-21.84，修正量=0.43
[rtk_nav-4] [INFO] [1770540167.610183600] [rtk_nav]: 直线：yaw_error=-21.23，修正量=0.42
[rtk_nav-4] [INFO] [1770540167.810065937] [rtk_nav]: 直线：yaw_error=-20.76，修正量=0.41
[rtk_nav-4] [INFO] [1770540168.109942876] [rtk_nav]: 直线：yaw_error=-20.29，修正量=0.40
[rtk_nav-4] [INFO] [1770540168.309998807] [rtk_nav]: 直线：yaw_error=-20.11，修正量=0.40
[rtk_nav-4] [INFO] [1770540168.612380066] [rtk_nav]: 直线：yaw_error=-20.80，修正量=0.42
[rtk_nav-4] [INFO] [1770540168.710678951] [rtk_nav]: [ROSNode] 目标航点2：距离0.63m, IMU航向97.50°, 目标路径航向76.70°, 偏差角-20.80°
[rtk_nav-4] [INFO] [1770540169.309940984] [rtk_nav]: 直线：yaw_error=-18.68，修正量=0.03
[rtk_nav-4] [INFO] [1770540169.611588226] [rtk_nav]: 直线：yaw_error=-18.28，修正量=0.03
[sensors_485-3] [WARN] [1770540169.616988055] [Sensors_485_node]: IO: CRC check failed
[rtk_nav-4] [INFO] [1770540171.312995892] [rtk_nav]: 直线：yaw_error=-18.27，修正量=0.04
[rtk_nav-4] [INFO] [1770540172.111496740] [rtk_nav]: 直线：yaw_error=-18.06，修正量=0.04
[rtk_nav-4] [INFO] [1770540174.309878116] [rtk_nav]: 直线：yaw_error=-20.00，修正量=0.05
[rtk_nav-4] [INFO] [1770540174.409563879] [rtk_nav]: [ROSNode] 目标航点2：距离0.48m, IMU航向93.91°, 目标路径航向73.91°, 偏差角-20.00°
[rtk_nav-4] [INFO] [1770540175.310283615] [rtk_nav]: 直线：yaw_error=-19.78，修正量=0.04
[rtk_nav-4] [INFO] [1770540177.111533706] [rtk_nav]: 直线：yaw_error=-18.80，修正量=0.03
[rtk_nav-4] [INFO] [1770540178.111532222] [rtk_nav]: 直线：yaw_error=-18.67，修正量=0.04
[rtk_nav-4] [INFO] [1770540180.609836047] [rtk_nav]: 直线：yaw_error=-19.87，修正量=0.05
[rtk_nav-4] [INFO] [1770540180.709815810] [rtk_nav]: [ROSNode] 目标航点2：距离0.34m, IMU航向92.90°, 目标路径航向73.03°, 偏差角-19.87°
[rtk_nav-4] [INFO] [1770540181.310788984] [rtk_nav]: 直线：yaw_error=-19.71，修正量=0.04
[rtk_nav-4] [INFO] [1770540183.809868721] [rtk_nav]: 直线：yaw_error=-22.85，修正量=0.47
[rtk_nav-4] [INFO] [1770540184.809758058] [rtk_nav]: 直线：yaw_error=-20.94，修正量=0.41
[rtk_nav-4] [INFO] [1770540185.109663229] [rtk_nav]: 直线：yaw_error=-20.35，修正量=0.40
[rtk_nav-4] [INFO] [1770540185.309678869] [rtk_nav]: 直线：yaw_error=-19.88，修正量=0.04
[rtk_nav-4] [INFO] [1770540185.609780618] [rtk_nav]: 直线：yaw_error=-19.31，修正量=0.04
[rtk_nav-4] [INFO] [1770540185.809701697] [rtk_nav]: 直线：yaw_error=-19.18，修正量=0.04
[rtk_nav-4] [INFO] [1770540187.109895336] [rtk_nav]: 直线：yaw_error=-14.78，修正量=0.01
[rtk_nav-4] [INFO] [1770540187.809978290] [rtk_nav]: 直线：yaw_error=-14.53，修正量=0.03
[rtk_nav-4] [INFO] [1770540190.109821698] [rtk_nav]: 直线：yaw_error=-18.55，修正量=0.06
[rtk_nav-4] [INFO] [1770540190.209583079] [rtk_nav]: [ROSNode] 目标航点2：距离0.21m, IMU航向87.89°, 目标路径航向69.34°, 偏差角-18.55°
[rtk_nav-4] [INFO] [1770540190.811810581] [rtk_nav]: 直线：yaw_error=-18.31，修正量=0.04
[rtk_nav-4] [INFO] [1770540193.109824818] [rtk_nav]: 直线：yaw_error=-20.99，修正量=0.44
[rtk_nav-4] [INFO] [1770540193.812096403] [rtk_nav]: 直线：yaw_error=-19.89，修正量=0.03
[rtk_nav-4] [INFO] [1770540194.110747987] [rtk_nav]: 直线：yaw_error=-19.41，修正量=0.04
[rtk_nav-4] [INFO] [1770540196.109933872] [rtk_nav]: 直线：yaw_error=-9.01，修正量=-0.03
[rtk_nav-4] [INFO] [1770540196.809940862] [rtk_nav]: 直线：yaw_error=-8.82，修正量=0.02
[rtk_nav-4] [INFO] [1770540199.611301114] [rtk_nav]: 直线：yaw_error=-53.61，修正量=1.30
[rtk_nav-4] [INFO] [1770540199.711015584] [rtk_nav]: [ROSNode] 目标航点2：距离0.11m, IMU航向84.96°, 目标路径航向31.35°, 偏差角-53.61°
[rtk_nav-4] [INFO] [1770540200.611560063] [rtk_nav]: 直线：yaw_error=-49.80，修正量=0.98
[rtk_nav-4] [INFO] [1770540200.811568113] [rtk_nav]: 直线：yaw_error=-48.39，修正量=0.96
[rtk_nav-4] [INFO] [1770540201.111246307] [rtk_nav]: 直线：yaw_error=-47.36，修正量=0.94
[rtk_nav-4] [INFO] [1770540201.310484125] [rtk_nav]: 直线：yaw_error=-46.03，修正量=0.91
[rtk_nav-4] [INFO] [1770540201.609980706] [rtk_nav]: 直线：yaw_error=-44.84，修正量=0.89
[rtk_nav-4] [INFO] [1770540201.810187365] [rtk_nav]: 直线：yaw_error=-43.57，修正量=0.87
[rtk_nav-4] [INFO] [1770540202.111320281] [rtk_nav]: 直线：yaw_error=-42.37，修正量=0.84
[rtk_nav-4] [INFO] [1770540202.311563005] [rtk_nav]: 直线：yaw_error=-41.68，修正量=0.83
[rtk_nav-4] [INFO] [1770540202.611372151] [rtk_nav]: [ROSNode] 已到达航点2距离阈值（0.08m ≤ 0.1m）
[rtk_nav-4] [INFO] [1770540202.711684580] [rtk_nav]: yaw_error=-61.01，修正量=2.50
[rtk_nav-4] [INFO] [1770540203.610026015] [rtk_nav]: yaw_error=-38.84，修正量=-0.33
[rtk_nav-4] [INFO] [1770540203.810391337] [rtk_nav]: yaw_error=-29.85，修正量=0.15
[rtk_nav-4] [INFO] [1770540204.111810631] [rtk_nav]: yaw_error=-24.96，修正量=0.25
[rtk_nav-4] [INFO] [1770540204.311490978] [rtk_nav]: yaw_error=-21.92，修正量=0.29
[rtk_nav-4] [INFO] [1770540204.611634328] [rtk_nav]: yaw_error=-19.15，修正量=-0.10
[rtk_nav-4] [INFO] [1770540204.810556808] [rtk_nav]: yaw_error=-16.50，修正量=-0.10
[rtk_nav-4] [INFO] [1770540205.111638268] [rtk_nav]: yaw_error=-14.45，修正量=-0.07
[rtk_nav-4] [INFO] [1770540205.311886315] [rtk_nav]: yaw_error=-12.84，修正量=-0.05
[rtk_nav-4] [INFO] [1770540206.609272065] [rtk_nav]: yaw_error=-4.26，修正量=-0.42
[rtk_nav-4] [INFO] [1770540206.810467873] [rtk_nav]: yaw_error=-2.58，修正量=-0.08
[rtk_nav-4] [INFO] [1770540207.110064157] [rtk_nav]: yaw_error=-2.12，修正量=-0.02
[rtk_nav-4] [INFO] [1770540207.310080800] [rtk_nav]: yaw_error=-1.91，修正量=-0.01
[rtk_nav-4] [INFO] [1770540207.610005454] [rtk_nav]: yaw_error=-1.65，修正量=-0.01
[rtk_nav-4] [INFO] [1770540207.811371877] [rtk_nav]: yaw_error=-1.42，修正量=-0.01
[rtk_nav-4] [INFO] [1770540208.110145094] [rtk_nav]: yaw_error=-1.27，修正量=-0.00
[rtk_nav-4] [INFO] [1770540208.310861437] [rtk_nav]: yaw_error=-1.16，修正量=-0.00
[rtk_nav-4] [INFO] [1770540209.111485532] [rtk_nav]: 航向校准完成！误差：0.22°
[rtk_nav-4] [INFO] [1770540209.115291853] [rtk_nav]: [ROSNode] 航点2航向校准完成, 结果：True
[rtk_nav-4] [INFO] [1770540209.119038439] [rtk_nav]: [ROSNode] 切换到新航点3, 准备进入移动阶段
[rtk_nav-4] [INFO] [1770540209.210583533] [rtk_nav]: [航点切换] 进入路段2→3
[rtk_nav-4] [INFO] [1770540209.213745896] [rtk_nav]: [航点切换] 缓存当前文件上一个航点2：(120.07130323, 30.32166287, 12.02)
[rtk_nav-4] [INFO] [1770540209.218191846] [rtk_nav]: 直线：yaw_error=3.59，修正量=-0.03
[rtk_nav-4] [INFO] [1770540209.310526434] [rtk_nav]: [ROSNode] 目标航点3：距离6.87m, IMU航向12.04°, 目标路径航向15.83°, 偏差角3.79°
[rtk_nav-4] [INFO] [1770540209.314151805] [rtk_nav]: 直线：yaw_error=3.79，修正量=-0.01
[rtk_nav-4] [INFO] [1770540210.109441943] [rtk_nav]: 直线：yaw_error=4.01，修正量=-0.01
[rtk_nav-4] [INFO] [1770540211.311655769] [rtk_nav]: 直线：yaw_error=4.68，修正量=-0.01
[rtk_nav-4] [INFO] [1770540211.409950913] [rtk_nav]: [ROSNode] 目标航点3：距离6.57m, IMU航向11.71°, 目标路径航向16.39°, 偏差角4.68°
[rtk_nav-4] [INFO] [1770540214.311364658] [rtk_nav]: 直线：yaw_error=5.23，修正量=-0.01
[rtk_nav-4] [INFO] [1770540214.410750741] [rtk_nav]: [ROSNode] 目标航点3：距离6.14m, IMU航向11.69°, 目标路径航向16.92°, 偏差角5.23°
[rtk_nav-4] [INFO] [1770540217.309971421] [rtk_nav]: 直线：yaw_error=5.99，修正量=-0.01
[rtk_nav-4] [INFO] [1770540217.410048775] [rtk_nav]: [ROSNode] 目标航点3：距离5.70m, IMU航向11.48°, 目标路径航向17.47°, 偏差角5.99°
[rtk_nav-4] [INFO] [1770540218.109970979] [rtk_nav]: 直线：yaw_error=6.12，修正量=-0.01
[rtk_nav-4] [INFO] [1770540220.610255792] [rtk_nav]: 直线：yaw_error=6.66，修正量=-0.02
[rtk_nav-4] [INFO] [1770540220.709834542] [rtk_nav]: [ROSNode] 目标航点3：距离5.23m, IMU航向11.44°, 目标路径航向18.10°, 偏差角6.66°
[rtk_nav-4] [INFO] [1770540223.610045222] [rtk_nav]: 直线：yaw_error=7.44，修正量=-0.02
[rtk_nav-4] [INFO] [1770540223.709860817] [rtk_nav]: [ROSNode] 目标航点3：距离4.80m, IMU航向11.39°, 目标路径航向18.83°, 偏差角7.44°
[rtk_nav-4] [INFO] [1770540226.610124164] [rtk_nav]: 直线：yaw_error=8.22，修正量=-0.02
[rtk_nav-4] [INFO] [1770540226.709559390] [rtk_nav]: [ROSNode] 目标航点3：距离4.36m, IMU航向11.37°, 目标路径航向19.59°, 偏差角8.22°
[rtk_nav-4] [INFO] [1770540229.611270042] [rtk_nav]: 直线：yaw_error=8.97，修正量=-0.02
[rtk_nav-4] [INFO] [1770540229.712886364] [rtk_nav]: [ROSNode] 目标航点3：距离3.94m, IMU航向11.55°, 目标路径航向20.52°, 偏差角8.97°
[rtk_nav-4] [INFO] [1770540232.310311611] [rtk_nav]: 直线：yaw_error=10.00，修正量=-0.03
[rtk_nav-4] [INFO] [1770540232.410188046] [rtk_nav]: [ROSNode] 目标航点3：距离3.52m, IMU航向11.70°, 目标路径航向21.70°, 偏差角10.00°
[rtk_nav-4] [INFO] [1770540233.610301246] [rtk_nav]: 直线：yaw_error=9.88，修正量=-0.02
[rtk_nav-4] [INFO] [1770540235.811601870] [rtk_nav]: 直线：yaw_error=11.40，修正量=-0.03
[rtk_nav-4] [INFO] [1770540235.910413418] [rtk_nav]: [ROSNode] 目标航点3：距离3.04m, IMU航向11.95°, 目标路径航向23.35°, 偏差角11.40°
[rtk_nav-4] [INFO] [1770540238.810908218] [rtk_nav]: 直线：yaw_error=13.52，修正量=-0.04
[rtk_nav-4] [INFO] [1770540238.910394206] [rtk_nav]: [ROSNode] 目标航点3：距离2.61m, IMU航向11.89°, 目标路径航向25.41°, 偏差角13.52°
[rtk_nav-4] [INFO] [1770540241.809847715] [rtk_nav]: 直线：yaw_error=15.91，修正量=-0.05
[rtk_nav-4] [INFO] [1770540241.909611580] [rtk_nav]: [ROSNode] 目标航点3：距离2.17m, IMU航向12.22°, 目标路径航向28.13°, 偏差角15.91°
[rtk_nav-4] [INFO] [1770540243.111397206] [rtk_nav]: 直线：yaw_error=15.74，修正量=-0.03
[rtk_nav-4] [INFO] [1770540245.310773954] [rtk_nav]: 直线：yaw_error=19.79，修正量=-0.06
[rtk_nav-4] [INFO] [1770540245.410544026] [rtk_nav]: [ROSNode] 目标航点3：距离1.69m, IMU航向12.80°, 目标路径航向32.59°, 偏差角19.79°
[rtk_nav-4] [INFO] [1770540246.311774777] [rtk_nav]: 直线：yaw_error=19.59，修正量=-0.04
[rtk_nav-4] [INFO] [1770540248.609910238] [rtk_nav]: 直线：yaw_error=26.22，修正量=-0.56
[rtk_nav-4] [INFO] [1770540248.710527957] [rtk_nav]: [ROSNode] 目标航点3：距离1.25m, IMU航向13.47°, 目标路径航向39.69°, 偏差角26.22°
[rtk_nav-4] [INFO] [1770540248.811353259] [rtk_nav]: 直线：yaw_error=26.49，修正量=-0.53
[rtk_nav-4] [INFO] [1770540249.611162312] [rtk_nav]: 直线：yaw_error=24.88，修正量=-0.49
[rtk_nav-4] [INFO] [1770540249.811269701] [rtk_nav]: 直线：yaw_error=24.17，修正量=-0.48
[rtk_nav-4] [INFO] [1770540250.109798871] [rtk_nav]: 直线：yaw_error=23.65，修正量=-0.47
[rtk_nav-4] [INFO] [1770540250.309749755] [rtk_nav]: 直线：yaw_error=23.01，修正量=-0.46
[rtk_nav-4] [INFO] [1770540250.609941276] [rtk_nav]: 直线：yaw_error=22.41，修正量=-0.45
[rtk_nav-4] [INFO] [1770540250.810159871] [rtk_nav]: 直线：yaw_error=21.84，修正量=-0.43
[rtk_nav-4] [INFO] [1770540251.111034826] [rtk_nav]: 直线：yaw_error=21.25，修正量=-0.42
[rtk_nav-4] [INFO] [1770540251.310517959] [rtk_nav]: 直线：yaw_error=20.67，修正量=-0.41
[rtk_nav-4] [INFO] [1770540251.610966883] [rtk_nav]: 直线：yaw_error=21.76，修正量=-0.44
[rtk_nav-4] [INFO] [1770540251.710526109] [rtk_nav]: [ROSNode] 目标航点3：距离1.07m, IMU航向19.41°, 目标路径航向41.17°, 偏差角21.76°
[rtk_nav-4] [INFO] [1770540252.311202502] [rtk_nav]: 直线：yaw_error=19.41，修正量=-0.03
[rtk_nav-4] [INFO] [1770540252.609912818] [rtk_nav]: 直线：yaw_error=18.89，修正量=-0.04
[rtk_nav-4] [INFO] [1770540254.809887238] [rtk_nav]: 直线：yaw_error=19.83，修正量=-0.05
[rtk_nav-4] [INFO] [1770540254.909549170] [rtk_nav]: [ROSNode] 目标航点3：距离0.89m, IMU航向22.70°, 目标路径航向42.53°, 偏差角19.83°
[rtk_nav-4] [INFO] [1770540255.810001114] [rtk_nav]: 直线：yaw_error=19.56，修正量=-0.04
[rtk_nav-4] [INFO] [1770540257.809871071] [rtk_nav]: 直线：yaw_error=21.21，修正量=-0.43
[rtk_nav-4] [INFO] [1770540257.909565278] [rtk_nav]: [ROSNode] 目标航点3：距离0.76m, IMU航向23.24°, 目标路径航向44.45°, 偏差角21.21°
[rtk_nav-4] [INFO] [1770540258.811298077] [rtk_nav]: 直线：yaw_error=19.68，修正量=-0.03
[rtk_nav-4] [INFO] [1770540259.109809732] [rtk_nav]: 直线：yaw_error=19.15，修正量=-0.04
[rtk_nav-4] [INFO] [1770540259.311847878] [rtk_nav]: 直线：yaw_error=19.04，修正量=-0.04
[rtk_nav-4] [INFO] [1770540261.111488487] [rtk_nav]: 直线：yaw_error=22.91，修正量=-0.48
[rtk_nav-4] [INFO] [1770540262.112936793] [rtk_nav]: 直线：yaw_error=21.12，修正量=-0.41
[rtk_nav-4] [INFO] [1770540262.312018186] [rtk_nav]: 直线：yaw_error=20.53，修正量=-0.41
[rtk_nav-4] [INFO] [1770540262.611818158] [rtk_nav]: 直线：yaw_error=20.08，修正量=-0.40
[rtk_nav-4] [INFO] [1770540262.812602743] [rtk_nav]: 直线：yaw_error=19.54，修正量=-0.04
[rtk_nav-4] [INFO] [1770540263.111301156] [rtk_nav]: 直线：yaw_error=19.01，修正量=-0.04
[rtk_nav-4] [INFO] [1770540263.309740392] [rtk_nav]: 直线：yaw_error=18.86，修正量=-0.04
[rtk_nav-4] [INFO] [1770540264.311021644] [rtk_nav]: 直线：yaw_error=20.49，修正量=-0.42
[rtk_nav-4] [INFO] [1770540264.410370042] [rtk_nav]: [ROSNode] 目标航点3：距离0.57m, IMU航向30.01°, 目标路径航向50.50°, 偏差角20.49°
[rtk_nav-4] [INFO] [1770540265.309900142] [rtk_nav]: 直线：yaw_error=18.85，修正量=-0.03
[rtk_nav-4] [INFO] [1770540265.609880558] [rtk_nav]: 直线：yaw_error=18.36，修正量=-0.03
[rtk_nav-4] [INFO] [1770540267.609876305] [rtk_nav]: 直线：yaw_error=20.05，修正量=-0.41
[rtk_nav-4] [INFO] [1770540268.609940703] [rtk_nav]: 直线：yaw_error=18.51，修正量=-0.03
[rtk_nav-4] [INFO] [1770540268.809846559] [rtk_nav]: 直线：yaw_error=17.98，修正量=-0.03
[rtk_nav-4] [INFO] [1770540269.109984210] [rtk_nav]: 直线：yaw_error=17.83，修正量=-0.03
[rtk_nav-4] [INFO] [1770540270.811300912] [rtk_nav]: 直线：yaw_error=19.97，修正量=-0.05
[rtk_nav-4] [INFO] [1770540270.910601257] [rtk_nav]: [ROSNode] 目标航点3：距离0.38m, IMU航向34.97°, 目标路径航向54.94°, 偏差角19.97°
[rtk_nav-4] [INFO] [1770540271.811381394] [rtk_nav]: 直线：yaw_error=19.59，修正量=-0.04
[rtk_nav-4] [INFO] [1770540273.111251053] [rtk_nav]: 直线：yaw_error=19.13，修正量=-0.04
[rtk_nav-4] [INFO] [1770540274.311353441] [rtk_nav]: 直线：yaw_error=22.98，修正量=-0.48
[rtk_nav-4] [INFO] [1770540275.111268299] [rtk_nav]: 直线：yaw_error=21.50，修正量=-0.42
[rtk_nav-4] [INFO] [1770540275.311458373] [rtk_nav]: 直线：yaw_error=20.87，修正量=-0.41
[rtk_nav-4] [INFO] [1770540275.611303935] [rtk_nav]: 直线：yaw_error=20.27，修正量=-0.40
[rtk_nav-4] [INFO] [1770540275.810792556] [rtk_nav]: 直线：yaw_error=19.82，修正量=-0.04
[rtk_nav-4] [INFO] [1770540276.111312081] [rtk_nav]: 直线：yaw_error=19.26，修正量=-0.04
[rtk_nav-4] [INFO] [1770540276.311875453] [rtk_nav]: 直线：yaw_error=19.12，修正量=-0.04
[rtk_nav-4] [INFO] [1770540277.311384520] [rtk_nav]: 直线：yaw_error=19.08，修正量=-0.04
[rtk_nav-4] [INFO] [1770540277.410525087] [rtk_nav]: [ROSNode] 目标航点3：距离0.24m, IMU航向40.18°, 目标路径航向59.26°, 偏差角19.08°
[rtk_nav-4] [INFO] [1770540278.111280769] [rtk_nav]: 直线：yaw_error=18.75，修正量=-0.04
[rtk_nav-4] [INFO] [1770540279.810910974] [rtk_nav]: 直线：yaw_error=19.24，修正量=-0.04
[rtk_nav-4] [INFO] [1770540280.809829598] [rtk_nav]: 直线：yaw_error=19.01，修正量=-0.04
[rtk_nav-4] [INFO] [1770540282.810032453] [rtk_nav]: 直线：yaw_error=26.76，修正量=-0.58
[rtk_nav-4] [INFO] [1770540284.111193217] [rtk_nav]: 直线：yaw_error=23.55，修正量=-0.45
[rtk_nav-4] [INFO] [1770540284.311062463] [rtk_nav]: 直线：yaw_error=22.78，修正量=-0.45
[rtk_nav-4] [INFO] [1770540284.611139614] [rtk_nav]: 直线：yaw_error=22.22，修正量=-0.44
[rtk_nav-4] [INFO] [1770540284.811654384] [rtk_nav]: 直线：yaw_error=21.61，修正量=-0.43
[rtk_nav-4] [INFO] [1770540285.111727172] [rtk_nav]: 直线：yaw_error=20.98，修正量=-0.42
[rtk_nav-4] [INFO] [1770540285.311275988] [rtk_nav]: 直线：yaw_error=20.37，修正量=-0.40
[rtk_nav-4] [INFO] [1770540285.610084533] [rtk_nav]: 直线：yaw_error=19.76，修正量=-0.04
[rtk_nav-4] [INFO] [1770540285.809956103] [rtk_nav]: 直线：yaw_error=19.20，修正量=-0.04
[rtk_nav-4] [INFO] [1770540286.109948308] [rtk_nav]: 直线：yaw_error=19.03，修正量=-0.04
[rtk_nav-4] [INFO] [1770540286.311698944] [rtk_nav]: [ROSNode] 已到达航点3距离阈值（0.07m ≤ 0.1m）
[rtk_nav-4] [INFO] [1770540286.409573230] [rtk_nav]: [ROSNode] 目标航点3：距离0.07m, IMU航向49.39°, 目标路径航向55.28°, 偏差角5.89°
[rtk_nav-4] [INFO] [1770540286.412437101] [rtk_nav]: yaw_error=52.74，修正量=-2.50
[rtk_nav-4] [INFO] [1770540287.311169446] [rtk_nav]: yaw_error=40.65，修正量=-0.21
[rtk_nav-4] [INFO] [1770540287.611495241] [rtk_nav]: yaw_error=35.81，修正量=-0.47
[rtk_nav-4] [INFO] [1770540287.811669879] [rtk_nav]: yaw_error=32.76，修正量=-0.50
[rtk_nav-4] [INFO] [1770540288.111724279] [rtk_nav]: yaw_error=28.82，修正量=-0.38
[rtk_nav-4] [INFO] [1770540288.311189079] [rtk_nav]: yaw_error=25.05，修正量=-0.31
[rtk_nav-4] [INFO] [1770540288.611405283] [rtk_nav]: yaw_error=21.75，修正量=-0.27
[rtk_nav-4] [INFO] [1770540288.809976607] [rtk_nav]: yaw_error=18.87，修正量=0.11
[rtk_nav-4] [INFO] [1770540289.111704600] [rtk_nav]: yaw_error=16.11，修正量=0.11
[rtk_nav-4] [INFO] [1770540289.311378912] [rtk_nav]: yaw_error=14.98，修正量=0.03
[rtk_nav-4] [INFO] [1770540290.611596019] [rtk_nav]: yaw_error=5.51，修正量=0.46
[rtk_nav-4] [INFO] [1770540290.811540155] [rtk_nav]: yaw_error=3.86，修正量=0.07
[rtk_nav-4] [INFO] [1770540291.111508423] [rtk_nav]: yaw_error=2.86，修正量=0.04
[rtk_nav-4] [INFO] [1770540291.312659143] [rtk_nav]: yaw_error=2.62，修正量=0.01
[rtk_nav-4] [INFO] [1770540291.610008270] [rtk_nav]: yaw_error=2.32，修正量=0.01
[rtk_nav-4] [INFO] [1770540291.810063861] [rtk_nav]: yaw_error=2.08，修正量=0.01
[rtk_nav-4] [INFO] [1770540292.110020894] [rtk_nav]: yaw_error=1.74，修正量=0.01
[rtk_nav-4] [INFO] [1770540292.310036098] [rtk_nav]: yaw_error=1.48，修正量=0.01
[rtk_nav-4] [INFO] [1770540292.609888003] [rtk_nav]: yaw_error=1.22，修正量=0.01
[rtk_nav-4] [INFO] [1770540294.111311693] [rtk_nav]: 航向校准完成！误差：0.47°
[rtk_nav-4] [INFO] [1770540294.115086179] [rtk_nav]: [ROSNode] 航点3航向校准完成, 结果：True
[rtk_nav-4] [INFO] [1770540294.119133823] [rtk_nav]: [ROSNode] 切换到新航点4, 准备进入移动阶段
[rtk_nav-4] [INFO] [1770540294.210318763] [rtk_nav]: [航点切换] 进入路段3→4
[rtk_nav-4] [INFO] [1770540294.213624774] [rtk_nav]: [航点切换] 缓存当前文件上一个航点3：(120.07131813, 30.32172329, 102.13)
[rtk_nav-4] [INFO] [1770540294.218209148] [rtk_nav]: 直线：yaw_error=-19.12，修正量=0.14
[rtk_nav-4] [INFO] [1770540294.310402397] [rtk_nav]: [ROSNode] 目标航点4：距离0.81m, IMU航向102.89°, 目标路径航向83.48°, 偏差角-19.41°
[rtk_nav-4] [INFO] [1770540294.314649821] [rtk_nav]: 直线：yaw_error=-19.41，修正量=0.04
[rtk_nav-4] [INFO] [1770540294.611357251] [rtk_nav]: 直线：yaw_error=-19.57，修正量=0.04
[rtk_nav-4] [INFO] [1770540294.811307293] [rtk_nav]: 直线：yaw_error=-19.86，修正量=0.04
[rtk_nav-4] [INFO] [1770540295.111240331] [rtk_nav]: 直线：yaw_error=-20.04，修正量=0.40
[rtk_nav-4] [INFO] [1770540295.609949145] [rtk_nav]: 直线：yaw_error=-19.91，修正量=0.04
[rtk_nav-4] [INFO] [1770540295.809882116] [rtk_nav]: 直线：yaw_error=-19.61，修正量=0.04
[rtk_nav-4] [INFO] [1770540296.109963815] [rtk_nav]: 直线：yaw_error=-21.72，修正量=0.44
[rtk_nav-4] [INFO] [1770540297.109898043] [rtk_nav]: 直线：yaw_error=-19.76，修正量=0.03
[rtk_nav-4] [INFO] [1770540297.309632636] [rtk_nav]: 直线：yaw_error=-19.19，修正量=0.04
[rtk_nav-4] [INFO] [1770540297.609946816] [rtk_nav]: 直线：yaw_error=-19.05，修正量=0.04
[rtk_nav-4] [INFO] [1770540299.309918354] [rtk_nav]: 直线：yaw_error=-20.35，修正量=0.41
[rtk_nav-4] [INFO] [1770540299.409456610] [rtk_nav]: [ROSNode] 目标航点4：距离0.64m, IMU航向100.24°, 目标路径航向79.89°, 偏差角-20.35°
[rtk_nav-4] [INFO] [1770540300.310135958] [rtk_nav]: 直线：yaw_error=-18.62，修正量=0.03
[rtk_nav-4] [INFO] [1770540300.609904036] [rtk_nav]: 直线：yaw_error=-18.13，修正量=0.03
[rtk_nav-4] [INFO] [1770540302.311299216] [rtk_nav]: 直线：yaw_error=-18.69，修正量=0.04
[rtk_nav-4] [INFO] [1770540303.109851748] [rtk_nav]: 直线：yaw_error=-18.45，修正量=0.04
[rtk_nav-4] [INFO] [1770540305.311309290] [rtk_nav]: 直线：yaw_error=-21.06，修正量=0.44
[rtk_nav-4] [INFO] [1770540305.410542169] [rtk_nav]: [ROSNode] 目标航点4：距离0.48m, IMU航向97.12°, 目标路径航向76.06°, 偏差角-21.06°
[rtk_nav-4] [INFO] [1770540306.310475313] [rtk_nav]: 直线：yaw_error=-19.17，修正量=0.03
[rtk_nav-4] [INFO] [1770540306.611793098] [rtk_nav]: 直线：yaw_error=-18.64，修正量=0.03
[rtk_nav-4] [INFO] [1770540308.610080339] [rtk_nav]: 直线：yaw_error=-18.59，修正量=0.04
[rtk_nav-4] [INFO] [1770540309.609887903] [rtk_nav]: 直线：yaw_error=-18.31，修正量=0.04
[rtk_nav-4] [INFO] [1770540312.111300154] [rtk_nav]: 直线：yaw_error=-20.47，修正量=0.42
[rtk_nav-4] [INFO] [1770540312.210427174] [rtk_nav]: [ROSNode] 目标航点4：距离0.34m, IMU航向93.74°, 目标路径航向73.27°, 偏差角-20.47°
[rtk_nav-4] [INFO] [1770540313.109915548] [rtk_nav]: 直线：yaw_error=-18.82，修正量=0.03
[rtk_nav-4] [INFO] [1770540313.309898896] [rtk_nav]: 直线：yaw_error=-18.27，修正量=0.03
[rtk_nav-4] [INFO] [1770540313.609902991] [rtk_nav]: 直线：yaw_error=-18.16，修正量=0.04
[rtk_nav-4] [INFO] [1770540315.311263554] [rtk_nav]: 直线：yaw_error=-16.98，修正量=0.03
[rtk_nav-4] [INFO] [1770540316.312088258] [rtk_nav]: 直线：yaw_error=-16.77，修正量=0.03
[rtk_nav-4] [INFO] [1770540318.611208970] [rtk_nav]: 直线：yaw_error=-18.29，修正量=0.05
[rtk_nav-4] [INFO] [1770540318.810973695] [rtk_nav]: 直线：yaw_error=-18.65，修正量=0.04
[rtk_nav-4] [INFO] [1770540319.611336510] [rtk_nav]: 直线：yaw_error=-18.47，修正量=0.04
[rtk_nav-4] [INFO] [1770540322.111223310] [rtk_nav]: 直线：yaw_error=-20.66，修正量=0.43
[rtk_nav-4] [INFO] [1770540322.210552887] [rtk_nav]: [ROSNode] 目标航点4：距离0.20m, IMU航向90.01°, 目标路径航向69.35°, 偏差角-20.66°
[rtk_nav-4] [INFO] [1770540323.109913731] [rtk_nav]: 直线：yaw_error=-18.89，修正量=0.03
[rtk_nav-4] [INFO] [1770540323.311831898] [rtk_nav]: 直线：yaw_error=-18.30，修正量=0.03
[rtk_nav-4] [INFO] [1770540323.609961395] [rtk_nav]: 直线：yaw_error=-18.13，修正量=0.04
[rtk_nav-4] [INFO] [1770540324.309947540] [rtk_nav]: 直线：yaw_error=-17.86，修正量=0.04
[rtk_nav-4] [INFO] [1770540325.309941965] [rtk_nav]: 直线：yaw_error=-17.39，修正量=0.03
[rtk_nav-4] [INFO] [1770540326.310306597] [rtk_nav]: 直线：yaw_error=-17.08，修正量=0.03
[rtk_nav-4] [INFO] [1770540328.810878238] [rtk_nav]: 直线：yaw_error=-20.53，修正量=0.43
[rtk_nav-4] [INFO] [1770540329.610582695] [rtk_nav]: 直线：yaw_error=-19.34，修正量=0.03
[sensors_485-3] [WARN] [1770540329.660418866] [Sensors_485_node]: IO: CRC check failed
[rtk_nav-4] [INFO] [1770540329.810490047] [rtk_nav]: 直线：yaw_error=-18.80，修正量=0.03
[rtk_nav-4] [INFO] [1770540330.111308312] [rtk_nav]: 直线：yaw_error=-18.68，修正量=0.04
[rtk_nav-4] [INFO] [1770540332.111069987] [rtk_nav]: [ROSNode] 已到达航点4距离阈值（0.07m ≤ 0.1m）
[rtk_nav-4] [INFO] [1770540332.210367768] [rtk_nav]: [ROSNode] 目标航点4：距离0.07m, IMU航向84.31°, 目标路径航向65.79°, 偏差角-18.52°
[rtk_nav-4] [INFO] [1770540332.214944294] [rtk_nav]: yaw_error=107.71，修正量=-2.50
[rtk_nav-4] [INFO] [1770540333.111579332] [rtk_nav]: yaw_error=89.86，修正量=-2.50
[rtk_nav-4] [INFO] [1770540333.311481447] [rtk_nav]: yaw_error=82.89，修正量=-2.50
[rtk_nav-4] [INFO] [1770540333.609973066] [rtk_nav]: yaw_error=74.10，修正量=-2.50
[rtk_nav-4] [INFO] [1770540333.810024312] [rtk_nav]: yaw_error=65.12，修正量=-2.50
[rtk_nav-4] [INFO] [1770540334.109942789] [rtk_nav]: yaw_error=56.11，修正量=-0.67
[rtk_nav-4] [INFO] [1770540334.309885719] [rtk_nav]: yaw_error=47.08，修正量=-0.49
[rtk_nav-4] [INFO] [1770540334.610107492] [rtk_nav]: yaw_error=40.20，修正量=-0.46
[rtk_nav-4] [INFO] [1770540334.809966110] [rtk_nav]: yaw_error=35.90，修正量=-0.50
[rtk_nav-4] [INFO] [1770540335.111685747] [rtk_nav]: yaw_error=34.99，修正量=-0.65
[rtk_nav-4] [INFO] [1770540336.110074834] [rtk_nav]: yaw_error=15.26，修正量=0.96
[rtk_nav-4] [INFO] [1770540336.310788422] [rtk_nav]: yaw_error=11.21，修正量=0.18
[rtk_nav-4] [INFO] [1770540336.611468793] [rtk_nav]: yaw_error=9.65，修正量=0.06
[rtk_nav-4] [INFO] [1770540336.811483010] [rtk_nav]: yaw_error=8.21，修正量=0.06
[rtk_nav-4] [INFO] [1770540337.111481450] [rtk_nav]: yaw_error=6.63，修正量=0.07
[rtk_nav-4] [INFO] [1770540337.311518007] [rtk_nav]: yaw_error=5.04，修正量=0.07
[rtk_nav-4] [INFO] [1770540337.611379112] [rtk_nav]: yaw_error=3.47，修正量=0.07
[rtk_nav-4] [INFO] [1770540337.811498729] [rtk_nav]: yaw_error=2.59，修正量=0.04
[rtk_nav-4] [INFO] [1770540338.810135444] [rtk_nav]: 航向校准完成！误差：0.41°
[rtk_nav-4] [INFO] [1770540338.812197561] [rtk_nav]: [ROSNode] 航点4航向校准完成, 结果：True
[rtk_nav-4] [INFO] [1770540338.814525438] [rtk_nav]: [ROSNode] 切换到新航点5, 准备进入移动阶段
[rtk_nav-4] [INFO] [1770540338.910391751] [rtk_nav]: [航点切换] 进入路段4→5
[rtk_nav-4] [INFO] [1770540338.914338735] [rtk_nav]: [航点切换] 缓存当前文件上一个航点4：(120.07132846, 30.32172137, 192.02)
[rtk_nav-4] [INFO] [1770540338.919812491] [rtk_nav]: 直线：yaw_error=-0.91，修正量=0.02
[rtk_nav-4] [INFO] [1770540339.010615886] [rtk_nav]: [ROSNode] 目标航点5：距离6.16m, IMU航向-168.39°, 目标路径航向-169.30°, 偏差角-0.91°
[rtk_nav-4] [INFO] [1770540339.111013976] [rtk_nav]: 直线：yaw_error=-1.08，修正量=0.00
[rtk_nav-4] [INFO] [1770540339.310965066] [rtk_nav]: 直线：yaw_error=-1.51，修正量=0.01
[rtk_nav-4] [INFO] [1770540339.611088540] [rtk_nav]: 直线：yaw_error=-1.92，修正量=0.01
[rtk_nav-4] [INFO] [1770540339.811132133] [rtk_nav]: 直线：yaw_error=-2.04，修正量=0.00
[rtk_nav-4] [INFO] [1770540340.811171471] [rtk_nav]: 直线：yaw_error=-2.28，修正量=0.01
[rtk_nav-4] [INFO] [1770540340.910347676] [rtk_nav]: [ROSNode] 目标航点5：距离5.91m, IMU航向-167.14°, 目标路径航向-169.42°, 偏差角-2.28°
[rtk_nav-4] [INFO] [1770540343.811347250] [rtk_nav]: 直线：yaw_error=-2.51，修正量=0.01
[rtk_nav-4] [INFO] [1770540343.910458596] [rtk_nav]: [ROSNode] 目标航点5：距离5.49m, IMU航向-167.17°, 目标路径航向-169.68°, 偏差角-2.51°
[rtk_nav-4] [INFO] [1770540346.611229343] [rtk_nav]: 直线：yaw_error=-2.76，修正量=0.01
[rtk_nav-4] [INFO] [1770540346.710469765] [rtk_nav]: [ROSNode] 目标航点5：距离5.09m, IMU航向-167.17°, 目标路径航向-169.93°, 偏差角-2.76°
[rtk_nav-4] [INFO] [1770540349.811295595] [rtk_nav]: 直线：yaw_error=-2.94，修正量=0.01
[rtk_nav-4] [INFO] [1770540349.910816022] [rtk_nav]: [ROSNode] 目标航点5：距离4.63m, IMU航向-167.26°, 目标路径航向-170.20°, 偏差角-2.94°
[rtk_nav-4] [INFO] [1770540352.611328059] [rtk_nav]: 直线：yaw_error=-3.15，修正量=0.01
[rtk_nav-4] [INFO] [1770540352.710428686] [rtk_nav]: [ROSNode] 目标航点5：距离4.22m, IMU航向-167.31°, 目标路径航向-170.46°, 偏差角-3.15°
[rtk_nav-4] [INFO] [1770540355.309889719] [rtk_nav]: 直线：yaw_error=-3.32，修正量=0.01
[rtk_nav-4] [INFO] [1770540355.410405987] [rtk_nav]: [ROSNode] 目标航点5：距离3.79m, IMU航向-167.34°, 目标路径航向-170.66°, 偏差角-3.32°
[rtk_nav-4] [INFO] [1770540358.310932341] [rtk_nav]: 直线：yaw_error=-3.87，修正量=0.01
[rtk_nav-4] [INFO] [1770540358.410467912] [rtk_nav]: [ROSNode] 目标航点5：距离3.35m, IMU航向-167.33°, 目标路径航向-171.20°, 偏差角-3.87°
[rtk_nav-4] [INFO] [1770540361.810393340] [rtk_nav]: 直线：yaw_error=-4.36，修正量=0.01
[rtk_nav-4] [INFO] [1770540361.910522198] [rtk_nav]: [ROSNode] 目标航点5：距离2.84m, IMU航向-167.33°, 目标路径航向-171.69°, 偏差角-4.36°
[rtk_nav-4] [INFO] [1770540365.311706486] [rtk_nav]: 直线：yaw_error=-5.17，修正量=0.01
[rtk_nav-4] [INFO] [1770540365.410465646] [rtk_nav]: [ROSNode] 目标航点5：距离2.35m, IMU航向-167.43°, 目标路径航向-172.60°, 偏差角-5.17°
[rtk_nav-4] [INFO] [1770540367.809847629] [rtk_nav]: 直线：yaw_error=-4.98，修正量=0.01
[rtk_nav-4] [INFO] [1770540368.310091923] [rtk_nav]: 直线：yaw_error=-5.98，修正量=0.02
[rtk_nav-4] [INFO] [1770540368.409510647] [rtk_nav]: [ROSNode] 目标航点5：距离1.91m, IMU航向-167.66°, 目标路径航向-173.64°, 偏差角-5.98°
[rtk_nav-4] [INFO] [1770540371.611234404] [rtk_nav]: 直线：yaw_error=-7.71，修正量=0.02
[rtk_nav-4] [INFO] [1770540371.711037681] [rtk_nav]: [ROSNode] 目标航点5：距离1.45m, IMU航向-167.74°, 目标路径航向-175.45°, 偏差角-7.71°
[rtk_nav-4] [INFO] [1770540374.610232994] [rtk_nav]: 直线：yaw_error=-9.12，修正量=0.03
[rtk_nav-4] [INFO] [1770540374.709615749] [rtk_nav]: [ROSNode] 目标航点5：距离1.20m, IMU航向-167.90°, 目标路径航向-177.02°, 偏差角-9.12°
[rtk_nav-4] [INFO] [1770540377.611501095] [rtk_nav]: 直线：yaw_error=-10.49，修正量=0.03
[rtk_nav-4] [INFO] [1770540377.710625454] [rtk_nav]: [ROSNode] 目标航点5：距离1.02m, IMU航向-168.15°, 目标路径航向-178.64°, 偏差角-10.49°
[rtk_nav-4] [INFO] [1770540378.809791179] [rtk_nav]: 直线：yaw_error=-10.33，修正量=0.02
[rtk_nav-4] [INFO] [1770540381.111216403] [rtk_nav]: 直线：yaw_error=-12.01，修正量=0.03
[rtk_nav-4] [INFO] [1770540381.210497833] [rtk_nav]: [ROSNode] 目标航点5：距离0.84m, IMU航向-168.48°, 目标路径航向179.51°, 偏差角-12.01°
[rtk_nav-4] [INFO] [1770540384.309933093] [rtk_nav]: 直线：yaw_error=-13.94，修正量=0.04
[rtk_nav-4] [INFO] [1770540384.410483092] [rtk_nav]: [ROSNode] 目标航点5：距离0.71m, IMU航向-168.68°, 目标路径航向177.38°, 偏差角-13.94°
[rtk_nav-4] [INFO] [1770540385.310011509] [rtk_nav]: 直线：yaw_error=-13.84，修正量=0.03
[rtk_nav-4] [INFO] [1770540387.309822461] [rtk_nav]: 直线：yaw_error=-15.71，修正量=0.04
[rtk_nav-4] [INFO] [1770540387.410463639] [rtk_nav]: [ROSNode] 目标航点5：距离0.61m, IMU航向-168.91°, 目标路径航向175.38°, 偏差角-15.71°
[rtk_nav-4] [INFO] [1770540388.311217516] [rtk_nav]: 直线：yaw_error=-15.39，修正量=0.03
[rtk_nav-4] [INFO] [1770540390.811035048] [rtk_nav]: 直线：yaw_error=-18.10，修正量=0.05
[rtk_nav-4] [INFO] [1770540390.910660996] [rtk_nav]: [ROSNode] 目标航点5：距离0.50m, IMU航向-169.45°, 目标路径航向172.45°, 偏差角-18.10°
[rtk_nav-4] [INFO] [1770540391.811020099] [rtk_nav]: 直线：yaw_error=-17.76，修正量=0.03
[rtk_nav-4] [INFO] [1770540394.109847426] [rtk_nav]: 直线：yaw_error=-20.07，修正量=0.41
[rtk_nav-4] [INFO] [1770540395.111283125] [rtk_nav]: 直线：yaw_error=-18.47，修正量=0.03
[rtk_nav-4] [INFO] [1770540395.311558205] [rtk_nav]: 直线：yaw_error=-17.91，修正量=0.03
[rtk_nav-4] [INFO] [1770540395.609914154] [rtk_nav]: 直线：yaw_error=-17.79，修正量=0.03
[rtk_nav-4] [INFO] [1770540397.309971554] [rtk_nav]: 直线：yaw_error=-18.32，修正量=0.04
[rtk_nav-4] [INFO] [1770540397.409519685] [rtk_nav]: [ROSNode] 目标航点5：距离0.36m, IMU航向-172.61°, 目标路径航向169.07°, 偏差角-18.32°
[rtk_nav-4] [INFO] [1770540397.609935441] [rtk_nav]: 直线：yaw_error=-18.58，修正量=0.04
[rtk_nav-4] [INFO] [1770540398.109815140] [rtk_nav]: 直线：yaw_error=-18.32，修正量=0.04
[rtk_nav-4] [INFO] [1770540400.309838271] [rtk_nav]: 直线：yaw_error=-19.76，修正量=0.05
[rtk_nav-4] [INFO] [1770540401.310416332] [rtk_nav]: 直线：yaw_error=-19.47，修正量=0.04
[rtk_nav-4] [INFO] [1770540403.309726216] [rtk_nav]: 直线：yaw_error=-21.77，修正量=0.45
[rtk_nav-4] [INFO] [1770540404.309863477] [rtk_nav]: 直线：yaw_error=-19.88，修正量=0.03
[rtk_nav-4] [INFO] [1770540404.610028157] [rtk_nav]: 直线：yaw_error=-19.38，修正量=0.04
[rtk_nav-4] [INFO] [1770540406.111234059] [rtk_nav]: 直线：yaw_error=-18.07，修正量=0.03
[rtk_nav-4] [INFO] [1770540406.210436706] [rtk_nav]: [ROSNode] 目标航点5：距离0.23m, IMU航向-176.57°, 目标路径航向165.36°, 偏差角-18.07°
[rtk_nav-4] [INFO] [1770540406.312075166] [rtk_nav]: 直线：yaw_error=-17.90，修正量=0.03
[rtk_nav-4] [INFO] [1770540407.111038246] [rtk_nav]: 直线：yaw_error=-17.62，修正量=0.03
[rtk_nav-4] [INFO] [1770540408.810935704] [rtk_nav]: 直线：yaw_error=-17.22，修正量=0.03
[rtk_nav-4] [INFO] [1770540409.311073773] [rtk_nav]: 直线：yaw_error=-19.92，修正量=0.05
[rtk_nav-4] [INFO] [1770540410.111029332] [rtk_nav]: 直线：yaw_error=-19.65，修正量=0.04
[rtk_nav-4] [INFO] [1770540412.109906499] [rtk_nav]: 直线：yaw_error=-22.70，修正量=0.47
[rtk_nav-4] [INFO] [1770540412.310033186] [rtk_nav]: 直线：yaw_error=-23.07，修正量=0.46
[rtk_nav-4] [INFO] [1770540413.109887424] [rtk_nav]: 直线：yaw_error=-21.27，修正量=0.42
[rtk_nav-4] [INFO] [1770540413.309843606] [rtk_nav]: 直线：yaw_error=-20.64，修正量=0.41
[rtk_nav-4] [INFO] [1770540413.611230546] [rtk_nav]: 直线：yaw_error=-20.17，修正量=0.40
[rtk_nav-4] [INFO] [1770540413.809844206] [rtk_nav]: 直线：yaw_error=-19.63，修正量=0.04
[rtk_nav-4] [INFO] [1770540414.109916387] [rtk_nav]: 直线：yaw_error=-19.04，修正量=0.04
[rtk_nav-4] [INFO] [1770540414.310093569] [rtk_nav]: 直线：yaw_error=-18.91，修正量=0.04
[rtk_nav-4] [INFO] [1770540415.111245081] [rtk_nav]: 直线：yaw_error=-11.34，修正量=-0.01
[rtk_nav-4] [INFO] [1770540415.210283496] [rtk_nav]: [ROSNode] 目标航点5：距离0.12m, IMU航向177.84°, 目标路径航向166.50°, 偏差角-11.34°
[rtk_nav-4] [INFO] [1770540415.311045311] [rtk_nav]: 直线：yaw_error=-11.09，修正量=0.02
[rtk_nav-4] [INFO] [1770540416.109926737] [rtk_nav]: 直线：yaw_error=-10.94，修正量=0.02
[rtk_nav-4] [INFO] [1770540418.109825575] [rtk_nav]: [ROSNode] 已到达航点5距离阈值（0.08m ≤ 0.1m）
[rtk_nav-4] [INFO] [1770540418.210099054] [rtk_nav]: yaw_error=-75.42，修正量=2.50
[rtk_nav-4] [INFO] [1770540419.109942329] [rtk_nav]: yaw_error=-57.19，修正量=0.23
[rtk_nav-4] [INFO] [1770540419.309977055] [rtk_nav]: yaw_error=-48.33，修正量=0.52
[rtk_nav-4] [INFO] [1770540419.611551205] [rtk_nav]: yaw_error=-43.30，修正量=0.61
[rtk_nav-4] [INFO] [1770540419.810463186] [rtk_nav]: yaw_error=-38.86，修正量=0.56
[rtk_nav-4] [INFO] [1770540420.111751080] [rtk_nav]: yaw_error=-34.45，修正量=0.47
[rtk_nav-4] [INFO] [1770540420.312042011] [rtk_nav]: yaw_error=-30.30，修正量=0.40
[rtk_nav-4] [INFO] [1770540420.611678074] [rtk_nav]: yaw_error=-26.37，修正量=0.33
[rtk_nav-4] [INFO] [1770540420.811408294] [rtk_nav]: yaw_error=-22.72，修正量=0.27
[rtk_nav-4] [INFO] [1770540422.310355891] [rtk_nav]: yaw_error=-4.63，修正量=-0.90
[rtk_nav-4] [INFO] [1770540422.609921333] [rtk_nav]: yaw_error=-1.91，修正量=-0.13
[rtk_nav-4] [INFO] [1770540422.810023561] [rtk_nav]: yaw_error=-1.53，修正量=-0.02
[rtk_nav-4] [INFO] [1770540423.111372631] [rtk_nav]: yaw_error=-1.23，修正量=-0.01
[rtk_nav-4] [INFO] [1770540423.310998747] [rtk_nav]: 航向校准完成！误差：0.99°
[rtk_nav-4] [INFO] [1770540423.314242527] [rtk_nav]: [ROSNode] 航点5航向校准完成, 结果：True
[rtk_nav-4] [INFO] [1770540423.318032253] [rtk_nav]: [ROSNode] 切换到新航点6, 准备进入移动阶段
[rtk_nav-4] [INFO] [1770540423.410424117] [rtk_nav]: [航点切换] 进入路段5→6
[rtk_nav-4] [INFO] [1770540423.413616892] [rtk_nav]: [航点切换] 缓存当前文件上一个航点5：(120.07131356, 30.32166095, 102.13)
[rtk_nav-4] [INFO] [1770540423.418149334] [rtk_nav]: 直线：yaw_error=24.63，修正量=-0.62
[rtk_nav-4] [INFO] [1770540423.510690844] [rtk_nav]: [ROSNode] 目标航点6：距离1.03m, IMU航向103.12°, 目标路径航向127.75°, 偏差角24.63°
[rtk_nav-4] [INFO] [1770540423.609815766] [rtk_nav]: 直线：yaw_error=24.85，修正量=-0.50
[rtk_nav-4] [INFO] [1770540424.109899713] [rtk_nav]: 直线：yaw_error=24.48，修正量=-0.49
[rtk_nav-4] [INFO] [1770540424.609802694] [rtk_nav]: 直线：yaw_error=29.65，修正量=-0.62
[rtk_nav-4] [INFO] [1770540425.310000115] [rtk_nav]: 直线：yaw_error=26.65，修正量=-0.52
[rtk_nav-4] [INFO] [1770540425.610128768] [rtk_nav]: 直线：yaw_error=25.94，修正量=-0.52
[rtk_nav-4] [INFO] [1770540425.810182010] [rtk_nav]: 直线：yaw_error=25.41，修正量=-0.51
[rtk_nav-4] [INFO] [1770540426.110111733] [rtk_nav]: 直线：yaw_error=24.76，修正量=-0.49
[rtk_nav-4] [INFO] [1770540426.309921579] [rtk_nav]: 直线：yaw_error=24.10，修正量=-0.48
[rtk_nav-4] [INFO] [1770540426.609888197] [rtk_nav]: 直线：yaw_error=23.44，修正量=-0.47
[rtk_nav-4] [INFO] [1770540426.810985325] [rtk_nav]: 直线：yaw_error=22.79，修正量=-0.45
[rtk_nav-4] [INFO] [1770540427.111003937] [rtk_nav]: 直线：yaw_error=22.14，修正量=-0.44
[rtk_nav-4] [INFO] [1770540427.311212659] [rtk_nav]: 直线：yaw_error=21.63，修正量=-0.43
[rtk_nav-4] [INFO] [1770540427.611050051] [rtk_nav]: 直线：yaw_error=24.06，修正量=-0.49
[rtk_nav-4] [INFO] [1770540427.710397301] [rtk_nav]: [ROSNode] 目标航点6：距离0.90m, IMU航向111.37°, 目标路径航向135.43°, 偏差角24.06°
[rtk_nav-4] [INFO] [1770540428.609931001] [rtk_nav]: 直线：yaw_error=20.39，修正量=-0.39
[rtk_nav-4] [INFO] [1770540428.809959141] [rtk_nav]: 直线：yaw_error=19.88，修正量=-0.04
[rtk_nav-4] [INFO] [1770540429.110032095] [rtk_nav]: 直线：yaw_error=19.33，修正量=-0.04
[rtk_nav-4] [INFO] [1770540429.309995120] [rtk_nav]: 直线：yaw_error=19.22，修正量=-0.04
[rtk_nav-4] [INFO] [1770540430.109962071] [rtk_nav]: 直线：yaw_error=19.00，修正量=-0.04
[rtk_nav-4] [INFO] [1770540430.610175062] [rtk_nav]: 直线：yaw_error=21.37，修正量=-0.44
[rtk_nav-4] [INFO] [1770540430.709836371] [rtk_nav]: [ROSNode] 目标航点6：距离0.75m, IMU航向116.44°, 目标路径航向137.81°, 偏差角21.37°
[rtk_nav-4] [INFO] [1770540431.609851584] [rtk_nav]: 直线：yaw_error=19.78，修正量=-0.03
[rtk_nav-4] [INFO] [1770540431.809871345] [rtk_nav]: 直线：yaw_error=19.33，修正量=-0.04
[rtk_nav-4] [INFO] [1770540432.109955824] [rtk_nav]: 直线：yaw_error=19.07，修正量=-0.04
[rtk_nav-4] [INFO] [1770540433.809903417] [rtk_nav]: 直线：yaw_error=21.53，修正量=-0.44
[rtk_nav-4] [INFO] [1770540433.909548846] [rtk_nav]: [ROSNode] 目标航点6：距离0.63m, IMU航向119.05°, 目标路径航向140.58°, 偏差角21.53°
[rtk_nav-4] [INFO] [1770540434.611273862] [rtk_nav]: 直线：yaw_error=20.26，修正量=-0.40
[rtk_nav-4] [INFO] [1770540434.811253822] [rtk_nav]: 直线：yaw_error=19.72，修正量=-0.04
[rtk_nav-4] [INFO] [1770540435.111618841] [rtk_nav]: 直线：yaw_error=19.31，修正量=-0.04
[rtk_nav-4] [INFO] [1770540435.309967521] [rtk_nav]: 直线：yaw_error=19.18，修正量=-0.04
[rtk_nav-4] [INFO] [1770540436.809907068] [rtk_nav]: 直线：yaw_error=21.05，修正量=-0.43
[rtk_nav-4] [INFO] [1770540436.909583158] [rtk_nav]: [ROSNode] 目标航点6：距离0.53m, IMU航向121.61°, 目标路径航向142.66°, 偏差角21.05°
[rtk_nav-4] [INFO] [1770540437.809814359] [rtk_nav]: 直线：yaw_error=19.42，修正量=-0.03
[rtk_nav-4] [INFO] [1770540438.109848036] [rtk_nav]: 直线：yaw_error=18.96，修正量=-0.04
[rtk_nav-4] [INFO] [1770540439.611281213] [rtk_nav]: 直线：yaw_error=18.58，修正量=-0.04
[rtk_nav-4] [INFO] [1770540440.311294602] [rtk_nav]: 直线：yaw_error=21.01，修正量=-0.43
[rtk_nav-4] [INFO] [1770540440.410375402] [rtk_nav]: [ROSNode] 目标航点6：距离0.43m, IMU航向124.18°, 目标路径航向145.19°, 偏差角21.01°
[rtk_nav-4] [INFO] [1770540441.310230614] [rtk_nav]: 直线：yaw_error=19.38，修正量=-0.03
[rtk_nav-4] [INFO] [1770540441.609869666] [rtk_nav]: 直线：yaw_error=18.89，修正量=-0.04
[rtk_nav-4] [INFO] [1770540443.611254302] [rtk_nav]: 直线：yaw_error=20.17，修正量=-0.41
[rtk_nav-4] [INFO] [1770540444.311056365] [rtk_nav]: 直线：yaw_error=19.09，修正量=-0.03
[rtk_nav-4] [INFO] [1770540444.611167492] [rtk_nav]: 直线：yaw_error=18.63，修正量=-0.03
[rtk_nav-4] [INFO] [1770540446.310289151] [rtk_nav]: 直线：yaw_error=19.81，修正量=-0.05
[rtk_nav-4] [INFO] [1770540446.409729730] [rtk_nav]: [ROSNode] 目标航点6：距离0.29m, IMU航向128.57°, 目标路径航向148.38°, 偏差角19.81°
[rtk_nav-4] [INFO] [1770540447.311514650] [rtk_nav]: 直线：yaw_error=19.45，修正量=-0.04
[rtk_nav-4] [INFO] [1770540449.610170462] [rtk_nav]: 直线：yaw_error=22.08，修正量=-0.46
[rtk_nav-4] [INFO] [1770540450.309932743] [rtk_nav]: 直线：yaw_error=20.98，修正量=-0.41
[rtk_nav-4] [INFO] [1770540450.609881441] [rtk_nav]: 直线：yaw_error=20.44，修正量=-0.41
[rtk_nav-4] [INFO] [1770540450.810054987] [rtk_nav]: 直线：yaw_error=20.04，修正量=-0.40
[rtk_nav-4] [INFO] [1770540451.109906514] [rtk_nav]: 直线：yaw_error=19.52，修正量=-0.04
[rtk_nav-4] [INFO] [1770540451.309786965] [rtk_nav]: 直线：yaw_error=19.06，修正量=-0.04
[rtk_nav-4] [INFO] [1770540451.610134444] [rtk_nav]: 直线：yaw_error=18.83，修正量=-0.04
[rtk_nav-4] [INFO] [1770540452.609906730] [rtk_nav]: 直线：yaw_error=18.34，修正量=-0.03
[rtk_nav-4] [INFO] [1770540452.709538228] [rtk_nav]: [ROSNode] 目标航点6：距离0.19m, IMU航向132.59°, 目标路径航向150.93°, 偏差角18.34°
[rtk_nav-4] [INFO] [1770540455.611035566] [rtk_nav]: 直线：yaw_error=22.35，修正量=-0.47
[rtk_nav-4] [INFO] [1770540456.311056502] [rtk_nav]: 直线：yaw_error=21.21，修正量=-0.42
[rtk_nav-4] [INFO] [1770540456.611069571] [rtk_nav]: 直线：yaw_error=20.65，修正量=-0.41
[rtk_nav-4] [INFO] [1770540456.810887075] [rtk_nav]: 直线：yaw_error=20.22，修正量=-0.40
[rtk_nav-4] [INFO] [1770540457.111203354] [rtk_nav]: 直线：yaw_error=19.71，修正量=-0.04
[rtk_nav-4] [INFO] [1770540457.311060504] [rtk_nav]: 直线：yaw_error=19.21，修正量=-0.04
[rtk_nav-4] [INFO] [1770540457.609904762] [rtk_nav]: 直线：yaw_error=19.01，修正量=-0.04
[rtk_nav-4] [INFO] [1770540458.610130541] [rtk_nav]: [ROSNode] 已到达航点6距离阈值（0.09m ≤ 0.1m）
[rtk_nav-4] [INFO] [1770540458.709634707] [rtk_nav]: [ROSNode] 目标航点6：距离0.09m, IMU航向136.49°, 目标路径航向154.09°, 偏差角17.60°
[rtk_nav-4] [INFO] [1770540458.712130224] [rtk_nav]: yaw_error=-124.47，修正量=2.50
[rtk_nav-4] [INFO] [1770540459.610360533] [rtk_nav]: yaw_error=-107.16，修正量=2.50
[rtk_nav-4] [INFO] [1770540459.811141062] [rtk_nav]: yaw_error=-98.66，修正量=2.50
[rtk_nav-4] [INFO] [1770540460.111206808] [rtk_nav]: yaw_error=-91.61，修正量=2.50
[rtk_nav-4] [INFO] [1770540460.311394567] [rtk_nav]: yaw_error=-82.89，修正量=2.50
[rtk_nav-4] [INFO] [1770540460.611350776] [rtk_nav]: yaw_error=-74.22，修正量=2.50
[rtk_nav-4] [INFO] [1770540460.811321173] [rtk_nav]: yaw_error=-65.68，修正量=2.50
[rtk_nav-4] [INFO] [1770540461.111331199] [rtk_nav]: yaw_error=-57.05，修正量=0.71
[rtk_nav-4] [INFO] [1770540461.311308737] [rtk_nav]: yaw_error=-48.42，修正量=0.54
[rtk_nav-4] [INFO] [1770540461.611172459] [rtk_nav]: yaw_error=-41.76，修正量=0.50
[rtk_nav-4] [INFO] [1770540462.811695173] [rtk_nav]: yaw_error=-18.83，修正量=-1.11
[rtk_nav-4] [INFO] [1770540463.111363633] [rtk_nav]: yaw_error=-14.52，修正量=-0.19
[rtk_nav-4] [INFO] [1770540463.311558054] [rtk_nav]: yaw_error=-13.16，修正量=-0.04
[rtk_nav-4] [INFO] [1770540463.611357806] [rtk_nav]: yaw_error=-11.66，修正量=-0.05
[rtk_nav-4] [INFO] [1770540463.812160576] [rtk_nav]: yaw_error=-10.02，修正量=-0.06
[rtk_nav-4] [INFO] [1770540464.111920058] [rtk_nav]: yaw_error=-8.39，修正量=-0.06
[rtk_nav-4] [INFO] [1770540464.311568736] [rtk_nav]: yaw_error=-6.83，修正量=-0.06
[rtk_nav-4] [INFO] [1770540464.611617582] [rtk_nav]: yaw_error=-5.28，修正量=-0.07
[rtk_nav-4] [INFO] [1770540464.811397422] [rtk_nav]: yaw_error=-3.73，修正量=-0.07
[rtk_nav-4] [INFO] [1770540465.111385574] [rtk_nav]: yaw_error=-3.40，修正量=-0.01
[rtk_nav-4] [INFO] [1770540466.312082584] [rtk_nav]: 航向校准完成！误差：0.60°
[rtk_nav-4] [INFO] [1770540466.315377974] [rtk_nav]: [ROSNode] 航点6航向校准完成, 结果：True
[rtk_nav-4] [INFO] [1770540466.319883867] [rtk_nav]: [ROSNode] 切换到新航点7, 准备进入移动阶段
[rtk_nav-4] [INFO] [1770540466.410615377] [rtk_nav]: [航点切换] 进入路段6→7
[rtk_nav-4] [INFO] [1770540466.414894000] [rtk_nav]: [航点切换] 缓存当前文件上一个航点6：(120.07132388, 30.32165903, 12.02)
[rtk_nav-4] [INFO] [1770540466.419748975] [rtk_nav]: 直线：yaw_error=5.06，修正量=-0.05
[rtk_nav-4] [INFO] [1770540466.510461941] [rtk_nav]: [ROSNode] 目标航点7：距离6.41m, IMU航向12.62°, 目标路径航向17.68°, 偏差角5.06°
[rtk_nav-4] [INFO] [1770540466.611170386] [rtk_nav]: 直线：yaw_error=5.33，修正量=-0.01
[rtk_nav-4] [INFO] [1770540467.109984796] [rtk_nav]: 直线：yaw_error=5.50，修正量=-0.01
[rtk_nav-4] [INFO] [1770540468.609904165] [rtk_nav]: 直线：yaw_error=6.11，修正量=-0.01
[rtk_nav-4] [INFO] [1770540468.710367957] [rtk_nav]: [ROSNode] 目标航点7：距离6.18m, IMU航向12.00°, 目标路径航向18.11°, 偏差角6.11°
[rtk_nav-4] [INFO] [1770540471.610940850] [rtk_nav]: 直线：yaw_error=6.54，修正量=-0.02
[rtk_nav-4] [INFO] [1770540471.710395378] [rtk_nav]: [ROSNode] 目标航点7：距离5.75m, IMU航向12.13°, 目标路径航向18.67°, 偏差角6.54°
[rtk_nav-4] [INFO] [1770540472.310096137] [rtk_nav]: 直线：yaw_error=6.38，修正量=-0.01
[rtk_nav-4] [INFO] [1770540475.109864688] [rtk_nav]: 直线：yaw_error=7.16，修正量=-0.02
[rtk_nav-4] [INFO] [1770540475.209692194] [rtk_nav]: [ROSNode] 目标航点7：距离5.22m, IMU航向12.25°, 目标路径航向19.41°, 偏差角7.16°
[rtk_nav-4] [INFO] [1770540478.310190958] [rtk_nav]: 直线：yaw_error=7.77，修正量=-0.02
[rtk_nav-4] [INFO] [1770540478.410443893] [rtk_nav]: [ROSNode] 目标航点7：距离4.76m, IMU航向12.42°, 目标路径航向20.19°, 偏差角7.77°
[rtk_nav-4] [INFO] [1770540479.310659661] [rtk_nav]: 直线：yaw_error=7.64，修正量=-0.01
[rtk_nav-4] [INFO] [1770540481.611146113] [rtk_nav]: 直线：yaw_error=8.44，修正量=-0.02
[rtk_nav-4] [INFO] [1770540481.710553863] [rtk_nav]: [ROSNode] 目标航点7：距离4.30m, IMU航向12.63°, 目标路径航向21.07°, 偏差角8.44°
[rtk_nav-4] [INFO] [1770540484.609874873] [rtk_nav]: 直线：yaw_error=9.36，修正量=-0.02
[rtk_nav-4] [INFO] [1770540484.709605159] [rtk_nav]: [ROSNode] 目标航点7：距离3.86m, IMU航向12.81°, 目标路径航向22.17°, 偏差角9.36°
[rtk_nav-4] [INFO] [1770540488.109898015] [rtk_nav]: 直线：yaw_error=10.53，修正量=-0.03
[rtk_nav-4] [INFO] [1770540488.209496517] [rtk_nav]: [ROSNode] 目标航点7：距离3.35m, IMU航向13.13°, 目标路径航向23.66°, 偏差角10.53°
[rtk_nav-4] [INFO] [1770540491.311479174] [rtk_nav]: 直线：yaw_error=12.13，修正量=-0.03
[rtk_nav-4] [INFO] [1770540491.410350595] [rtk_nav]: [ROSNode] 目标航点7：距离2.88m, IMU航向13.33°, 目标路径航向25.46°, 偏差角12.13°
[rtk_nav-4] [INFO] [1770540492.309921223] [rtk_nav]: 直线：yaw_error=11.99，修正量=-0.02
[rtk_nav-4] [INFO] [1770540494.609843943] [rtk_nav]: 直线：yaw_error=14.02，修正量=-0.04
[rtk_nav-4] [INFO] [1770540494.709651684] [rtk_nav]: [ROSNode] 目标航点7：距离2.43m, IMU航向13.67°, 目标路径航向27.69°, 偏差角14.02°
[rtk_nav-4] [INFO] [1770540497.809857308] [rtk_nav]: 直线：yaw_error=17.29，修正量=-0.05
[rtk_nav-4] [INFO] [1770540497.909551066] [rtk_nav]: [ROSNode] 目标航点7：距离1.95m, IMU航向13.94°, 目标路径航向31.23°, 偏差角17.29°
[rtk_nav-4] [INFO] [1770540498.809775221] [rtk_nav]: 直线：yaw_error=17.17，修正量=-0.03
[rtk_nav-4] [INFO] [1770540500.809887178] [rtk_nav]: 直线：yaw_error=21.67，修正量=-0.46
[rtk_nav-4] [INFO] [1770540500.909433973] [rtk_nav]: [ROSNode] 目标航点7：距离1.53m, IMU航向14.36°, 目标路径航向36.03°, 偏差角21.67°
[rtk_nav-4] [INFO] [1770540501.809906834] [rtk_nav]: 直线：yaw_error=19.93，修正量=-0.03
[rtk_nav-4] [INFO] [1770540502.109881561] [rtk_nav]: 直线：yaw_error=19.45，修正量=-0.04
[rtk_nav-4] [INFO] [1770540503.111322155] [rtk_nav]: 直线：yaw_error=19.18，修正量=-0.04
[rtk_nav-4] [INFO] [1770540503.809855412] [rtk_nav]: 直线：yaw_error=26.21，修正量=-0.56
[rtk_nav-4] [INFO] [1770540503.909544939] [rtk_nav]: [ROSNode] 目标航点7：距离1.12m, IMU航向16.97°, 目标路径航向43.18°, 偏差角26.21°
[rtk_nav-4] [INFO] [1770540504.109885811] [rtk_nav]: 直线：yaw_error=26.46，修正量=-0.53
[rtk_nav-4] [INFO] [1770540505.110199151] [rtk_nav]: 直线：yaw_error=24.19，修正量=-0.47
[rtk_nav-4] [INFO] [1770540505.310395929] [rtk_nav]: 直线：yaw_error=23.62，修正量=-0.47
[rtk_nav-4] [INFO] [1770540505.610183846] [rtk_nav]: 直线：yaw_error=22.94，修正量=-0.46
[rtk_nav-4] [INFO] [1770540505.809911396] [rtk_nav]: 直线：yaw_error=22.31，修正量=-0.44
[rtk_nav-4] [INFO] [1770540506.109811193] [rtk_nav]: 直线：yaw_error=21.70，修正量=-0.43
[rtk_nav-4] [INFO] [1770540506.309857599] [rtk_nav]: 直线：yaw_error=21.07，修正量=-0.42
[rtk_nav-4] [INFO] [1770540506.609896355] [rtk_nav]: 直线：yaw_error=20.49，修正量=-0.41
[rtk_nav-4] [INFO] [1770540506.809869041] [rtk_nav]: 直线：yaw_error=20.03，修正量=-0.40
[rtk_nav-4] [INFO] [1770540507.309971479] [rtk_nav]: 直线：yaw_error=22.82，修正量=-0.47
[rtk_nav-4] [INFO] [1770540507.409526240] [rtk_nav]: [ROSNode] 目标航点7：距离0.89m, IMU航向23.40°, 目标路径航向46.22°, 偏差角22.82°
[rtk_nav-4] [INFO] [1770540508.309801726] [rtk_nav]: 直线：yaw_error=19.18，修正量=-0.02
[rtk_nav-4] [INFO] [1770540508.609794643] [rtk_nav]: 直线：yaw_error=18.66，修正量=-0.03
[rtk_nav-4] [INFO] [1770540509.311275471] [rtk_nav]: 直线：yaw_error=18.39，修正量=-0.04
[rtk_nav-4] [INFO] [1770540510.611184758] [rtk_nav]: 直线：yaw_error=20.85，修正量=-0.43
[rtk_nav-4] [INFO] [1770540510.710658026] [rtk_nav]: [ROSNode] 目标航点7：距离0.74m, IMU航向27.97°, 目标路径航向48.82°, 偏差角20.85°
[rtk_nav-4] [INFO] [1770540511.611214576] [rtk_nav]: 直线：yaw_error=19.39，修正量=-0.03
[rtk_nav-4] [INFO] [1770540511.810945064] [rtk_nav]: 直线：yaw_error=18.99，修正量=-0.04
[rtk_nav-4] [INFO] [1770540512.111033510] [rtk_nav]: 直线：yaw_error=18.79，修正量=-0.04
[rtk_nav-4] [INFO] [1770540513.310791278] [rtk_nav]: 直线：yaw_error=20.89，修正量=-0.43
[rtk_nav-4] [INFO] [1770540513.410447830] [rtk_nav]: [ROSNode] 目标航点7：距离0.63m, IMU航向30.15°, 目标路径航向51.04°, 偏差角20.89°
[rtk_nav-4] [INFO] [1770540514.311087381] [rtk_nav]: 直线：yaw_error=19.13，修正量=-0.03
[rtk_nav-4] [INFO] [1770540514.611118750] [rtk_nav]: 直线：yaw_error=18.70，修正量=-0.04
[rtk_nav-4] [INFO] [1770540514.811056223] [rtk_nav]: 直线：yaw_error=18.55，修正量=-0.04
[rtk_nav-4] [INFO] [1770540516.310985531] [rtk_nav]: 直线：yaw_error=19.89，修正量=-0.05
[rtk_nav-4] [INFO] [1770540517.111245187] [rtk_nav]: 直线：yaw_error=19.62，修正量=-0.04
[rtk_nav-4] [INFO] [1770540519.110989275] [rtk_nav]: 直线：yaw_error=19.12，修正量=-0.04
[rtk_nav-4] [INFO] [1770540519.611010494] [rtk_nav]: 直线：yaw_error=22.71，修正量=-0.47
[rtk_nav-4] [INFO] [1770540519.710285970] [rtk_nav]: [ROSNode] 目标航点7：距离0.45m, IMU航向33.54°, 目标路径航向56.25°, 偏差角22.71°
[rtk_nav-4] [INFO] [1770540520.311071809] [rtk_nav]: 直线：yaw_error=21.49，修正量=-0.42
[rtk_nav-4] [INFO] [1770540520.611011976] [rtk_nav]: 直线：yaw_error=20.89，修正量=-0.41
[rtk_nav-4] [INFO] [1770540520.810963351] [rtk_nav]: 直线：yaw_error=20.43，修正量=-0.41
[rtk_nav-4] [INFO] [1770540521.111230775] [rtk_nav]: 直线：yaw_error=19.87，修正量=-0.04
[rtk_nav-4] [INFO] [1770540521.311208833] [rtk_nav]: 直线：yaw_error=19.32，修正量=-0.04
[rtk_nav-4] [INFO] [1770540521.611341529] [rtk_nav]: 直线：yaw_error=19.08，修正量=-0.04
[rtk_nav-4] [INFO] [1770540522.811387229] [rtk_nav]: 直线：yaw_error=20.23，修正量=-0.41
[rtk_nav-4] [INFO] [1770540523.611113712] [rtk_nav]: 直线：yaw_error=18.93，修正量=-0.03
[rtk_nav-4] [INFO] [1770540523.811204614] [rtk_nav]: 直线：yaw_error=18.50，修正量=-0.03
[rtk_nav-4] [INFO] [1770540524.111217017] [rtk_nav]: 直线：yaw_error=18.28，修正量=-0.04
[rtk_nav-4] [INFO] [1770540525.611322937] [rtk_nav]: 直线：yaw_error=19.74，修正量=-0.05
[rtk_nav-4] [INFO] [1770540525.710385764] [rtk_nav]: [ROSNode] 目标航点7：距离0.30m, IMU航向39.64°, 目标路径航向59.38°, 偏差角19.74°
[rtk_nav-4] [INFO] [1770540526.811348795] [rtk_nav]: 直线：yaw_error=19.37，修正量=-0.04
[rtk_nav-4] [INFO] [1770540528.809888006] [rtk_nav]: 直线：yaw_error=22.28，修正量=-0.46
[rtk_nav-4] [INFO] [1770540529.809914283] [rtk_nav]: 直线：yaw_error=20.39，修正量=-0.40
[rtk_nav-4] [INFO] [1770540530.109861394] [rtk_nav]: 直线：yaw_error=19.94，修正量=-0.04
[rtk_nav-4] [INFO] [1770540530.309929759] [rtk_nav]: 直线：yaw_error=19.42，修正量=-0.04
[rtk_nav-4] [INFO] [1770540530.609796280] [rtk_nav]: 直线：yaw_error=19.20，修正量=-0.04
[rtk_nav-4] [INFO] [1770540531.809494252] [rtk_nav]: 直线：yaw_error=18.86，修正量=-0.04
[rtk_nav-4] [INFO] [1770540532.309881730] [rtk_nav]: 直线：yaw_error=19.13，修正量=-0.04
[rtk_nav-4] [INFO] [1770540532.409564269] [rtk_nav]: [ROSNode] 目标航点7：距离0.19m, IMU航向43.81°, 目标路径航向62.94°, 偏差角19.13°
[rtk_nav-4] [INFO] [1770540533.310169393] [rtk_nav]: 直线：yaw_error=18.78，修正量=-0.04
[rtk_nav-4] [INFO] [1770540535.609963032] [rtk_nav]: 直线：yaw_error=24.71，修正量=-0.53
[rtk_nav-4] [INFO] [1770540536.309789359] [rtk_nav]: 直线：yaw_error=23.42，修正量=-0.46
[rtk_nav-4] [INFO] [1770540536.609848546] [rtk_nav]: 直线：yaw_error=22.81，修正量=-0.45
[rtk_nav-4] [INFO] [1770540536.811267953] [rtk_nav]: 直线：yaw_error=22.35，修正量=-0.44
[rtk_nav-4] [INFO] [1770540537.111205880] [rtk_nav]: 直线：yaw_error=21.80，修正量=-0.43
[rtk_nav-4] [INFO] [1770540537.311188315] [rtk_nav]: 直线：yaw_error=21.25，修正量=-0.42
[rtk_nav-4] [INFO] [1770540537.611563770] [rtk_nav]: 直线：yaw_error=20.73，修正量=-0.41
[rtk_nav-4] [INFO] [1770540537.811329856] [rtk_nav]: 直线：yaw_error=20.22，修正量=-0.40
[rtk_nav-4] [INFO] [1770540538.111316201] [rtk_nav]: 直线：yaw_error=19.70，修正量=-0.04
[rtk_nav-4] [INFO] [1770540538.311394972] [rtk_nav]: 直线：yaw_error=19.41，修正量=-0.04
[rtk_nav-4] [INFO] [1770540538.611261532] [rtk_nav]: [ROSNode] 已到达航点7距离阈值（0.07m ≤ 0.1m）
[rtk_nav-4] [INFO] [1770540538.710429281] [rtk_nav]: [ROSNode] 目标航点7：距离0.07m, IMU航向49.86°, 目标路径航向61.68°, 偏差角11.82°
[rtk_nav-4] [INFO] [1770540538.714908067] [rtk_nav]: yaw_error=-37.84，修正量=2.50
[rtk_nav-4] [INFO] [1770540539.809882278] [rtk_nav]: yaw_error=-26.47，修正量=-0.04
[rtk_nav-4] [INFO] [1770540540.109997966] [rtk_nav]: yaw_error=-23.30，修正量=0.31
[rtk_nav-4] [INFO] [1770540540.309968423] [rtk_nav]: yaw_error=-20.63，修正量=0.28
[rtk_nav-4] [INFO] [1770540540.610015379] [rtk_nav]: yaw_error=-17.96，修正量=-0.10
[rtk_nav-4] [INFO] [1770540540.810025092] [rtk_nav]: yaw_error=-15.34，修正量=-0.10
[rtk_nav-4] [INFO] [1770540541.109880064] [rtk_nav]: yaw_error=-13.35，修正量=-0.07
[rtk_nav-4] [INFO] [1770540541.310054073] [rtk_nav]: yaw_error=-11.75，修正量=-0.06
[rtk_nav-4] [INFO] [1770540541.611604640] [rtk_nav]: yaw_error=-10.77，修正量=-0.03
[rtk_nav-4] [INFO] [1770540542.811511058] [rtk_nav]: yaw_error=-1.45，修正量=-0.46
[rtk_nav-4] [INFO] [1770540543.111213659] [rtk_nav]: 航向校准完成！误差：0.15°
[rtk_nav-4] [INFO] [1770540543.114979440] [rtk_nav]: [ROSNode] 航点7航向校准完成, 结果：True
[rtk_nav-4] [INFO] [1770540543.118583950] [rtk_nav]: [RTKNav] 已到达当前路径文件的最后一个航点, 准备切换路径文件
[rtk_nav-4] [INFO] [1770540543.124699937] [rtk_nav]: [RTKNav] 路径文件进度：3/3, 100.0%
[rtk_nav-4] [INFO] [1770540543.128488596] [rtk_nav]: [RTKNav] 已执行到最后一个路径文件（three_path_20260203_161413.txt）, 执行返回
[rtk_nav-4] [INFO] [1770540543.131993281] [rtk_nav]: [RTKNav] 没有更多路径文件, 导航结束
[rtk_nav-4] [WARN] [1770540543.135397414] [rtk_nav]: [ROSNode] 未获取到航点8
[rtk_nav-4] [INFO] [1770540543.142664995] [rtk_nav]: 切换到RTK模式，导航状态：WAYPOINT_CALIB
[rtk_nav-4] [INFO] [1770540543.209994971] [rtk_nav]: [ROSNode] 启动/恢复RTK多点导航
[rtk_nav-4] [INFO] [1770540543.212381529] [rtk_nav]: 从状态WAYPOINT_CALIB恢复导航
[rtk_nav-4] [INFO] [1770540543.214632698] [rtk_nav]: [ROSNode] RTK多点导航全部完成
[rtk_nav-4] [INFO] [1770540553.814450438] [rtk_nav]: 切换到RTK模式，导航状态：COMPLETED
[rtk_nav-4] [INFO] [1770540553.911156536] [rtk_nav]: [ROSNode] 启动/恢复RTK多点导航
[rtk_nav-4] [INFO] [1770540553.914384048] [rtk_nav]: 从状态COMPLETED恢复导航
[motor_control-2] [INFO] [1770540553.914646051] [motor_control_node]: [ROSNode] 状态切换：START → LOADING
[rtk_nav-4] [INFO] [1770540553.918401497] [rtk_nav]: [ROSNode] RTK多点导航全部完成
[motor_control-2] [INFO] [1770540553.925561868] [motor_control_node]: [ROSNode] 进入进仓状态，启动进仓定时器
[motor_control-2] [INFO] [1770540554.192386189] [motor_control_node]: 进出仓对正yaw_error=179.72，修正量=-0.50
[motor_control-2] [INFO] [1770540554.268652794] [motor_control_node]: [LOADING] 角度调整阶段 - 当前航向11.04deg，目标-169.24deg，差值179.72deg
[motor_control-2] [INFO] [1770540554.377018363] [motor_control_node]: [LOADING] 角度调整阶段 - 当前航向11.03deg，目标-169.24deg，差值179.73deg
[motor_control-2] [INFO] [1770540554.468504006] [motor_control_node]: [LOADING] 角度调整阶段 - 当前航向11.03deg，目标-169.24deg，差值179.73deg
[motor_control-2] [INFO] [1770540554.652831610] [motor_control_node]: [LOADING] 角度调整阶段 - 当前航向11.02deg，目标-169.24deg，差值179.74deg
[motor_control-2] [INFO] [1770540554.785944426] [motor_control_node]: [LOADING] 角度调整阶段 - 当前航向11.02deg，目标-169.24deg，差值179.74deg
[motor_control-2] [INFO] [1770540554.859678300] [motor_control_node]: 进出仓对正yaw_error=-179.84，修正量=0.50
[motor_control-2] [INFO] [1770540554.974836234] [motor_control_node]: [LOADING] 角度调整阶段 - 当前航向10.60deg，目标-169.24deg，差值-179.84deg
[motor_control-2] [INFO] [1770540555.273902801] [motor_control_node]: [LOADING] 角度调整阶段 - 当前航向10.60deg，目标-169.24deg，差值-179.84deg
[motor_control-2] [INFO] [1770540555.435142161] [motor_control_node]: 进出仓对正yaw_error=-179.39，修正量=0.50
[motor_control-2] [INFO] [1770540555.575301287] [motor_control_node]: [LOADING] 角度调整阶段 - 当前航向10.15deg，目标-169.24deg，差值-179.39deg
[motor_control-2] [INFO] [1770540555.688352628] [motor_control_node]: [LOADING] 角度调整阶段 - 当前航向10.15deg，目标-169.24deg，差值-179.39deg
[motor_control-2] [INFO] [1770540555.837971550] [motor_control_node]: [LOADING] 角度调整阶段 - 当前航向10.15deg，目标-169.24deg，差值-179.39deg
[motor_control-2] [INFO] [1770540555.902197313] [motor_control_node]: [LOADING] 角度调整阶段 - 当前航向10.15deg，目标-169.24deg，差值-179.39deg
[motor_control-2] [INFO] [1770540555.981857404] [motor_control_node]: [LOADING] 角度调整阶段 - 当前航向10.15deg，目标-169.24deg，差值-179.39deg
[motor_control-2] [INFO] [1770540556.072832709] [motor_control_node]: [LOADING] 角度调整阶段 - 当前航向10.15deg，目标-169.24deg，差值-179.39deg
[motor_control-2] [INFO] [1770540556.149909054] [motor_control_node]: 进出仓对正yaw_error=-173.77，修正量=0.50
[motor_control-2] [INFO] [1770540556.177656767] [motor_control_node]: [LOADING] 角度调整阶段 - 当前航向4.53deg，目标-169.24deg，差值-173.77deg
[motor_control-2] [INFO] [1770540556.271744926] [motor_control_node]: [LOADING] 角度调整阶段 - 当前航向4.53deg，目标-169.24deg，差值-173.77deg
[motor_control-2] [INFO] [1770540556.351149352] [motor_control_node]: 进出仓对正yaw_error=-172.85，修正量=0.50
[motor_control-2] [INFO] [1770540556.385561309] [motor_control_node]: [LOADING] 角度调整阶段 - 当前航向3.61deg，目标-169.24deg，差值-172.85deg
[motor_control-2] [INFO] [1770540556.473305305] [motor_control_node]: [LOADING] 角度调整阶段 - 当前航向3.61deg，目标-169.24deg，差值-172.85deg
[motor_control-2] [INFO] [1770540556.572923590] [motor_control_node]: [LOADING] 角度调整阶段 - 当前航向3.61deg，目标-169.24deg，差值-172.85deg
[motor_control-2] [INFO] [1770540556.650586115] [motor_control_node]: 进出仓对正yaw_error=-171.67，修正量=0.50
[motor_control-2] [INFO] [1770540556.677357480] [motor_control_node]: [LOADING] 角度调整阶段 - 当前航向2.43deg，目标-169.24deg，差值-171.67deg
[motor_control-2] [INFO] [1770540556.773504115] [motor_control_node]: [LOADING] 角度调整阶段 - 当前航向2.43deg，目标-169.24deg，差值-171.67deg
[motor_control-2] [INFO] [1770540556.955835165] [motor_control_node]: 进出仓对正yaw_error=-170.55，修正量=0.50
[motor_control-2] [INFO] [1770540557.116891963] [motor_control_node]: [LOADING] 角度调整阶段 - 当前航向1.31deg，目标-169.24deg，差值-170.55deg
[motor_control-2] [INFO] [1770540557.273303660] [motor_control_node]: [LOADING] 角度调整阶段 - 当前航向1.31deg，目标-169.24deg，差值-170.55deg
[motor_control-2] [INFO] [1770540557.391037052] [motor_control_node]: 进出仓对正yaw_error=-169.56，修正量=0.50
[motor_control-2] [INFO] [1770540557.485287390] [motor_control_node]: [LOADING] 角度调整阶段 - 当前航向0.32deg，目标-169.24deg，差值-169.56deg
[motor_control-2] [INFO] [1770540557.695687734] [motor_control_node]: [LOADING] 角度调整阶段 - 当前航向0.32deg，目标-169.24deg，差值-169.56deg
[motor_control-2] [INFO] [1770540557.764519038] [motor_control_node]: 进出仓对正yaw_error=-168.36，修正量=0.50
[motor_control-2] [INFO] [1770540557.805300951] [motor_control_node]: [LOADING] 角度调整阶段 - 当前航向-0.88deg，目标-169.24deg，差值-168.36deg
[motor_control-2] [INFO] [1770540558.023140546] [motor_control_node]: 进出仓对正yaw_error=-165.90，修正量=0.50
[motor_control-2] [INFO] [1770540558.290699750] [motor_control_node]: [LOADING] 角度调整阶段 - 当前航向-3.34deg，目标-169.24deg，差值-165.90deg
[motor_control-2] [INFO] [1770540558.495574111] [motor_control_node]: [LOADING] 角度调整阶段 - 当前航向-3.34deg，目标-169.24deg，差值-165.90deg
[motor_control-2] [INFO] [1770540558.587656147] [motor_control_node]: [LOADING] 角度调整阶段 - 当前航向-3.34deg，目标-169.24deg，差值-165.90deg
[motor_control-2] [INFO] [1770540558.824324872] [motor_control_node]: [LOADING] 角度调整阶段 - 当前航向-3.34deg，目标-169.24deg，差值-165.90deg
[motor_control-2] [INFO] [1770540559.001939586] [motor_control_node]: [LOADING] 角度调整阶段 - 当前航向-3.34deg，目标-169.24deg，差值-165.90deg
[motor_control-2] [INFO] [1770540559.185881404] [motor_control_node]: [LOADING] 角度调整阶段 - 当前航向-3.34deg，目标-169.24deg，差值-165.90deg
[motor_control-2] [INFO] [1770540559.359958570] [motor_control_node]: [LOADING] 角度调整阶段 - 当前航向-3.34deg，目标-169.24deg，差值-165.90deg
[motor_control-2] [INFO] [1770540559.485012031] [motor_control_node]: 进出仓对正yaw_error=-160.09，修正量=0.50
[motor_control-2] [INFO] [1770540559.703676762] [motor_control_node]: [LOADING] 角度调整阶段 - 当前航向-9.15deg，目标-169.24deg，差值-160.09deg
[motor_control-2] [INFO] [1770540559.763124451] [motor_control_node]: 进出仓对正yaw_error=-158.59，修正量=0.50
[motor_control-2] [INFO] [1770540559.798867944] [motor_control_node]: [LOADING] 角度调整阶段 - 当前航向-10.65deg，目标-169.24deg，差值-158.59deg
[motor_control-2] [INFO] [1770540559.881714780] [motor_control_node]: 进出仓对正yaw_error=-156.23，修正量=0.50
[motor_control-2] [INFO] [1770540559.914636204] [motor_control_node]: [LOADING] 角度调整阶段 - 当前航向-13.01deg，目标-169.24deg，差值-156.23deg
[motor_control-2] [INFO] [1770540559.982641000] [motor_control_node]: [LOADING] 角度调整阶段 - 当前航向-13.01deg，目标-169.24deg，差值-156.23deg
[motor_control-2] [INFO] [1770540560.074252328] [motor_control_node]: [LOADING] 角度调整阶段 - 当前航向-13.01deg，目标-169.24deg，差值-156.23deg
[motor_control-2] [INFO] [1770540560.150207572] [motor_control_node]: 进出仓对正yaw_error=-155.19，修正量=0.50
[motor_control-2] [INFO] [1770540560.177833689] [motor_control_node]: [LOADING] 角度调整阶段 - 当前航向-14.05deg，目标-169.24deg，差值-155.19deg
[motor_control-2] [INFO] [1770540560.273760348] [motor_control_node]: [LOADING] 角度调整阶段 - 当前航向-14.05deg，目标-169.24deg，差值-155.19deg
[motor_control-2] [INFO] [1770540560.361549206] [motor_control_node]: 进出仓对正yaw_error=-154.15，修正量=0.50
[motor_control-2] [INFO] [1770540560.455704171] [motor_control_node]: [LOADING] 角度调整阶段 - 当前航向-15.09deg，目标-169.24deg，差值-154.15deg
[motor_control-2] [INFO] [1770540560.706676981] [motor_control_node]: [LOADING] 角度调整阶段 - 当前航向-15.09deg，目标-169.24deg，差值-154.15deg
[motor_control-2] [INFO] [1770540560.842281760] [motor_control_node]: [LOADING] 角度调整阶段 - 当前航向-15.09deg，目标-169.24deg，差值-154.15deg
[motor_control-2] [INFO] [1770540561.041274957] [motor_control_node]: 进出仓对正yaw_error=-153.07，修正量=0.50
[motor_control-2] [INFO] [1770540561.164803609] [motor_control_node]: [LOADING] 角度调整阶段 - 当前航向-16.17deg，目标-169.24deg，差值-153.07deg
[motor_control-2] [INFO] [1770540561.489331063] [motor_control_node]: [LOADING] 角度调整阶段 - 当前航向-16.17deg，目标-169.24deg，差值-153.07deg
[motor_control-2] [INFO] [1770540561.747643955] [motor_control_node]: [LOADING] 角度调整阶段 - 当前航向-16.17deg，目标-169.24deg，差值-153.07deg
[motor_control-2] [INFO] [1770540561.901268687] [motor_control_node]: [LOADING] 角度调整阶段 - 当前航向-16.17deg，目标-169.24deg，差值-153.07deg
[motor_control-2] [INFO] [1770540562.108387400] [motor_control_node]: [LOADING] 角度调整阶段 - 当前航向-16.17deg，目标-169.24deg，差值-153.07deg
[motor_control-2] [INFO] [1770540562.248726229] [motor_control_node]: 进出仓对正yaw_error=-146.49，修正量=0.50
[motor_control-2] [INFO] [1770540562.346187645] [motor_control_node]: [LOADING] 角度调整阶段 - 当前航向-22.75deg，目标-169.24deg，差值-146.49deg
[motor_control-2] [INFO] [1770540562.501748005] [motor_control_node]: 进出仓对正yaw_error=-145.33，修正量=0.50
[motor_control-2] [INFO] [1770540562.685826463] [motor_control_node]: [LOADING] 角度调整阶段 - 当前航向-23.91deg，目标-169.24deg，差值-145.33deg
[motor_control-2] [INFO] [1770540562.755009982] [motor_control_node]: 进出仓对正yaw_error=-144.00，修正量=0.50
[motor_control-2] [INFO] [1770540563.005933977] [motor_control_node]: [LOADING] 角度调整阶段 - 当前航向-25.24deg，目标-169.24deg，差值-144.00deg
[motor_control-2] [INFO] [1770540563.075641596] [motor_control_node]: 进出仓对正yaw_error=-143.22，修正量=0.50
[motor_control-2] [INFO] [1770540563.284472215] [motor_control_node]: [LOADING] 角度调整阶段 - 当前航向-26.02deg，目标-169.24deg，差值-143.22deg
[motor_control-2] [INFO] [1770540563.376450693] [motor_control_node]: 进出仓对正yaw_error=-142.41，修正量=0.50
[motor_control-2] [INFO] [1770540563.443294340] [motor_control_node]: [LOADING] 角度调整阶段 - 当前航向-26.83deg，目标-169.24deg，差值-142.41deg
[motor_control-2] [INFO] [1770540563.519994913] [motor_control_node]: 进出仓对正yaw_error=-141.14，修正量=0.50
[motor_control-2] [INFO] [1770540563.698553974] [motor_control_node]: [LOADING] 角度调整阶段 - 当前航向-28.10deg，目标-169.24deg，差值-141.14deg
[motor_control-2] [INFO] [1770540563.905993994] [motor_control_node]: 进出仓对正yaw_error=-139.81，修正量=0.50
[motor_control-2] [INFO] [1770540564.024799192] [motor_control_node]: [LOADING] 角度调整阶段 - 当前航向-29.43deg，目标-169.24deg，差值-139.81deg
[motor_control-2] [INFO] [1770540564.146178917] [motor_control_node]: 进出仓对正yaw_error=-138.84，修正量=0.50
[motor_control-2] [INFO] [1770540564.296856703] [motor_control_node]: [LOADING] 角度调整阶段 - 当前航向-30.40deg，目标-169.24deg，差值-138.84deg
[motor_control-2] [INFO] [1770540564.445255911] [motor_control_node]: [LOADING] 角度调整阶段 - 当前航向-30.40deg，目标-169.24deg，差值-138.84deg
[motor_control-2] [INFO] [1770540564.619153731] [motor_control_node]: [LOADING] 角度调整阶段 - 当前航向-30.40deg，目标-169.24deg，差值-138.84deg
[motor_control-2] [INFO] [1770540564.824554452] [motor_control_node]: [LOADING] 角度调整阶段 - 当前航向-30.40deg，目标-169.24deg，差值-138.84deg
[motor_control-2] [INFO] [1770540564.897166799] [motor_control_node]: [LOADING] 角度调整阶段 - 当前航向-30.40deg，目标-169.24deg，差值-138.84deg
[motor_control-2] [INFO] [1770540564.952368036] [motor_control_node]: 进出仓对正yaw_error=-133.01，修正量=0.50
[motor_control-2] [INFO] [1770540564.980432686] [motor_control_node]: [LOADING] 角度调整阶段 - 当前航向-36.23deg，目标-169.24deg，差值-133.01deg
[motor_control-2] [INFO] [1770540565.071528871] [motor_control_node]: [LOADING] 角度调整阶段 - 当前航向-36.23deg，目标-169.24deg，差值-133.01deg
[motor_control-2] [INFO] [1770540565.150374964] [motor_control_node]: 进出仓对正yaw_error=-131.89，修正量=0.50
[motor_control-2] [INFO] [1770540565.177532499] [motor_control_node]: [LOADING] 角度调整阶段 - 当前航向-37.35deg，目标-169.24deg，差值-131.89deg
[motor_control-2] [INFO] [1770540565.272132789] [motor_control_node]: [LOADING] 角度调整阶段 - 当前航向-37.35deg，目标-169.24deg，差值-131.89deg
[motor_control-2] [INFO] [1770540565.349263041] [motor_control_node]: 进出仓对正yaw_error=-130.85，修正量=0.50
[motor_control-2] [INFO] [1770540565.376640831] [motor_control_node]: [LOADING] 角度调整阶段 - 当前航向-38.39deg，目标-169.24deg，差值-130.85deg
[motor_control-2] [INFO] [1770540565.471718147] [motor_control_node]: [LOADING] 角度调整阶段 - 当前航向-38.39deg，目标-169.24deg，差值-130.85deg
[motor_control-2] [INFO] [1770540565.572825509] [motor_control_node]: [LOADING] 角度调整阶段 - 当前航向-38.39deg，目标-169.24deg，差值-130.85deg
[motor_control-2] [INFO] [1770540565.649638871] [motor_control_node]: 进出仓对正yaw_error=-129.66，修正量=0.50
[motor_control-2] [INFO] [1770540565.678345557] [motor_control_node]: [LOADING] 角度调整阶段 - 当前航向-39.58deg，目标-169.24deg，差值-129.66deg
[motor_control-2] [INFO] [1770540565.771926744] [motor_control_node]: [LOADING] 角度调整阶段 - 当前航向-39.58deg，目标-169.24deg，差值-129.66deg
[motor_control-2] [INFO] [1770540565.861510785] [motor_control_node]: 进出仓对正yaw_error=-128.53，修正量=0.50
[motor_control-2] [INFO] [1770540565.889427651] [motor_control_node]: [LOADING] 角度调整阶段 - 当前航向-40.71deg，目标-169.24deg，差值-128.53deg
[motor_control-2] [INFO] [1770540565.972557518] [motor_control_node]: [LOADING] 角度调整阶段 - 当前航向-40.71deg，目标-169.24deg，差值-128.53deg
[motor_control-2] [INFO] [1770540566.072979015] [motor_control_node]: [LOADING] 角度调整阶段 - 当前航向-40.71deg，目标-169.24deg，差值-128.53deg
[motor_control-2] [INFO] [1770540566.149592784] [motor_control_node]: 进出仓对正yaw_error=-127.44，修正量=0.50
[motor_control-2] [INFO] [1770540566.177409752] [motor_control_node]: [LOADING] 角度调整阶段 - 当前航向-41.80deg，目标-169.24deg，差值-127.44deg
[motor_control-2] [INFO] [1770540566.271821229] [motor_control_node]: [LOADING] 角度调整阶段 - 当前航向-41.80deg，目标-169.24deg，差值-127.44deg
[motor_control-2] [INFO] [1770540566.349928640] [motor_control_node]: 进出仓对正yaw_error=-126.29，修正量=0.50
[motor_control-2] [INFO] [1770540566.376810823] [motor_control_node]: [LOADING] 角度调整阶段 - 当前航向-42.95deg，目标-169.24deg，差值-126.29deg
[motor_control-2] [INFO] [1770540566.471624703] [motor_control_node]: [LOADING] 角度调整阶段 - 当前航向-42.95deg，目标-169.24deg，差值-126.29deg
[motor_control-2] [INFO] [1770540566.575124321] [motor_control_node]: [LOADING] 角度调整阶段 - 当前航向-42.95deg，目标-169.24deg，差值-126.29deg
[motor_control-2] [INFO] [1770540566.649748787] [motor_control_node]: 进出仓对正yaw_error=-125.10，修正量=0.50
[motor_control-2] [INFO] [1770540566.676181396] [motor_control_node]: [LOADING] 角度调整阶段 - 当前航向-44.14deg，目标-169.24deg，差值-125.10deg
[motor_control-2] [INFO] [1770540566.772131952] [motor_control_node]: [LOADING] 角度调整阶段 - 当前航向-44.14deg，目标-169.24deg，差值-125.10deg
[motor_control-2] [INFO] [1770540566.850530124] [motor_control_node]: 进出仓对正yaw_error=-124.12，修正量=0.50
[motor_control-2] [INFO] [1770540566.877377692] [motor_control_node]: [LOADING] 角度调整阶段 - 当前航向-45.12deg，目标-169.24deg，差值-124.12deg
[motor_control-2] [INFO] [1770540566.972665473] [motor_control_node]: [LOADING] 角度调整阶段 - 当前航向-45.12deg，目标-169.24deg，差值-124.12deg
[motor_control-2] [INFO] [1770540567.072810409] [motor_control_node]: [LOADING] 角度调整阶段 - 当前航向-45.12deg，目标-169.24deg，差值-124.12deg
[motor_control-2] [INFO] [1770540567.172743159] [motor_control_node]: [LOADING] 角度调整阶段 - 当前航向-45.12deg，目标-169.24deg，差值-124.12deg
[motor_control-2] [INFO] [1770540567.272917010] [motor_control_node]: [LOADING] 角度调整阶段 - 当前航向-45.12deg，目标-169.24deg，差值-124.12deg
[motor_control-2] [INFO] [1770540567.373417613] [motor_control_node]: [LOADING] 角度调整阶段 - 当前航向-45.12deg，目标-169.24deg，差值-124.12deg
[motor_control-2] [INFO] [1770540567.473209343] [motor_control_node]: [LOADING] 角度调整阶段 - 当前航向-45.12deg，目标-169.24deg，差值-124.12deg
[motor_control-2] [INFO] [1770540567.572409340] [motor_control_node]: [LOADING] 角度调整阶段 - 当前航向-45.12deg，目标-169.24deg，差值-124.12deg
[motor_control-2] [INFO] [1770540567.673296320] [motor_control_node]: [LOADING] 角度调整阶段 - 当前航向-45.12deg，目标-169.24deg，差值-124.12deg
[motor_control-2] [INFO] [1770540567.773469563] [motor_control_node]: [LOADING] 角度调整阶段 - 当前航向-45.12deg，目标-169.24deg，差值-124.12deg
[motor_control-2] [INFO] [1770540567.872530389] [motor_control_node]: [LOADING] 角度调整阶段 - 当前航向-45.12deg，目标-169.24deg，差值-124.12deg
[motor_control-2] [INFO] [1770540567.972863887] [motor_control_node]: [LOADING] 角度调整阶段 - 当前航向-45.12deg，目标-169.24deg，差值-124.12deg
[motor_control-2] [INFO] [1770540568.072272956] [motor_control_node]: [LOADING] 角度调整阶段 - 当前航向-45.12deg，目标-169.24deg，差值-124.12deg
[motor_control-2] [INFO] [1770540568.149564901] [motor_control_node]: 进出仓对正yaw_error=-117.81，修正量=0.50
[motor_control-2] [INFO] [1770540568.176303249] [motor_control_node]: [LOADING] 角度调整阶段 - 当前航向-51.43deg，目标-169.24deg，差值-117.81deg
[motor_control-2] [INFO] [1770540568.272694794] [motor_control_node]: [LOADING] 角度调整阶段 - 当前航向-51.43deg，目标-169.24deg，差值-117.81deg
[motor_control-2] [INFO] [1770540568.349920889] [motor_control_node]: 进出仓对正yaw_error=-116.86，修正量=0.50
[motor_control-2] [INFO] [1770540568.376020971] [motor_control_node]: [LOADING] 角度调整阶段 - 当前航向-52.38deg，目标-169.24deg，差值-116.86deg
[motor_control-2] [INFO] [1770540568.472986988] [motor_control_node]: [LOADING] 角度调整阶段 - 当前航向-52.38deg，目标-169.24deg，差值-116.86deg
[motor_control-2] [INFO] [1770540568.572182028] [motor_control_node]: [LOADING] 角度调整阶段 - 当前航向-52.38deg，目标-169.24deg，差值-116.86deg
[motor_control-2] [INFO] [1770540568.650879288] [motor_control_node]: 进出仓对正yaw_error=-115.65，修正量=0.50
[motor_control-2] [INFO] [1770540568.677798513] [motor_control_node]: [LOADING] 角度调整阶段 - 当前航向-53.59deg，目标-169.24deg，差值-115.65deg
[motor_control-2] [INFO] [1770540568.771134527] [motor_control_node]: [LOADING] 角度调整阶段 - 当前航向-53.59deg，目标-169.24deg，差值-115.65deg
[motor_control-2] [INFO] [1770540568.850516453] [motor_control_node]: 进出仓对正yaw_error=-114.47，修正量=0.50
[motor_control-2] [INFO] [1770540568.877733799] [motor_control_node]: [LOADING] 角度调整阶段 - 当前航向-54.77deg，目标-169.24deg，差值-114.47deg
[motor_control-2] [INFO] [1770540568.973482475] [motor_control_node]: [LOADING] 角度调整阶段 - 当前航向-54.77deg，目标-169.24deg，差值-114.47deg
[motor_control-2] [INFO] [1770540569.072142804] [motor_control_node]: [LOADING] 角度调整阶段 - 当前航向-54.77deg，目标-169.24deg，差值-114.47deg
[motor_control-2] [INFO] [1770540569.150749726] [motor_control_node]: 进出仓对正yaw_error=-113.28，修正量=0.50
[motor_control-2] [INFO] [1770540569.177654075] [motor_control_node]: [LOADING] 角度调整阶段 - 当前航向-55.96deg，目标-169.24deg，差值-113.28deg
[motor_control-2] [INFO] [1770540569.272075059] [motor_control_node]: [LOADING] 角度调整阶段 - 当前航向-55.96deg，目标-169.24deg，差值-113.28deg
[motor_control-2] [INFO] [1770540569.352339509] [motor_control_node]: 进出仓对正yaw_error=-112.13，修正量=0.50
[motor_control-2] [INFO] [1770540569.381236501] [motor_control_node]: [LOADING] 角度调整阶段 - 当前航向-57.11deg，目标-169.24deg，差值-112.13deg
[motor_control-2] [INFO] [1770540569.472166663] [motor_control_node]: [LOADING] 角度调整阶段 - 当前航向-57.11deg，目标-169.24deg，差值-112.13deg
[motor_control-2] [INFO] [1770540569.571655833] [motor_control_node]: [LOADING] 角度调整阶段 - 当前航向-57.11deg，目标-169.24deg，差值-112.13deg
[motor_control-2] [INFO] [1770540569.650857436] [motor_control_node]: 进出仓对正yaw_error=-110.94，修正量=0.50
[motor_control-2] [INFO] [1770540569.678318147] [motor_control_node]: [LOADING] 角度调整阶段 - 当前航向-58.30deg，目标-169.24deg，差值-110.94deg
[motor_control-2] [INFO] [1770540569.771758775] [motor_control_node]: [LOADING] 角度调整阶段 - 当前航向-58.30deg，目标-169.24deg，差值-110.94deg
[motor_control-2] [INFO] [1770540569.851191098] [motor_control_node]: 进出仓对正yaw_error=-109.77，修正量=0.50
[motor_control-2] [INFO] [1770540569.878811648] [motor_control_node]: [LOADING] 角度调整阶段 - 当前航向-59.47deg，目标-169.24deg，差值-109.77deg
[motor_control-2] [INFO] [1770540569.972900190] [motor_control_node]: [LOADING] 角度调整阶段 - 当前航向-59.47deg，目标-169.24deg，差值-109.77deg
[motor_control-2] [INFO] [1770540570.072705445] [motor_control_node]: [LOADING] 角度调整阶段 - 当前航向-59.47deg，目标-169.24deg，差值-109.77deg
[motor_control-2] [INFO] [1770540570.149673991] [motor_control_node]: 进出仓对正yaw_error=-108.61，修正量=0.50
[motor_control-2] [INFO] [1770540570.176332350] [motor_control_node]: [LOADING] 角度调整阶段 - 当前航向-60.63deg，目标-169.24deg，差值-108.61deg
[motor_control-2] [INFO] [1770540570.272058713] [motor_control_node]: [LOADING] 角度调整阶段 - 当前航向-60.63deg，目标-169.24deg，差值-108.61deg
[motor_control-2] [INFO] [1770540570.350575666] [motor_control_node]: 进出仓对正yaw_error=-108.41，修正量=0.50
[motor_control-2] [INFO] [1770540570.378154734] [motor_control_node]: [LOADING] 角度调整阶段 - 当前航向-60.83deg，目标-169.24deg，差值-108.41deg
[motor_control-2] [INFO] [1770540570.471964534] [motor_control_node]: [LOADING] 角度调整阶段 - 当前航向-60.83deg，目标-169.24deg，差值-108.41deg
[motor_control-2] [INFO] [1770540570.571780556] [motor_control_node]: [LOADING] 角度调整阶段 - 当前航向-60.83deg，目标-169.24deg，差值-108.41deg
[motor_control-2] [INFO] [1770540570.672291966] [motor_control_node]: [LOADING] 角度调整阶段 - 当前航向-60.83deg，目标-169.24deg，差值-108.41deg
[motor_control-2] [INFO] [1770540570.772152091] [motor_control_node]: [LOADING] 角度调整阶段 - 当前航向-60.83deg，目标-169.24deg，差值-108.41deg
[motor_control-2] [INFO] [1770540570.871216904] [motor_control_node]: [LOADING] 角度调整阶段 - 当前航向-60.83deg，目标-169.24deg，差值-108.41deg
[motor_control-2] [INFO] [1770540570.972987490] [motor_control_node]: [LOADING] 角度调整阶段 - 当前航向-60.83deg，目标-169.24deg，差值-108.41deg
[motor_control-2] [INFO] [1770540571.072682272] [motor_control_node]: [LOADING] 角度调整阶段 - 当前航向-60.83deg，目标-169.24deg，差值-108.41deg
[motor_control-2] [INFO] [1770540571.172805149] [motor_control_node]: [LOADING] 角度调整阶段 - 当前航向-60.83deg，目标-169.24deg，差值-108.41deg
[motor_control-2] [INFO] [1770540571.273176721] [motor_control_node]: [LOADING] 角度调整阶段 - 当前航向-60.83deg，目标-169.24deg，差值-108.41deg
[motor_control-2] [INFO] [1770540571.372867284] [motor_control_node]: [LOADING] 角度调整阶段 - 当前航向-60.83deg，目标-169.24deg，差值-108.41deg
[motor_control-2] [INFO] [1770540571.471824426] [motor_control_node]: [LOADING] 角度调整阶段 - 当前航向-60.83deg，目标-169.24deg，差值-108.41deg
[motor_control-2] [INFO] [1770540571.573013621] [motor_control_node]: [LOADING] 角度调整阶段 - 当前航向-60.83deg，目标-169.24deg，差值-108.41deg
[motor_control-2] [INFO] [1770540571.649012065] [motor_control_node]: 进出仓对正yaw_error=-101.61，修正量=0.50
[motor_control-2] [INFO] [1770540571.675669810] [motor_control_node]: [LOADING] 角度调整阶段 - 当前航向-67.63deg，目标-169.24deg，差值-101.61deg
[motor_control-2] [INFO] [1770540571.772127035] [motor_control_node]: [LOADING] 角度调整阶段 - 当前航向-67.63deg，目标-169.24deg，差值-101.61deg
[motor_control-2] [INFO] [1770540571.850083235] [motor_control_node]: 进出仓对正yaw_error=-100.44，修正量=0.50
[motor_control-2] [INFO] [1770540571.877345510] [motor_control_node]: [LOADING] 角度调整阶段 - 当前航向-68.80deg，目标-169.24deg，差值-100.44deg
[motor_control-2] [INFO] [1770540571.972645027] [motor_control_node]: [LOADING] 角度调整阶段 - 当前航向-68.80deg，目标-169.24deg，差值-100.44deg
[motor_control-2] [INFO] [1770540572.072839588] [motor_control_node]: [LOADING] 角度调整阶段 - 当前航向-68.80deg，目标-169.24deg，差值-100.44deg
[motor_control-2] [INFO] [1770540572.149955605] [motor_control_node]: 进出仓对正yaw_error=-99.28，修正量=0.50
[motor_control-2] [INFO] [1770540572.177287265] [motor_control_node]: [LOADING] 角度调整阶段 - 当前航向-69.96deg，目标-169.24deg，差值-99.28deg
[motor_control-2] [INFO] [1770540572.273174297] [motor_control_node]: [LOADING] 角度调整阶段 - 当前航向-69.96deg，目标-169.24deg，差值-99.28deg
[motor_control-2] [INFO] [1770540572.349445251] [motor_control_node]: 进出仓对正yaw_error=-98.16，修正量=0.50
[motor_control-2] [INFO] [1770540572.377064779] [motor_control_node]: [LOADING] 角度调整阶段 - 当前航向-71.08deg，目标-169.24deg，差值-98.16deg
[motor_control-2] [INFO] [1770540572.473092996] [motor_control_node]: [LOADING] 角度调整阶段 - 当前航向-71.08deg，目标-169.24deg，差值-98.16deg
[motor_control-2] [INFO] [1770540572.571784693] [motor_control_node]: [LOADING] 角度调整阶段 - 当前航向-71.08deg，目标-169.24deg，差值-98.16deg
[motor_control-2] [INFO] [1770540572.649266748] [motor_control_node]: 进出仓对正yaw_error=-96.93，修正量=0.50
[motor_control-2] [INFO] [1770540572.676974845] [motor_control_node]: [LOADING] 角度调整阶段 - 当前航向-72.31deg，目标-169.24deg，差值-96.93deg
[motor_control-2] [INFO] [1770540572.772041730] [motor_control_node]: [LOADING] 角度调整阶段 - 当前航向-72.31deg，目标-169.24deg，差值-96.93deg
[motor_control-2] [INFO] [1770540572.946156079] [motor_control_node]: 进出仓对正yaw_error=-95.77，修正量=0.50
[motor_control-2] [INFO] [1770540573.088098305] [motor_control_node]: [LOADING] 角度调整阶段 - 当前航向-73.47deg，目标-169.24deg，差值-95.77deg
[motor_control-2] [INFO] [1770540573.293174921] [motor_control_node]: [LOADING] 角度调整阶段 - 当前航向-73.47deg，目标-169.24deg，差值-95.77deg
[motor_control-2] [INFO] [1770540573.456424529] [motor_control_node]: 进出仓对正yaw_error=-94.82，修正量=0.50
[motor_control-2] [INFO] [1770540573.661580380] [motor_control_node]: [LOADING] 角度调整阶段 - 当前航向-74.42deg，目标-169.24deg，差值-94.82deg
[motor_control-2] [INFO] [1770540573.822436736] [motor_control_node]: 进出仓对正yaw_error=-93.75，修正量=0.50
[motor_control-2] [INFO] [1770540573.935751753] [motor_control_node]: [LOADING] 角度调整阶段 - 当前航向-75.49deg，目标-169.24deg，差值-93.75deg
[motor_control-2] [INFO] [1770540574.167750756] [motor_control_node]: [LOADING] 角度调整阶段 - 当前航向-75.49deg，目标-169.24deg，差值-93.75deg
[motor_control-2] [INFO] [1770540574.400149367] [motor_control_node]: [LOADING] 角度调整阶段 - 当前航向-75.49deg，目标-169.24deg，差值-93.75deg
[motor_control-2] [INFO] [1770540574.551655999] [motor_control_node]: [LOADING] 角度调整阶段 - 当前航向-75.49deg，目标-169.24deg，差值-93.75deg
[motor_control-2] [INFO] [1770540574.791734329] [motor_control_node]: [LOADING] 角度调整阶段 - 当前航向-75.49deg，目标-169.24deg，差值-93.75deg
[motor_control-2] [INFO] [1770540574.921783213] [motor_control_node]: 进出仓对正yaw_error=-87.37，修正量=0.50
[motor_control-2] [INFO] [1770540574.996365088] [motor_control_node]: [LOADING] 角度调整阶段 - 当前航向-81.87deg，目标-169.24deg，差值-87.37deg
[motor_control-2] [INFO] [1770540575.180385790] [motor_control_node]: 进出仓对正yaw_error=-86.23，修正量=0.50
[motor_control-2] [INFO] [1770540575.297575709] [motor_control_node]: [LOADING] 角度调整阶段 - 当前航向-83.01deg，目标-169.24deg，差值-86.23deg
[motor_control-2] [INFO] [1770540575.554510250] [motor_control_node]: [LOADING] 角度调整阶段 - 当前航向-83.01deg，目标-169.24deg，差值-86.23deg
[motor_control-2] [INFO] [1770540575.710278146] [motor_control_node]: 进出仓对正yaw_error=-84.89，修正量=0.50
[motor_control-2] [INFO] [1770540575.758048737] [motor_control_node]: [LOADING] 角度调整阶段 - 当前航向-84.35deg，目标-169.24deg，差值-84.89deg
[motor_control-2] [INFO] [1770540575.965293067] [motor_control_node]: 进出仓对正yaw_error=-84.23，修正量=0.50
[motor_control-2] [INFO] [1770540576.170065460] [motor_control_node]: [LOADING] 角度调整阶段 - 当前航向-85.01deg，目标-169.24deg，差值-84.23deg
[motor_control-2] [INFO] [1770540576.308384924] [motor_control_node]: 进出仓对正yaw_error=-83.12，修正量=0.50
[motor_control-2] [INFO] [1770540576.538384582] [motor_control_node]: [LOADING] 角度调整阶段 - 当前航向-86.12deg，目标-169.24deg，差值-83.12deg
[motor_control-2] [INFO] [1770540576.607424667] [motor_control_node]: 进出仓对正yaw_error=-81.68，修正量=0.50
[motor_control-2] [INFO] [1770540576.685352961] [motor_control_node]: [LOADING] 角度调整阶段 - 当前航向-87.56deg，目标-169.24deg，差值-81.68deg
[motor_control-2] [INFO] [1770540576.894590876] [motor_control_node]: 进出仓对正yaw_error=-81.20，修正量=0.50
[motor_control-2] [INFO] [1770540577.109352005] [motor_control_node]: [LOADING] 角度调整阶段 - 当前航向-88.04deg，目标-169.24deg，差值-81.20deg
[motor_control-2] [INFO] [1770540577.315725346] [motor_control_node]: 进出仓对正yaw_error=-80.09，修正量=0.50
[motor_control-2] [INFO] [1770540577.519644270] [motor_control_node]: [LOADING] 角度调整阶段 - 当前航向-89.15deg，目标-169.24deg，差值-80.09deg
[motor_control-2] [INFO] [1770540577.806376469] [motor_control_node]: 进出仓对正yaw_error=-79.19，修正量=0.50
[motor_control-2] [INFO] [1770540578.013566966] [motor_control_node]: [LOADING] 角度调整阶段 - 当前航向-90.05deg，目标-169.24deg，差值-79.19deg
[motor_control-2] [INFO] [1770540578.151693145] [motor_control_node]: [LOADING] 角度调整阶段 - 当前航向-90.05deg，目标-169.24deg，差值-79.19deg
[motor_control-2] [INFO] [1770540578.289792018] [motor_control_node]: [LOADING] 角度调整阶段 - 当前航向-90.05deg，目标-169.24deg，差值-79.19deg
[motor_control-2] [INFO] [1770540578.343385009] [motor_control_node]: 进出仓对正yaw_error=-75.76，修正量=0.50
[motor_control-2] [INFO] [1770540578.370219160] [motor_control_node]: [LOADING] 角度调整阶段 - 当前航向-93.48deg，目标-169.24deg，差值-75.76deg
[motor_control-2] [INFO] [1770540578.456137736] [motor_control_node]: 进出仓对正yaw_error=-73.43，修正量=0.50
[motor_control-2] [INFO] [1770540578.483324168] [motor_control_node]: [LOADING] 角度调整阶段 - 当前航向-95.81deg，目标-169.24deg，差值-73.43deg
[motor_control-2] [INFO] [1770540578.548890910] [motor_control_node]: 进出仓对正yaw_error=-71.90，修正量=0.50
[motor_control-2] [INFO] [1770540578.575235493] [motor_control_node]: [LOADING] 角度调整阶段 - 当前航向-97.34deg，目标-169.24deg，差值-71.90deg
[motor_control-2] [INFO] [1770540578.650018774] [motor_control_node]: 进出仓对正yaw_error=-70.69，修正量=0.50
[motor_control-2] [INFO] [1770540578.676776520] [motor_control_node]: [LOADING] 角度调整阶段 - 当前航向-98.55deg，目标-169.24deg，差值-70.69deg
[motor_control-2] [INFO] [1770540578.771784375] [motor_control_node]: [LOADING] 角度调整阶段 - 当前航向-98.55deg，目标-169.24deg，差值-70.69deg
[motor_control-2] [INFO] [1770540578.849334654] [motor_control_node]: 进出仓对正yaw_error=-69.75，修正量=0.50
[motor_control-2] [INFO] [1770540578.875954424] [motor_control_node]: [LOADING] 角度调整阶段 - 当前航向-99.49deg，目标-169.24deg，差值-69.75deg
[motor_control-2] [INFO] [1770540578.972176417] [motor_control_node]: [LOADING] 角度调整阶段 - 当前航向-99.49deg，目标-169.24deg，差值-69.75deg
[motor_control-2] [INFO] [1770540579.072816093] [motor_control_node]: [LOADING] 角度调整阶段 - 当前航向-99.49deg，目标-169.24deg，差值-69.75deg
[motor_control-2] [INFO] [1770540579.149934968] [motor_control_node]: 进出仓对正yaw_error=-68.52，修正量=0.50
[motor_control-2] [INFO] [1770540579.177123651] [motor_control_node]: [LOADING] 角度调整阶段 - 当前航向-100.72deg，目标-169.24deg，差值-68.52deg
[motor_control-2] [INFO] [1770540579.273119269] [motor_control_node]: [LOADING] 角度调整阶段 - 当前航向-100.72deg，目标-169.24deg，差值-68.52deg
[motor_control-2] [INFO] [1770540579.350108123] [motor_control_node]: 进出仓对正yaw_error=-68.03，修正量=0.50
[motor_control-2] [INFO] [1770540579.376748364] [motor_control_node]: [LOADING] 角度调整阶段 - 当前航向-101.21deg，目标-169.24deg，差值-68.03deg
[motor_control-2] [INFO] [1770540579.473612310] [motor_control_node]: [LOADING] 角度调整阶段 - 当前航向-101.21deg，目标-169.24deg，差值-68.03deg
[motor_control-2] [INFO] [1770540579.571923754] [motor_control_node]: [LOADING] 角度调整阶段 - 当前航向-101.21deg，目标-169.24deg，差值-68.03deg
[motor_control-2] [INFO] [1770540579.672270633] [motor_control_node]: [LOADING] 角度调整阶段 - 当前航向-101.21deg，目标-169.24deg，差值-68.03deg
[motor_control-2] [INFO] [1770540579.772996423] [motor_control_node]: [LOADING] 角度调整阶段 - 当前航向-101.21deg，目标-169.24deg，差值-68.03deg
[motor_control-2] [INFO] [1770540580.020505082] [motor_control_node]: [LOADING] 角度调整阶段 - 当前航向-101.21deg，目标-169.24deg，差值-68.03deg
[motor_control-2] [INFO] [1770540580.286244174] [motor_control_node]: [LOADING] 角度调整阶段 - 当前航向-101.21deg，目标-169.24deg，差值-68.03deg
[motor_control-2] [INFO] [1770540580.405435329] [motor_control_node]: [LOADING] 角度调整阶段 - 当前航向-101.21deg，目标-169.24deg，差值-68.03deg
[motor_control-2] [INFO] [1770540580.482270609] [motor_control_node]: 进出仓对正yaw_error=-63.57，修正量=0.50
[motor_control-2] [INFO] [1770540580.510646266] [motor_control_node]: [LOADING] 角度调整阶段 - 当前航向-105.67deg，目标-169.24deg，差值-63.57deg
[motor_control-2] [INFO] [1770540580.557312057] [motor_control_node]: 进出仓对正yaw_error=-61.94，修正量=0.50
[motor_control-2] [INFO] [1770540580.584019646] [motor_control_node]: [LOADING] 角度调整阶段 - 当前航向-107.30deg，目标-169.24deg，差值-61.94deg
[motor_control-2] [INFO] [1770540580.648703869] [motor_control_node]: 进出仓对正yaw_error=-60.29，修正量=0.50
[motor_control-2] [INFO] [1770540580.675291735] [motor_control_node]: [LOADING] 角度调整阶段 - 当前航向-108.95deg，目标-169.24deg，差值-60.29deg
[motor_control-2] [INFO] [1770540580.772658893] [motor_control_node]: [LOADING] 角度调整阶段 - 当前航向-108.95deg，目标-169.24deg，差值-60.29deg
[motor_control-2] [INFO] [1770540580.849251286] [motor_control_node]: 进出仓对正yaw_error=-59.31，修正量=0.50
[motor_control-2] [INFO] [1770540580.876394837] [motor_control_node]: [LOADING] 角度调整阶段 - 当前航向-109.93deg，目标-169.24deg，差值-59.31deg
[motor_control-2] [INFO] [1770540580.971381783] [motor_control_node]: [LOADING] 角度调整阶段 - 当前航向-109.93deg，目标-169.24deg，差值-59.31deg
[motor_control-2] [INFO] [1770540581.071802012] [motor_control_node]: [LOADING] 角度调整阶段 - 当前航向-109.93deg，目标-169.24deg，差值-59.31deg
[motor_control-2] [INFO] [1770540581.150280373] [motor_control_node]: 进出仓对正yaw_error=-58.01，修正量=0.50
[motor_control-2] [INFO] [1770540581.176582505] [motor_control_node]: [LOADING] 角度调整阶段 - 当前航向-111.23deg，目标-169.24deg，差值-58.01deg
[motor_control-2] [INFO] [1770540581.272487173] [motor_control_node]: [LOADING] 角度调整阶段 - 当前航向-111.23deg，目标-169.24deg，差值-58.01deg
[motor_control-2] [INFO] [1770540581.349868451] [motor_control_node]: 进出仓对正yaw_error=-56.71，修正量=0.50
[motor_control-2] [INFO] [1770540581.375762239] [motor_control_node]: [LOADING] 角度调整阶段 - 当前航向-112.53deg，目标-169.24deg，差值-56.71deg
[motor_control-2] [INFO] [1770540581.473017071] [motor_control_node]: [LOADING] 角度调整阶段 - 当前航向-112.53deg，目标-169.24deg，差值-56.71deg
[motor_control-2] [INFO] [1770540581.572749580] [motor_control_node]: [LOADING] 角度调整阶段 - 当前航向-112.53deg，目标-169.24deg，差值-56.71deg
[motor_control-2] [INFO] [1770540581.648799521] [motor_control_node]: 进出仓对正yaw_error=-55.36，修正量=0.50
[motor_control-2] [INFO] [1770540581.676186287] [motor_control_node]: [LOADING] 角度调整阶段 - 当前航向-113.88deg，目标-169.24deg，差值-55.36deg
[motor_control-2] [INFO] [1770540581.771776780] [motor_control_node]: [LOADING] 角度调整阶段 - 当前航向-113.88deg，目标-169.24deg，差值-55.36deg
[motor_control-2] [INFO] [1770540581.849982183] [motor_control_node]: 进出仓对正yaw_error=-54.16，修正量=0.50
[motor_control-2] [INFO] [1770540581.876105726] [motor_control_node]: [LOADING] 角度调整阶段 - 当前航向-115.08deg，目标-169.24deg，差值-54.16deg
[motor_control-2] [INFO] [1770540581.973217310] [motor_control_node]: [LOADING] 角度调整阶段 - 当前航向-115.08deg，目标-169.24deg，差值-54.16deg
[motor_control-2] [INFO] [1770540582.071644377] [motor_control_node]: [LOADING] 角度调整阶段 - 当前航向-115.08deg，目标-169.24deg，差值-54.16deg
[motor_control-2] [INFO] [1770540582.149623834] [motor_control_node]: 进出仓对正yaw_error=-53.65，修正量=0.50
[motor_control-2] [INFO] [1770540582.175286172] [motor_control_node]: [LOADING] 角度调整阶段 - 当前航向-115.59deg，目标-169.24deg，差值-53.65deg
[motor_control-2] [INFO] [1770540582.273082419] [motor_control_node]: [LOADING] 角度调整阶段 - 当前航向-115.59deg，目标-169.24deg，差值-53.65deg
[motor_control-2] [INFO] [1770540582.504624465] [motor_control_node]: [LOADING] 角度调整阶段 - 当前航向-115.59deg，目标-169.24deg，差值-53.65deg
[motor_control-2] [INFO] [1770540582.755363329] [motor_control_node]: [LOADING] 角度调整阶段 - 当前航向-115.59deg，目标-169.24deg，差值-53.65deg
[motor_control-2] [INFO] [1770540582.891048436] [motor_control_node]: [LOADING] 角度调整阶段 - 当前航向-115.59deg，目标-169.24deg，差值-53.65deg
[motor_control-2] [INFO] [1770540583.008476864] [motor_control_node]: 进出仓对正yaw_error=-50.32，修正量=0.50
[motor_control-2] [INFO] [1770540583.144319854] [motor_control_node]: [LOADING] 角度调整阶段 - 当前航向-118.92deg，目标-169.24deg，差值-50.32deg
[motor_control-2] [INFO] [1770540583.328526399] [motor_control_node]: 进出仓对正yaw_error=-48.73，修正量=0.50
[motor_control-2] [INFO] [1770540583.512615965] [motor_control_node]: [LOADING] 角度调整阶段 - 当前航向-120.51deg，目标-169.24deg，差值-48.73deg
[motor_control-2] [INFO] [1770540583.696574705] [motor_control_node]: 进出仓对正yaw_error=-47.11，修正量=0.50
[motor_control-2] [INFO] [1770540583.949389460] [motor_control_node]: [LOADING] 角度调整阶段 - 当前航向-122.13deg，目标-169.24deg，差值-47.11deg
[motor_control-2] [INFO] [1770540584.081699075] [motor_control_node]: 进出仓对正yaw_error=-46.03，修正量=0.50
[motor_control-2] [INFO] [1770540584.280691516] [motor_control_node]: [LOADING] 角度调整阶段 - 当前航向-123.21deg，目标-169.24deg，差值-46.03deg
[motor_control-2] [WARN] [1770540584.391744824] [motor_control_node]: [LOADING] 角度调整超时，强制进入后退阶段
[motor_control-2] [INFO] [1770540584.466384020] [motor_control_node]: [LOADING] 后退进仓阶段 - 已持续0.4秒
[motor_control-2] [INFO] [1770540585.472940824] [motor_control_node]: [LOADING] 后退进仓阶段 - 已持续1.5秒
[motor_control-2] [INFO] [1770540586.471684935] [motor_control_node]: [LOADING] 后退进仓阶段 - 已持续2.5秒
[motor_control-2] [INFO] [1770540587.572555359] [motor_control_node]: [LOADING] 后退进仓阶段 - 已持续3.6秒
[motor_control-2] [INFO] [1770540588.672473489] [motor_control_node]: [LOADING] 后退进仓阶段 - 已持续4.7秒
[motor_control-2] [INFO] [1770540589.772319305] [motor_control_node]: [LOADING] 后退进仓阶段 - 已持续5.8秒
[motor_control-2] [INFO] [1770540590.772295553] [motor_control_node]: [LOADING] 后退进仓阶段 - 已持续6.8秒
[motor_control-2] [INFO] [1770540591.772581062] [motor_control_node]: [LOADING] 后退进仓阶段 - 已持续7.8秒
[motor_control-2] [INFO] [1770540592.872391404] [motor_control_node]: [LOADING] 后退进仓阶段 - 已持续8.9秒
[motor_control-2] [INFO] [1770540593.971503544] [motor_control_node]: [LOADING] 后退进仓阶段 - 已持续10.0秒
[motor_control-2] [INFO] [1770540594.051601047] [motor_control_node]: [LOADING] 后退进仓完成，进入完成阶段
[motor_control-2] [INFO] [1770540594.151469347] [motor_control_node]: [LOADING] 进仓流程完成，电机停止
[rtk_nav-4] [INFO] [1770540602.714282870] [rtk_nav]: 切换到RTK模式，导航状态：COMPLETED
[rtk_nav-4] [INFO] [1770540602.810974392] [rtk_nav]: [ROSNode] 启动/恢复RTK多点导航
[rtk_nav-4] [INFO] [1770540602.814227833] [rtk_nav]: 从状态COMPLETED恢复导航
[rtk_nav-4] [INFO] [1770540602.817752131] [rtk_nav]: [ROSNode] RTK多点导航全部完成
[motor_control-2] [INFO] [1770540602.819823578] [motor_control_node]: [ROSNode] 已处于LOADING状态，无需切换
[sensors_485-3] [WARN] [1770540849.790927772] [Sensors_485_node]: IO: CRC check failed
[rtk_nav-4] [INFO] [1770540876.287777786] [rtk_nav]: GPS状态：单点
[rtk_nav-4] [INFO] [1770540882.289593144] [rtk_nav]: GPS状态：差分
[sensors_485-3] [WARN] [1770540919.805124767] [Sensors_485_node]: IO: CRC check failed
[rtk_nav-4] [INFO] [1770540946.788197880] [rtk_nav]: GPS状态：单点
[sensors_485-3] [WARN] [1770540949.815560224] [Sensors_485_node]: IO: CRC check failed
[rtk_nav-4] [INFO] [1770540965.288939529] [rtk_nav]: GPS状态：未定位
[mqtt_ros2_bridge-1] [0m[INFO] [1770543662.757105229] [mqtt]: 
[mqtt_ros2_bridge-1] [收到消息] 
[mqtt_ros2_bridge-1]   ├─ 主题: robot/ROS2_VM/cmd
[mqtt_ros2_bridge-1]   ├─ QoS: 0
[mqtt_ros2_bridge-1]   └─ 内容: g[0m
[mqtt_ros2_bridge-1] [0m[INFO] [1770543662.761677273] [mqtt]: [MQTT->ROS2] 已发布到 /robot_cmd: g[0m
[motor_control-2] [WARN] [1770543662.766631443] [motor_control_node]: [ROSNode] 消息不是有效JSON字典，尝试按字符串处理: g, 错误: Expecting value: line 1 column 1 (char 0)
[motor_control-2] [ERROR] [1770543662.773756486] [motor_control_node]: [ROSNode] 无效的字符串指令：g (仅支持: ['z', 'x', 'w', 's', 'a', 'd', 'l', 'u', 'r'])
[mqtt_ros2_bridge-1] [0m[INFO] [1770543662.777728884] [mqtt]: [ROS2] 收到robot_state: {"status": "LOADING", "battery": null, "battery_total_voltage": null, "battery_current": null, "imu_yaw": 172.1699981689453, "rtk_status": 0, "current_lon": 0.0, "current_lat": 0.0, "sensors_status": 3, "timestamp": "2026-02-08 17:41:02"}[0m
[motor_control-2] [INFO] [1770543662.781940207] [motor_control_node]: [ROSNode] 成功发布状态: {"status": "LOADING", "battery": null, "battery_total_voltage": null, "battery_current": null, "imu_yaw": 172.1699981689453, "rtk_status": 0, "current_lon": 0.0, "current_lat": 0.0, "sensors_status": 3, "timestamp": "2026-02-08 17:41:02"}
[mqtt_ros2_bridge-1] [0m[INFO] [1770543662.785226313] [mqtt]: 
[mqtt_ros2_bridge-1] [状态] 消息发布成功 (消息ID: 9, 原因代码: Success)[0m
