#序号,经度,纬度,航向角(度)
#area_0
1,110.64741580,35.60550355,269.88
2,110.64726664,35.60550329,359.88
3,110.64726661,35.60551449,89.88
4,110.64741577,35.60551476,359.88
5,110.64741574,35.60552596,269.88
6,110.64726658,35.60552570,359.88
7,110.64726655,35.60553690,89.88
8,110.64741571,35.60553717,359.88
9,110.64741568,35.60554837,269.88
10,110.64726652,35.60554811,359.88
11,110.64726649,35.60555931,89.88
12,110.64741565,35.60555958,359.88
13,110.64741562,35.60557078,269.88
14,110.64726646,35.60557052,359.88
15,110.64726643,35.60558173,89.88
16,110.64741559,35.60558199,359.88
17,110.64741556,35.60559319,269.88
18,110.64726640,35.60559293,359.88
19,110.64726638,35.60560414,89.88
20,110.64741553,35.60560440,359.88
21,110.64741550,35.60561561,269.88
22,110.64726635,35.60561534,359.88
23,110.64726632,35.60562655,89.88
24,110.64741547,35.60562681,359.88
25,110.64741544,35.60563802,269.88
26,110.64726629,35.60563775,359.88
27,110.64726626,35.60564896,89.88
28,110.64741541,35.60564922,359.88
29,110.64741538,35.60566043,269.88
30,110.64726623,35.60566016,359.88
31,110.64726620,35.60567137,89.88
32,110.64741535,35.60567163,359.88
33,110.64741532,35.60568284,269.88
34,110.64726617,35.60568257,89.88
35,110.64741532,35.60568284,359.96
#area_1
36,110.64741529,35.60571844,269.76
37,110.64726601,35.60571794,359.77
38,110.64726595,35.60572914,89.76
39,110.64741523,35.60572964,359.77
40,110.64741518,35.60574084,269.76
41,110.64726589,35.60574034,359.77
42,110.64726584,35.60575154,89.76
43,110.64741512,35.60575204,359.77
44,110.64741506,35.60576324,269.76
45,110.64726578,35.60576274,359.77
46,110.64726573,35.60577395,89.76
47,110.64741501,35.60577444,359.77
48,110.64741495,35.60578565,269.76
49,110.64726567,35.60578515,359.77
50,110.64726561,35.60579635,89.76
51,110.64741490,35.60579685,359.77
52,110.64741484,35.60580805,269.76
53,110.64726556,35.60580755,359.77
54,110.64726550,35.60581875,89.76
55,110.64741478,35.60581925,359.77
56,110.64741473,35.60583045,269.76
57,110.64726545,35.60582995,359.77
58,110.64726539,35.60584116,89.76
59,110.64741467,35.60584165,359.77
60,110.64741462,35.60585286,269.76
61,110.64726533,35.60585236,359.77
62,110.64726528,35.60586356,89.76
63,110.64741456,35.60586406,359.77
64,110.64741450,35.60587526,269.76
65,110.64726522,35.60587476,359.77
66,110.64726516,35.60588596,89.76
67,110.64741445,35.60588646,359.77
68,110.64741439,35.60589766,269.76
69,110.64726511,35.60589716,89.76
70,110.64741439,35.60589766,0.19
#area_2
71,110.64741454,35.60593425,269.79
72,110.64726573,35.60593381,359.79
73,110.64726567,35.60594501,89.79
74,110.64741449,35.60594546,359.79
75,110.64741444,35.60595666,269.79
76,110.64726562,35.60595621,359.79
77,110.64726557,35.60596741,89.79
78,110.64741438,35.60596786,359.79
79,110.64741433,35.60597906,269.79
80,110.64726552,35.60597861,359.79
81,110.64726547,35.60598982,89.79
82,110.64741428,35.60599026,359.79
83,110.64741423,35.60600147,269.79
84,110.64726542,35.60600102,359.79
85,110.64726537,35.60601222,89.79
86,110.64741418,35.60601267,359.79
87,110.64741413,35.60602387,269.79
88,110.64726532,35.60602342,359.79
89,110.64726527,35.60603462,89.79
90,110.64741408,35.60603507,359.79
91,110.64741403,35.60604628,269.79
92,110.64726522,35.60604583,359.79
93,110.64726517,35.60605703,89.79
94,110.64741398,35.60605748,359.79
95,110.64741393,35.60606868,269.79
96,110.64726512,35.60606823,359.79
97,110.64726507,35.60607943,89.79
98,110.64741388,35.60607988,359.79
99,110.64741383,35.60609108,269.79
100,110.64726502,35.60609064,359.79
101,110.64726497,35.60610184,89.79
102,110.64741378,35.60610229,359.79
103,110.64741373,35.60611349,269.79
104,110.64726492,35.60611304,89.79
105,110.64741373,35.60611349,359.77
#area_3
106,110.64741353,35.60615339,269.75
107,110.64726440,35.60615286,359.75
108,110.64726434,35.60616403,89.75
109,110.64741347,35.60616457,359.75
110,110.64741341,35.60617574,269.75
111,110.64726428,35.60617520,359.75
112,110.64726422,35.60618638,89.75
113,110.64741335,35.60618691,359.75
114,110.64741329,35.60619809,269.75
115,110.64726416,35.60619755,359.75
116,110.64726410,35.60620872,89.75
117,110.64741323,35.60620926,359.75
118,110.64741317,35.60622043,269.75
119,110.64726404,35.60621990,359.75
120,110.64726398,35.60623107,89.75
121,110.64741311,35.60623161,359.75
122,110.64741305,35.60624278,269.75
123,110.64726392,35.60624224,359.75
124,110.64726386,35.60625342,89.75
125,110.64741299,35.60625395,359.75
126,110.64741293,35.60626513,269.75
127,110.64726380,35.60626459,359.75
128,110.64726374,35.60627576,89.75
129,110.64741287,35.60627630,359.75
130,110.64741281,35.60628747,269.75
131,110.64726368,35.60628694,359.75
132,110.64726362,35.60629811,89.75
133,110.64741275,35.60629865,359.75
134,110.64741269,35.60630982,269.75
135,110.64726356,35.60630928,359.75
136,110.64726350,35.60632046,89.75
137,110.64741263,35.60632099,359.75
138,110.64741257,35.60633217,269.75
139,110.64726344,35.60633163,89.75
140,110.64741257,35.60633217,359.77
#area_4
141,110.64741239,35.60636882,269.85
142,110.64726311,35.60636850,359.85
143,110.64726307,35.60637968,89.85
144,110.64741235,35.60637999,359.85
145,110.64741232,35.60639117,269.85
146,110.64726304,35.60639086,359.85
147,110.64726300,35.60640204,89.85
148,110.64741228,35.60640235,359.85
149,110.64741225,35.60641353,269.85
150,110.64726297,35.60641321,359.85
151,110.64726293,35.60642439,89.85
152,110.64741221,35.60642470,359.85
153,110.64741217,35.60643588,269.85
154,110.64726290,35.60643557,359.85
155,110.64726286,35.60644675,89.85
156,110.64741214,35.60644706,359.85
157,110.64741210,35.60645824,269.85
158,110.64726283,35.60645792,359.85
159,110.64726279,35.60646910,89.85
160,110.64741207,35.60646941,359.85
161,110.64741203,35.60648059,269.85
162,110.64726275,35.60648028,359.85
163,110.64726272,35.60649146,89.85
164,110.64741200,35.60649177,359.85
165,110.64741196,35.60650295,269.85
166,110.64726268,35.60650263,359.85
167,110.64726265,35.60651381,89.85
168,110.64741193,35.60651412,359.85
169,110.64741189,35.60652530,269.85
170,110.64726261,35.60652499,359.85
171,110.64726258,35.60653617,89.85
172,110.64741186,35.60653648,359.85
173,110.64741182,35.60654766,269.85
174,110.64726254,35.60654734,89.85
175,110.64741182,35.60654766,359.83
#area_5
176,110.64741168,35.60658593,270.07
177,110.64726202,35.60658608,0.07
178,110.64726204,35.60659725,90.07
179,110.64741170,35.60659711,0.07
180,110.64741171,35.60660829,270.07
181,110.64726206,35.60660843,0.07
182,110.64726207,35.60661960,90.07
183,110.64741173,35.60661946,0.07
184,110.64741174,35.60663064,270.07
185,110.64726209,35.60663078,0.07
186,110.64726210,35.60664196,90.07
187,110.64741176,35.60664181,0.07
188,110.64741178,35.60665299,270.07
189,110.64726212,35.60665313,0.07
190,110.64726213,35.60666431,90.07
191,110.64741179,35.60666417,0.07
192,110.64741181,35.60667534,270.07
193,110.64726215,35.60667548,0.07
194,110.64726217,35.60668666,90.07
195,110.64741182,35.60668652,0.07
196,110.64741184,35.60669770,270.07
197,110.64726218,35.60669784,0.07
198,110.64726220,35.60670901,90.07
199,110.64741185,35.60670887,0.07
200,110.64741187,35.60672005,270.07
201,110.64726221,35.60672019,0.07
202,110.64726223,35.60673137,90.07
203,110.64741189,35.60673122,0.07
204,110.64741190,35.60674240,270.07
205,110.64726224,35.60674254,0.07
206,110.64726226,35.60675372,90.07
207,110.64741192,35.60675358,0.07
208,110.64741193,35.60676475,270.07
209,110.64726228,35.60676489,90.07
210,110.64741193,35.60676475,169.19
#area_6
211,110.64775891,35.60528785,359.93
212,110.64775871,35.60542559,269.93
213,110.64774536,35.60542557,179.93
214,110.64774556,35.60528784,269.93
215,110.64773221,35.60528783,359.93
216,110.64773201,35.60542556,269.93
217,110.64771867,35.60542555,179.93
218,110.64771886,35.60528781,269.93
219,110.64770551,35.60528780,359.93
220,110.64770532,35.60542553,269.93
221,110.64769197,35.60542552,179.93
222,110.64769216,35.60528779,269.93
223,110.64767881,35.60528778,359.93
224,110.64767862,35.60542551,269.93
225,110.64766527,35.60542550,179.93
226,110.64766546,35.60528776,269.93
227,110.64765211,35.60528775,359.93
228,110.64765192,35.60542548,269.93
229,110.64763857,35.60542547,179.93
230,110.64763876,35.60528774,269.93
231,110.64762542,35.60528773,359.93
232,110.64762522,35.60542546,269.93
233,110.64761187,35.60542545,179.93
234,110.64761207,35.60528771,269.93
235,110.64759872,35.60528770,359.93
236,110.64759852,35.60542543,269.93
237,110.64758517,35.60542542,179.93
238,110.64758537,35.60528769,269.93
239,110.64757202,35.60528768,359.93
240,110.64757182,35.60542541,269.93
241,110.64755847,35.60542540,179.93
242,110.64755867,35.60528766,269.93
243,110.64754532,35.60528765,359.93
244,110.64754512,35.60542538,269.93
245,110.64753177,35.60542537,179.93
246,110.64753197,35.60528764,269.93
247,110.64751862,35.60528763,359.93
248,110.64751842,35.60542536,269.93
249,110.64750507,35.60542534,179.93
250,110.64750527,35.60528761,269.93
251,110.64749192,35.60528760,359.93
252,110.64749173,35.60542533,269.93
253,110.64747838,35.60542532,179.93
254,110.64747857,35.60528759,269.93
255,110.64746522,35.60528757,359.93
256,110.64746503,35.60542531,269.93
257,110.64745168,35.60542529,179.93
258,110.64745187,35.60528756,269.93
259,110.64743852,35.60528755,359.93
260,110.64743833,35.60542528,269.93
261,110.64742498,35.60542527,179.93
262,110.64742517,35.60528754,266.93
#area_7
263,110.64741513,35.60528710,269.73
264,110.64726610,35.60528653,359.74
265,110.64726604,35.60529774,89.73
266,110.64741507,35.60529830,359.74
267,110.64741500,35.60530950,269.73
268,110.64726598,35.60530894,359.74
269,110.64726591,35.60532014,89.73
270,110.64741494,35.60532071,359.74
271,110.64741488,35.60533191,269.73
272,110.64726585,35.60533135,359.74
273,110.64726579,35.60534255,89.73
274,110.64741481,35.60534311,359.74
275,110.64741475,35.60535432,269.73
276,110.64726572,35.60535375,359.74
277,110.64726566,35.60536496,89.73
278,110.64741469,35.60536552,359.74
279,110.64741462,35.60537672,269.73
280,110.64726559,35.60537616,359.74
281,110.64726553,35.60538736,89.73
282,110.64741456,35.60538793,359.74
283,110.64741449,35.60539913,269.73
284,110.64726547,35.60539856,359.74
285,110.64726540,35.60540977,89.73
286,110.64741443,35.60541033,359.74
287,110.64741437,35.60542153,269.73
288,110.64726534,35.60542097,359.74
289,110.64726528,35.60543217,89.73
290,110.64741430,35.60543274,359.74
291,110.64741424,35.60544394,269.73
292,110.64726521,35.60544338,359.74
293,110.64726515,35.60545458,89.73
294,110.64741418,35.60545514,359.74
295,110.64741411,35.60546635,269.73
296,110.64726509,35.60546578,89.73
297,110.64741411,35.60546635,144.50
#area_8
298,110.64775992,35.60507217,359.81
299,110.64775919,35.60525156,269.81
300,110.64774589,35.60525153,179.81
301,110.64774662,35.60507213,269.81
302,110.64773332,35.60507210,359.81
303,110.64773259,35.60525149,269.81
304,110.64771929,35.60525145,179.81
305,110.64772002,35.60507206,269.81
306,110.64770673,35.60507202,359.81
307,110.64770599,35.60525142,269.81
308,110.64769269,35.60525138,179.81
309,110.64769343,35.60507199,269.81
310,110.64768013,35.60507195,359.81
311,110.64767939,35.60525134,269.81
312,110.64766609,35.60525131,179.81
313,110.64766683,35.60507191,269.81
314,110.64765353,35.60507188,359.81
315,110.64765280,35.60525127,269.81
316,110.64763950,35.60525123,179.81
317,110.64764023,35.60507184,269.81
318,110.64762693,35.60507181,359.81
319,110.64762620,35.60525120,269.81
320,110.64761290,35.60525116,179.81
321,110.64761363,35.60507177,269.81
322,110.64760033,35.60507173,359.81
323,110.64759960,35.60525113,269.81
324,110.64758630,35.60525109,179.81
325,110.64758703,35.60507170,269.81
326,110.64757374,35.60507166,359.81
327,110.64757300,35.60525105,269.81
328,110.64755970,35.60525102,179.81
329,110.64756044,35.60507162,269.81
330,110.64754714,35.60507159,359.81
331,110.64754640,35.60525098,269.81
332,110.64753310,35.60525094,179.81
333,110.64753384,35.60507155,269.81
334,110.64752054,35.60507152,359.81
335,110.64751981,35.60525091,269.81
336,110.64750651,35.60525087,179.81
337,110.64750724,35.60507148,269.81
338,110.64749394,35.60507144,359.81
339,110.64749321,35.60525084,269.81
340,110.64747991,35.60525080,179.81
341,110.64748064,35.60507141,269.81
342,110.64746734,35.60507137,359.81
343,110.64746661,35.60525076,269.81
344,110.64745331,35.60525073,179.81
345,110.64745404,35.60507133,269.81
346,110.64744075,35.60507130,359.81
347,110.64744001,35.60525069,269.81
348,110.64742671,35.60525065,179.81
349,110.64742745,35.60507126,269.81
350,110.64741415,35.60507122,359.81
351,110.64741341,35.60525062,269.81
352,110.64740011,35.60525058,179.81
353,110.64740085,35.60507119,269.81
354,110.64738755,35.60507115,359.81
355,110.64738681,35.60525055,269.81
356,110.64737352,35.60525051,179.81
357,110.64737425,35.60507112,269.81
358,110.64736095,35.60507108,359.81
359,110.64736022,35.60525047,269.81
360,110.64734692,35.60525044,179.81
361,110.64734765,35.60507104,269.81
362,110.64733435,35.60507101,359.81
363,110.64733362,35.60525040,269.81
364,110.64732032,35.60525036,179.81
365,110.64732105,35.60507097,269.81
366,110.64730776,35.60507093,359.81
367,110.64730702,35.60525033,269.81
368,110.64729372,35.60525029,179.81
369,110.64729446,35.60507090,269.81
370,110.64728116,35.60507086,359.81
371,110.64728042,35.60525025,269.81
372,110.64726712,35.60525022,179.81
373,110.64726786,35.60507083,99.85
#area_9
374,110.64775989,35.60500134,0.21
375,110.64776004,35.60503524,270.21
376,110.64774673,35.60503528,180.21
377,110.64774658,35.60500138,270.21
378,110.64773328,35.60500142,0.21
379,110.64773343,35.60503532,270.21
380,110.64772012,35.60503536,180.21
381,110.64771997,35.60500146,270.21
382,110.64770667,35.60500149,0.21
383,110.64770682,35.60503540,270.21
384,110.64769352,35.60503544,180.21
385,110.64769336,35.60500153,270.21
386,110.64768006,35.60500157,0.21
387,110.64768021,35.60503548,270.21
388,110.64766691,35.60503552,180.21
389,110.64766675,35.60500161,270.21
390,110.64765345,35.60500165,0.21
391,110.64765360,35.60503556,270.21
392,110.64764030,35.60503560,180.21
393,110.64764015,35.60500169,270.21
394,110.64762684,35.60500173,0.21
395,110.64762699,35.60503564,270.21
396,110.64761369,35.60503568,180.21
397,110.64761354,35.60500177,270.21
398,110.64760023,35.60500181,0.21
399,110.64760038,35.60503572,270.21
400,110.64758708,35.60503576,180.21
401,110.64758693,35.60500185,270.21
402,110.64757362,35.60500189,0.21
403,110.64757378,35.60503580,270.21
404,110.64756047,35.60503584,180.21
405,110.64756032,35.60500193,270.21
406,110.64754701,35.60500197,0.21
407,110.64754717,35.60503588,270.21
408,110.64753386,35.60503592,180.21
409,110.64753371,35.60500201,270.21
410,110.64752041,35.60500205,0.21
411,110.64752056,35.60503596,270.21
412,110.64750725,35.60503600,180.21
413,110.64750710,35.60500209,270.21
414,110.64749380,35.60500213,0.21
415,110.64749395,35.60503604,270.21
416,110.64748064,35.60503608,180.21
417,110.64748049,35.60500217,270.21
418,110.64746719,35.60500221,0.21
419,110.64746734,35.60503612,270.21
420,110.64745404,35.60503616,180.21
421,110.64745388,35.60500225,270.21
422,110.64744058,35.60500229,0.21
423,110.64744073,35.60503620,270.21
424,110.64742743,35.60503624,180.21
425,110.64742727,35.60500233,270.21
426,110.64741397,35.60500237,0.21
427,110.64741412,35.60503628,270.21
428,110.64740082,35.60503632,180.21
429,110.64740067,35.60500241,270.21
430,110.64738736,35.60500245,0.21
431,110.64738751,35.60503636,270.21
432,110.64737421,35.60503640,180.21
433,110.64737406,35.60500249,270.21
434,110.64736075,35.60500253,0.21
435,110.64736090,35.60503644,270.21
436,110.64734760,35.60503648,180.21
437,110.64734745,35.60500257,270.21
438,110.64733414,35.60500261,0.21
439,110.64733430,35.60503652,270.21
440,110.64732099,35.60503656,180.21
441,110.64732084,35.60500265,270.21
442,110.64730753,35.60500269,0.21
443,110.64730769,35.60503660,270.21
444,110.64729438,35.60503664,180.21
445,110.64729423,35.60500273,270.21
446,110.64728093,35.60500277,0.21
447,110.64728108,35.60503668,270.21
448,110.64726777,35.60503672,180.21
449,110.64726762,35.60500281,110.39
#area_10
450,110.64776073,35.60485382,359.92
451,110.64776051,35.60498085,269.92
452,110.64774720,35.60498083,179.92
453,110.64774741,35.60485380,269.92
454,110.64773410,35.60485379,359.92
455,110.64773388,35.60498082,269.92
456,110.64772057,35.60498080,179.92
457,110.64772079,35.60485377,269.92
458,110.64770748,35.60485376,359.92
459,110.64770726,35.60498079,269.92
460,110.64769395,35.60498077,179.92
461,110.64769417,35.60485374,269.92
462,110.64768086,35.60485373,359.92
463,110.64768064,35.60498076,269.92
464,110.64766733,35.60498074,179.92
465,110.64766754,35.60485371,269.92
466,110.64765423,35.60485370,359.92
467,110.64765401,35.60498073,269.92
468,110.64764070,35.60498071,179.92
469,110.64764092,35.60485368,269.92
470,110.64762761,35.60485367,359.92
471,110.64762739,35.60498069,269.92
472,110.64761408,35.60498068,179.92
473,110.64761430,35.60485365,269.92
474,110.64760098,35.60485363,359.92
475,110.64760077,35.60498066,269.92
476,110.64758745,35.60498065,179.92
477,110.64758767,35.60485362,269.92
478,110.64757436,35.60485360,359.92
479,110.64757414,35.60498063,269.92
480,110.64756083,35.60498062,179.92
481,110.64756105,35.60485359,269.92
482,110.64754774,35.60485357,359.92
483,110.64754752,35.60498060,269.92
484,110.64753421,35.60498059,179.92
485,110.64753443,35.60485356,269.92
486,110.64752111,35.60485354,359.92
487,110.64752090,35.60498057,269.92
488,110.64750758,35.60498056,179.92
489,110.64750780,35.60485353,269.92
490,110.64749449,35.60485351,359.92
491,110.64749427,35.60498054,269.92
492,110.64748096,35.60498053,179.92
493,110.64748118,35.60485350,269.92
494,110.64746787,35.60485348,359.92
495,110.64746765,35.60498051,269.92
496,110.64745434,35.60498050,179.92
497,110.64745456,35.60485347,269.92
498,110.64744124,35.60485345,359.92
499,110.64744102,35.60498048,269.92
500,110.64742771,35.60498047,179.92
501,110.64742793,35.60485344,204.43
#area_11
502,110.64741641,35.60483281,270.15
503,110.64726764,35.60483314,0.15
504,110.64726767,35.60484450,90.15
505,110.64741644,35.60484418,0.15
506,110.64741648,35.60485554,270.15
507,110.64726771,35.60485587,0.15
508,110.64726775,35.60486723,90.15
509,110.64741652,35.60486691,0.15
510,110.64741656,35.60487827,270.15
511,110.64726779,35.60487859,0.15
512,110.64726782,35.60488996,90.15
513,110.64741659,35.60488964,0.15
514,110.64741663,35.60490100,270.15
515,110.64726786,35.60490132,0.15
516,110.64726790,35.60491269,90.15
517,110.64741667,35.60491236,0.15
518,110.64741670,35.60492373,270.15
519,110.64726793,35.60492405,0.15
520,110.64726797,35.60493542,90.15
521,110.64741674,35.60493509,0.15
522,110.64741678,35.60494646,270.15
523,110.64726801,35.60494678,0.15
524,110.64726804,35.60495815,90.15
525,110.64741682,35.60495782,0.15
526,110.64741685,35.60496919,270.15
527,110.64726808,35.60496951,0.15
528,110.64726812,35.60498087,90.15
529,110.64741689,35.60498055,270.15
530,110.64726812,35.60498087,138.41
#area_12
531,110.64776203,35.60452840,359.90
532,110.64776155,35.60474924,269.90
533,110.64774821,35.60474922,179.90
534,110.64774868,35.60452838,269.90
535,110.64773534,35.60452836,359.90
536,110.64773486,35.60474920,269.90
537,110.64772152,35.60474918,179.90
538,110.64772200,35.60452834,269.90
539,110.64770865,35.60452832,359.90
540,110.64770818,35.60474916,269.90
541,110.64769483,35.60474914,179.90
542,110.64769531,35.60452830,269.90
543,110.64768197,35.60452828,359.90
544,110.64768149,35.60474912,269.90
545,110.64766815,35.60474910,179.90
546,110.64766863,35.60452826,269.90
547,110.64765528,35.60452824,359.90
548,110.64765481,35.60474909,269.90
549,110.64764146,35.60474907,179.90
550,110.64764194,35.60452822,269.90
551,110.64762860,35.60452820,359.90
552,110.64762812,35.60474905,269.90
553,110.64761478,35.60474903,179.90
554,110.64761525,35.60452818,269.90
555,110.64760191,35.60452817,359.90
556,110.64760143,35.60474901,269.90
557,110.64758809,35.60474899,179.90
558,110.64758857,35.60452815,269.90
559,110.64757522,35.60452813,359.90
560,110.64757475,35.60474897,269.90
561,110.64756140,35.60474895,179.90
562,110.64756188,35.60452811,269.90
563,110.64754854,35.60452809,359.90
564,110.64754806,35.60474893,269.90
565,110.64753472,35.60474891,179.90
566,110.64753520,35.60452807,269.90
567,110.64752185,35.60452805,359.90
568,110.64752137,35.60474889,269.90
569,110.64750803,35.60474887,179.90
570,110.64750851,35.60452803,269.90
571,110.64749517,35.60452801,359.90
572,110.64749469,35.60474885,269.90
573,110.64748135,35.60474884,179.90
574,110.64748182,35.60452799,269.90
575,110.64746848,35.60452797,359.90
576,110.64746800,35.60474882,269.90
577,110.64745466,35.60474880,179.90
578,110.64745514,35.60452795,269.90
579,110.64744179,35.60452793,359.90
580,110.64744132,35.60474878,269.90
581,110.64742797,35.60474876,179.90
582,110.64742845,35.60452791,201.30
#area_13
583,110.64741823,35.60450659,269.90
584,110.64727063,35.60450638,359.90
585,110.64727060,35.60451735,89.90
586,110.64741820,35.60451755,359.90
587,110.64741818,35.60452851,269.90
588,110.64727058,35.60452831,359.90
589,110.64727056,35.60453928,89.90
590,110.64741816,35.60453948,359.90
591,110.64741814,35.60455044,269.90
592,110.64727054,35.60455024,359.90
593,110.64727051,35.60456120,89.90
594,110.64741811,35.60456141,359.90
595,110.64741809,35.60457237,269.90
596,110.64727049,35.60457217,359.90
597,110.64727047,35.60458313,89.90
598,110.64741807,35.60458333,359.90
599,110.64741805,35.60459430,269.90
600,110.64727044,35.60459409,359.90
601,110.64727042,35.60460506,89.90
602,110.64741802,35.60460526,359.90
603,110.64741800,35.60461623,269.90
604,110.64727040,35.60461602,359.90
605,110.64727038,35.60462699,89.90
606,110.64741798,35.60462719,359.90
607,110.64741795,35.60463815,269.90
608,110.64727035,35.60463795,359.90
609,110.64727033,35.60464891,89.90
610,110.64741793,35.60464912,359.90
611,110.64741791,35.60466008,269.90
612,110.64727031,35.60465988,359.90
613,110.64727029,35.60467084,89.90
614,110.64741789,35.60467105,359.90
615,110.64741786,35.60468201,269.90
616,110.64727026,35.60468181,359.90
617,110.64727024,35.60469277,89.90
618,110.64741784,35.60469297,359.90
619,110.64741782,35.60470394,269.90
620,110.64727022,35.60470373,359.90
621,110.64727020,35.60471470,89.90
622,110.64741780,35.60471490,359.90
623,110.64741777,35.60472586,269.90
624,110.64727017,35.60472566,359.90
625,110.64727015,35.60473663,89.90
626,110.64741775,35.60473683,359.90
627,110.64741773,35.60474779,269.90
628,110.64727013,35.60474759,89.90
629,110.64741773,35.60474779,148.24
#area_14
630,110.64776353,35.60429363,359.83
631,110.64776306,35.60442101,269.83
632,110.64774977,35.60442097,179.83
633,110.64775024,35.60429360,269.83
634,110.64773694,35.60429357,359.83
635,110.64773647,35.60442094,269.83
636,110.64772318,35.60442091,179.83
637,110.64772365,35.60429353,269.83
638,110.64771035,35.60429350,359.83
639,110.64770989,35.60442088,269.83
640,110.64769659,35.60442084,179.83
641,110.64769706,35.60429347,269.83
642,110.64768376,35.60429344,359.83
643,110.64768330,35.60442081,269.83
644,110.64767000,35.60442078,179.83
645,110.64767047,35.60429340,269.83
646,110.64765718,35.60429337,359.83
647,110.64765671,35.60442075,269.83
648,110.64764341,35.60442071,179.83
649,110.64764388,35.60429334,269.83
650,110.64763059,35.60429331,359.83
651,110.64763012,35.60442068,269.83
652,110.64761682,35.60442065,179.83
653,110.64761729,35.60429327,269.83
654,110.64760400,35.60429324,359.83
655,110.64760353,35.60442062,269.83
656,110.64759024,35.60442058,179.83
657,110.64759070,35.60429321,269.83
658,110.64757741,35.60429318,359.83
659,110.64757694,35.60442055,269.83
660,110.64756365,35.60442052,179.83
661,110.64756411,35.60429314,269.83
662,110.64755082,35.60429311,359.83
663,110.64755035,35.60442048,269.83
664,110.64753706,35.60442045,179.83
665,110.64753753,35.60429308,269.83
666,110.64752423,35.60429305,359.83
667,110.64752376,35.60442042,269.83
668,110.64751047,35.60442039,179.83
669,110.64751094,35.60429301,269.83
670,110.64749764,35.60429298,359.83
671,110.64749718,35.60442035,269.83
672,110.64748388,35.60442032,179.83
673,110.64748435,35.60429295,269.83
674,110.64747105,35.60429291,359.83
675,110.64747059,35.60442029,269.83
676,110.64745729,35.60442026,179.83
677,110.64745776,35.60429288,269.83
678,110.64744447,35.60429285,359.83
679,110.64744400,35.60442022,269.83
680,110.64743070,35.60442019,179.83
681,110.64743117,35.60429282,269.83
682,110.64741788,35.60429278,359.83
683,110.64741741,35.60442016,269.83
684,110.64740411,35.60442013,179.83
685,110.64740458,35.60429275,269.83
686,110.64739129,35.60429272,359.83
687,110.64739082,35.60442009,269.83
688,110.64737753,35.60442006,179.83
689,110.64737799,35.60429269,269.83
690,110.64736470,35.60429265,359.83
691,110.64736423,35.60442003,269.83
692,110.64735094,35.60442000,179.83
693,110.64735141,35.60429262,269.83
694,110.64733811,35.60429259,359.83
695,110.64733764,35.60441996,269.83
696,110.64732435,35.60441993,179.83
697,110.64732482,35.60429256,269.83
698,110.64731152,35.60429252,359.83
699,110.64731105,35.60441990,269.83
700,110.64729776,35.60441987,179.83
701,110.64729823,35.60429249,269.83
702,110.64728493,35.60429246,359.83
703,110.64728447,35.60441983,269.83
704,110.64727117,35.60441980,179.83
705,110.64727164,35.60429243,108.98
#area_15
706,110.64776381,35.60415480,359.88
707,110.64776354,35.60426131,269.88
708,110.64775021,35.60426129,179.88
709,110.64775048,35.60415477,269.88
710,110.64773715,35.60415475,359.88
711,110.64773688,35.60426127,269.88
712,110.64772355,35.60426125,179.88
713,110.64772381,35.60415473,269.88
714,110.64771048,35.60415471,359.88
715,110.64771022,35.60426123,269.88
716,110.64769689,35.60426120,179.88
717,110.64769715,35.60415468,269.88
718,110.64768382,35.60415466,359.88
719,110.64768355,35.60426118,269.88
720,110.64767022,35.60426116,179.88
721,110.64767049,35.60415464,269.88
722,110.64765716,35.60415462,359.88
723,110.64765689,35.60426114,269.88
724,110.64764356,35.60426111,179.88
725,110.64764383,35.60415460,269.88
726,110.64763049,35.60415457,359.88
727,110.64763023,35.60426109,269.88
728,110.64761690,35.60426107,179.88
729,110.64761716,35.60415455,269.88
730,110.64760383,35.60415453,359.88
731,110.64760356,35.60426105,269.88
732,110.64759023,35.60426103,179.88
733,110.64759050,35.60415451,269.88
734,110.64757717,35.60415448,359.88
735,110.64757690,35.60426100,269.88
736,110.64756357,35.60426098,179.88
737,110.64756384,35.60415446,269.88
738,110.64755050,35.60415444,359.88
739,110.64755024,35.60426096,269.88
740,110.64753691,35.60426094,179.88
741,110.64753717,35.60415442,269.88
742,110.64752384,35.60415440,359.88
743,110.64752358,35.60426091,269.88
744,110.64751024,35.60426089,179.88
745,110.64751051,35.60415437,269.88
746,110.64749718,35.60415435,359.88
747,110.64749691,35.60426087,269.88
748,110.64748358,35.60426085,179.88
749,110.64748385,35.60415433,269.88
750,110.64747052,35.60415431,359.88
751,110.64747025,35.60426083,269.88
752,110.64745692,35.60426080,179.88
753,110.64745718,35.60415429,269.88
754,110.64744385,35.60415426,359.88
755,110.64744359,35.60426078,269.88
756,110.64743026,35.60426076,179.88
757,110.64743052,35.60415424,201.95
#area_16
758,110.64742050,35.60413402,269.84
759,110.64727232,35.60413367,359.84
760,110.64727228,35.60414522,89.84
761,110.64742046,35.60414557,359.84
762,110.64742042,35.60415712,269.84
763,110.64727223,35.60415677,359.84
764,110.64727219,35.60416832,89.84
765,110.64742038,35.60416867,359.84
766,110.64742034,35.60418022,269.84
767,110.64727215,35.60417987,359.84
768,110.64727211,35.60419142,89.84
769,110.64742030,35.60419177,359.84
770,110.64742026,35.60420332,269.84
771,110.64727207,35.60420297,359.84
772,110.64727203,35.60421452,89.84
773,110.64742022,35.60421487,359.84
774,110.64742018,35.60422642,269.84
775,110.64727199,35.60422607,359.84
776,110.64727195,35.60423762,89.84
777,110.64742013,35.60423797,359.84
778,110.64742009,35.60424951,269.84
779,110.64727191,35.60424917,359.84
780,110.64727187,35.60426072,89.84
781,110.64742005,35.60426106,269.84
782,110.64727187,35.60426072,134.64
#area_17
783,110.64776613,35.60386390,359.57
784,110.64776448,35.60404311,269.57
785,110.64775118,35.60404303,179.57
786,110.64775283,35.60386382,269.57
787,110.64773953,35.60386374,359.57
788,110.64773788,35.60404295,269.57
789,110.64772458,35.60404286,179.57
790,110.64772623,35.60386366,269.57
791,110.64771293,35.60386358,359.57
792,110.64771128,35.60404278,269.57
793,110.64769798,35.60404270,179.57
794,110.64769963,35.60386350,269.57
795,110.64768633,35.60386341,359.57
796,110.64768468,35.60404262,269.57
797,110.64767138,35.60404254,179.57
798,110.64767303,35.60386333,269.57
799,110.64765973,35.60386325,359.57
800,110.64765808,35.60404246,269.57
801,110.64764478,35.60404238,179.57
802,110.64764643,35.60386317,269.57
803,110.64763313,35.60386309,359.57
804,110.64763148,35.60404229,269.57
805,110.64761818,35.60404221,179.57
806,110.64761983,35.60386301,269.57
807,110.64760653,35.60386292,359.57
808,110.64760488,35.60404213,269.57
809,110.64759158,35.60404205,179.57
810,110.64759323,35.60386284,269.57
811,110.64757993,35.60386276,359.57
812,110.64757828,35.60404197,269.57
813,110.64756498,35.60404189,179.57
814,110.64756663,35.60386268,269.57
815,110.64755333,35.60386260,359.57
816,110.64755168,35.60404180,269.57
817,110.64753838,35.60404172,179.57
818,110.64754003,35.60386252,269.57
819,110.64752673,35.60386243,359.57
820,110.64752508,35.60404164,269.57
821,110.64751178,35.60404156,179.57
822,110.64751343,35.60386235,269.57
823,110.64750013,35.60386227,359.57
824,110.64749848,35.60404148,269.57
825,110.64748518,35.60404140,179.57
826,110.64748683,35.60386219,269.57
827,110.64747353,35.60386211,359.57
828,110.64747188,35.60404131,269.57
829,110.64745858,35.60404123,179.57
830,110.64746023,35.60386203,269.57
831,110.64744693,35.60386194,359.57
832,110.64744528,35.60404115,269.57
833,110.64743198,35.60404107,179.57
834,110.64743363,35.60386186,269.57
835,110.64742034,35.60386178,359.57
836,110.64741869,35.60404099,269.57
837,110.64740539,35.60404091,179.57
838,110.64740704,35.60386170,269.57
839,110.64739374,35.60386162,359.57
840,110.64739209,35.60404082,269.57
841,110.64737879,35.60404074,179.57
842,110.64738044,35.60386154,269.57
843,110.64736714,35.60386145,359.57
844,110.64736549,35.60404066,269.57
845,110.64735219,35.60404058,179.57
846,110.64735384,35.60386137,269.57
847,110.64734054,35.60386129,359.57
848,110.64733889,35.60404050,269.57
849,110.64732559,35.60404042,179.57
850,110.64732724,35.60386121,269.57
851,110.64731394,35.60386113,359.57
852,110.64731229,35.60404033,269.57
853,110.64729899,35.60404025,179.57
854,110.64730064,35.60386105,269.57
855,110.64728734,35.60386096,359.57
856,110.64728569,35.60404017,269.57
857,110.64727239,35.60404009,179.57
858,110.64727404,35.60386088,109.32
#area_18
859,110.64776595,35.60372065,359.88
860,110.64776568,35.60382712,269.88
861,110.64775234,35.60382710,179.88
862,110.64775262,35.60372063,269.88
863,110.64773928,35.60372061,359.88
864,110.64773901,35.60382707,269.88
865,110.64772567,35.60382705,179.88
866,110.64772594,35.60372058,269.88
867,110.64771260,35.60372056,359.88
868,110.64771233,35.60382703,269.88
869,110.64769900,35.60382700,179.88
870,110.64769927,35.60372054,269.88
871,110.64768593,35.60372051,359.88
872,110.64768566,35.60382698,269.88
873,110.64767232,35.60382696,179.88
874,110.64767259,35.60372049,269.88
875,110.64765926,35.60372047,359.88
876,110.64765898,35.60382694,269.88
877,110.64764565,35.60382691,179.88
878,110.64764592,35.60372045,269.88
879,110.64763258,35.60372042,359.88
880,110.64763231,35.60382689,269.88
881,110.64761897,35.60382687,179.88
882,110.64761925,35.60372040,269.88
883,110.64760591,35.60372038,359.88
884,110.64760564,35.60382684,269.88
885,110.64759230,35.60382682,179.88
886,110.64759257,35.60372036,269.88
887,110.64757923,35.60372033,359.88
888,110.64757896,35.60382680,269.88
889,110.64756562,35.60382678,179.88
890,110.64756590,35.60372031,269.88
891,110.64755256,35.60372029,359.88
892,110.64755229,35.60382675,269.88
893,110.64753895,35.60382673,179.88
894,110.64753922,35.60372026,269.88
895,110.64752589,35.60372024,359.88
896,110.64752561,35.60382671,269.88
897,110.64751228,35.60382669,179.88
898,110.64751255,35.60372022,269.88
899,110.64749921,35.60372020,359.88
900,110.64749894,35.60382666,269.88
901,110.64748560,35.60382664,179.88
902,110.64748588,35.60372017,269.88
903,110.64747254,35.60372015,359.88
904,110.64747227,35.60382662,269.88
905,110.64745893,35.60382659,179.88
906,110.64745920,35.60372013,269.88
907,110.64744586,35.60372010,359.88
908,110.64744559,35.60382657,269.88
909,110.64743225,35.60382655,179.88
910,110.64743253,35.60372008,202.21
#area_19
911,110.64742213,35.60369938,269.92
912,110.64727354,35.60369922,359.92
913,110.64727352,35.60371078,89.92
914,110.64742211,35.60371094,359.92
915,110.64742209,35.60372251,269.92
916,110.64727350,35.60372235,359.92
917,110.64727348,35.60373391,89.92
918,110.64742207,35.60373407,359.92
919,110.64742206,35.60374563,269.92
920,110.64727346,35.60374547,359.92
921,110.64727344,35.60375703,89.92
922,110.64742204,35.60375719,359.92
923,110.64742202,35.60376875,269.92
924,110.64727343,35.60376859,359.92
925,110.64727341,35.60378016,89.92
926,110.64742200,35.60378032,359.92
927,110.64742198,35.60379188,269.92
928,110.64727339,35.60379172,359.92
929,110.64727337,35.60380328,89.92
930,110.64742196,35.60380344,359.92
931,110.64742194,35.60381500,269.92
932,110.64727335,35.60381484,359.92
933,110.64727333,35.60382641,89.92
934,110.64742192,35.60382657,269.92
935,110.64727333,35.60382641,131.60
#area_20
936,110.64776700,35.60346999,359.83
937,110.64776651,35.60360774,269.83
938,110.64775320,35.60360771,179.83
939,110.64775369,35.60346996,269.83
940,110.64774038,35.60346993,359.83
941,110.64773989,35.60360767,269.83
942,110.64772659,35.60360764,179.83
943,110.64772708,35.60346990,269.83
944,110.64771377,35.60346987,359.83
945,110.64771328,35.60360761,269.83
946,110.64769997,35.60360758,179.83
947,110.64770046,35.60346984,269.83
948,110.64768715,35.60346980,359.83
949,110.64768666,35.60360755,269.83
950,110.64767335,35.60360752,179.83
951,110.64767384,35.60346977,269.83
952,110.64766054,35.60346974,359.83
953,110.64766005,35.60360749,269.83
954,110.64764674,35.60360745,179.83
955,110.64764723,35.60346971,269.83
956,110.64763392,35.60346968,359.83
957,110.64763343,35.60360742,269.83
958,110.64762012,35.60360739,179.83
959,110.64762061,35.60346965,269.83
960,110.64760731,35.60346961,359.83
961,110.64760681,35.60360736,269.83
962,110.64759351,35.60360733,179.83
963,110.64759400,35.60346958,269.83
964,110.64758069,35.60346955,359.83
965,110.64758020,35.60360730,269.83
966,110.64756689,35.60360726,179.83
967,110.64756738,35.60346952,269.83
968,110.64755407,35.60346949,359.83
969,110.64755358,35.60360723,269.83
970,110.64754028,35.60360720,179.83
971,110.64754077,35.60346946,269.83
972,110.64752746,35.60346942,359.83
973,110.64752697,35.60360717,269.83
974,110.64751366,35.60360714,179.83
975,110.64751415,35.60346939,269.83
976,110.64750084,35.60346936,359.83
977,110.64750035,35.60360711,269.83
978,110.64748704,35.60360707,179.83
979,110.64748754,35.60346933,269.83
980,110.64747423,35.60346930,359.83
981,110.64747374,35.60360704,269.83
982,110.64746043,35.60360701,179.83
983,110.64746092,35.60346927,269.83
984,110.64744761,35.60346923,359.83
985,110.64744712,35.60360698,269.83
986,110.64743381,35.60360695,179.83
987,110.64743430,35.60346920,269.83
988,110.64742100,35.60346917,359.83
989,110.64742051,35.60360692,269.83
990,110.64740720,35.60360688,179.83
991,110.64740769,35.60346914,269.83
992,110.64739438,35.60346911,359.83
993,110.64739389,35.60360685,269.83
994,110.64738058,35.60360682,179.83
995,110.64738107,35.60346908,269.83
996,110.64736777,35.60346905,359.83
997,110.64736727,35.60360679,269.83
998,110.64735397,35.60360676,179.83
999,110.64735446,35.60346901,269.83
1000,110.64734115,35.60346898,359.83
1001,110.64734066,35.60360673,269.83
1002,110.64732735,35.60360670,179.83
1003,110.64732784,35.60346895,269.83
1004,110.64731453,35.60346892,359.83
1005,110.64731404,35.60360666,269.83
1006,110.64730074,35.60360663,179.83
1007,110.64730123,35.60346889,269.83
1008,110.64728792,35.60346886,359.83
1009,110.64728743,35.60360660,269.83
1010,110.64727412,35.60360657,179.83
1011,110.64727461,35.60346882,112.00
#area_21
1012,110.64776786,35.60330678,359.67
1013,110.64776688,35.60344413,269.66
1014,110.64775358,35.60344407,179.67
1015,110.64775456,35.60330672,269.66
1016,110.64774127,35.60330665,359.67
1017,110.64774028,35.60344401,269.66
1018,110.64772699,35.60344394,179.67
1019,110.64772797,35.60330659,269.66
1020,110.64771467,35.60330653,359.67
1021,110.64771369,35.60344388,269.66
1022,110.64770039,35.60344382,179.67
1023,110.64770137,35.60330646,269.66
1024,110.64768808,35.60330640,359.67
1025,110.64768709,35.60344375,269.66
1026,110.64767380,35.60344369,179.67
1027,110.64767478,35.60330634,269.66
1028,110.64766148,35.60330627,359.67
1029,110.64766050,35.60344363,269.66
1030,110.64764720,35.60344356,179.67
1031,110.64764818,35.60330621,269.66
1032,110.64763489,35.60330615,359.67
1033,110.64763390,35.60344350,269.66
1034,110.64762061,35.60344344,179.67
1035,110.64762159,35.60330608,269.66
1036,110.64760829,35.60330602,359.67
1037,110.64760731,35.60344337,269.66
1038,110.64759401,35.60344331,179.67
1039,110.64759500,35.60330596,269.66
1040,110.64758170,35.60330589,359.67
1041,110.64758071,35.60344324,269.66
1042,110.64756742,35.60344318,179.67
1043,110.64756840,35.60330583,269.66
1044,110.64755510,35.60330576,359.67
1045,110.64755412,35.60344312,269.66
1046,110.64754082,35.60344305,179.67
1047,110.64754181,35.60330570,269.66
1048,110.64752851,35.60330564,359.67
1049,110.64752753,35.60344299,269.66
1050,110.64751423,35.60344293,179.67
1051,110.64751521,35.60330557,269.66
1052,110.64750191,35.60330551,359.67
1053,110.64750093,35.60344286,269.66
1054,110.64748763,35.60344280,179.67
1055,110.64748862,35.60330545,269.66
1056,110.64747532,35.60330538,359.67
1057,110.64747434,35.60344274,269.66
1058,110.64746104,35.60344267,179.67
1059,110.64746202,35.60330532,269.66
1060,110.64744872,35.60330526,359.67
1061,110.64744774,35.60344261,269.66
1062,110.64743444,35.60344255,179.67
1063,110.64743543,35.60330519,269.66
1064,110.64742213,35.60330513,359.67
1065,110.64742115,35.60344248,269.66
1066,110.64740785,35.60344242,179.67
1067,110.64740883,35.60330507,269.66
1068,110.64739554,35.60330500,359.67
1069,110.64739455,35.60344236,269.66
1070,110.64738125,35.60344229,179.67
1071,110.64738224,35.60330494,269.66
1072,110.64736894,35.60330488,359.67
1073,110.64736796,35.60344223,269.66
1074,110.64735466,35.60344217,179.67
1075,110.64735564,35.60330481,269.66
1076,110.64734235,35.60330475,359.67
1077,110.64734136,35.60344210,269.66
1078,110.64732807,35.60344204,179.67
1079,110.64732905,35.60330469,269.66
1080,110.64731575,35.60330462,359.67
1081,110.64731477,35.60344197,269.66
1082,110.64730147,35.60344191,179.67
1083,110.64730245,35.60330456,269.66
1084,110.64728916,35.60330449,359.67
1085,110.64728817,35.60344185,269.66
1086,110.64727488,35.60344178,179.67
1087,110.64727586,35.60330443,104.00
#area_22
1088,110.64776808,35.60320461,0.82
1089,110.64776915,35.60326543,270.83
1090,110.64775576,35.60326559,180.82
1091,110.64775469,35.60320477,270.83
1092,110.64774130,35.60320493,0.82
1093,110.64774237,35.60326575,270.83
1094,110.64772898,35.60326590,180.82
1095,110.64772790,35.60320509,270.83
1096,110.64771451,35.60320524,0.82
1097,110.64771559,35.60326606,270.83
1098,110.64770219,35.60326622,180.82
1099,110.64770112,35.60320540,270.83
1100,110.64768773,35.60320556,0.82
1101,110.64768880,35.60326638,270.83
1102,110.64767541,35.60326653,180.82
1103,110.64767434,35.60320572,270.83
1104,110.64766094,35.60320588,0.82
1105,110.64766202,35.60326669,270.83
1106,110.64764863,35.60326685,180.82
1107,110.64764755,35.60320603,270.83
1108,110.64763416,35.60320619,0.82
1109,110.64763523,35.60326701,270.83
1110,110.64762184,35.60326716,180.82
1111,110.64762077,35.60320635,270.83
1112,110.64760737,35.60320651,0.82
1113,110.64760845,35.60326732,270.83
1114,110.64759506,35.60326748,180.82
1115,110.64759398,35.60320666,270.83
1116,110.64758059,35.60320682,0.82
1117,110.64758166,35.60326764,270.83
1118,110.64756827,35.60326780,180.82
1119,110.64756720,35.60320698,270.83
1120,110.64755381,35.60320714,0.82
1121,110.64755488,35.60326795,270.83
1122,110.64754149,35.60326811,180.82
1123,110.64754041,35.60320729,270.83
1124,110.64752702,35.60320745,0.82
1125,110.64752810,35.60326827,270.83
1126,110.64751470,35.60326843,180.82
1127,110.64751363,35.60320761,270.83
1128,110.64750024,35.60320777,0.82
1129,110.64750131,35.60326858,270.83
1130,110.64748792,35.60326874,180.82
1131,110.64748685,35.60320793,270.83
1132,110.64747345,35.60320808,0.82
1133,110.64747453,35.60326890,270.83
1134,110.64746113,35.60326906,180.82
1135,110.64746006,35.60320824,270.83
1136,110.64744667,35.60320840,0.82
1137,110.64744774,35.60326921,270.83
1138,110.64743435,35.60326937,180.82
1139,110.64743328,35.60320856,205.21
#area_23
1140,110.64742452,35.60319344,359.86
1141,110.64742430,35.60326879,269.86
1142,110.64741077,35.60326876,179.86
1143,110.64741099,35.60319342,269.86
1144,110.64739746,35.60319339,359.86
1145,110.64739724,35.60326873,269.86
1146,110.64738370,35.60326871,179.86
1147,110.64738393,35.60319336,269.86
1148,110.64737040,35.60319334,359.86
1149,110.64737017,35.60326868,269.86
1150,110.64735664,35.60326865,179.86
1151,110.64735686,35.60319331,269.86
1152,110.64734333,35.60319328,359.86
1153,110.64734311,35.60326863,269.86
1154,110.64732957,35.60326860,179.86
1155,110.64732980,35.60319326,269.86
1156,110.64731627,35.60319323,359.86
1157,110.64731604,35.60326857,269.86
1158,110.64730251,35.60326855,179.86
1159,110.64730274,35.60319320,269.86
1160,110.64728920,35.60319317,359.86
1161,110.64728898,35.60326852,269.86
1162,110.64727545,35.60326849,179.86
1163,110.64727567,35.60319315,128.90
#area_24
1164,110.64776927,35.60286929,359.86
1165,110.64776856,35.60310033,269.86
1166,110.64775510,35.60310030,179.86
1167,110.64775581,35.60286927,269.86
1168,110.64774235,35.60286924,359.86
1169,110.64774164,35.60310027,269.86
1170,110.64772818,35.60310024,179.86
1171,110.64772889,35.60286921,269.86
1172,110.64771543,35.60286918,359.86
1173,110.64771472,35.60310022,269.86
1174,110.64770126,35.60310019,179.86
1175,110.64770197,35.60286916,269.86
1176,110.64768851,35.60286913,359.86
1177,110.64768780,35.60310016,269.86
1178,110.64767434,35.60310013,179.86
1179,110.64767505,35.60286910,269.86
1180,110.64766159,35.60286908,359.86
1181,110.64766088,35.60310011,269.86
1182,110.64764742,35.60310008,179.86
1183,110.64764813,35.60286905,269.86
1184,110.64763467,35.60286902,359.86
1185,110.64763396,35.60310005,269.86
1186,110.64762050,35.60310002,179.86
1187,110.64762121,35.60286899,269.86
1188,110.64760775,35.60286897,359.86
1189,110.64760704,35.60310000,269.86
1190,110.64759358,35.60309997,179.86
1191,110.64759429,35.60286894,269.86
1192,110.64758083,35.60286891,359.86
1193,110.64758012,35.60309994,269.86
1194,110.64756666,35.60309991,179.86
1195,110.64756737,35.60286888,269.86
1196,110.64755390,35.60286886,359.86
1197,110.64755320,35.60309989,269.86
1198,110.64753974,35.60309986,179.86
1199,110.64754044,35.60286883,269.86
1200,110.64752698,35.60286880,359.86
1201,110.64752628,35.60309983,269.86
1202,110.64751282,35.60309980,179.86
1203,110.64751352,35.60286877,269.86
1204,110.64750006,35.60286875,359.86
1205,110.64749936,35.60309978,269.86
1206,110.64748590,35.60309975,179.86
1207,110.64748660,35.60286872,269.86
1208,110.64747314,35.60286869,359.86
1209,110.64747244,35.60309972,269.86
1210,110.64745898,35.60309969,179.86
1211,110.64745968,35.60286866,269.86
1212,110.64744622,35.60286864,359.86
1213,110.64744552,35.60309967,269.86
1214,110.64743205,35.60309964,179.86
1215,110.64743276,35.60286861,265.01
#area_25
1216,110.64742572,35.60286811,270.39
1217,110.64725988,35.60286903,0.39
1218,110.64725997,35.60288020,90.39
1219,110.64742581,35.60287927,0.39
1220,110.64742590,35.60289044,270.39
1221,110.64726007,35.60289136,0.39
1222,110.64726016,35.60290253,90.39
1223,110.64742600,35.60290161,0.39
1224,110.64742609,35.60291277,270.39
1225,110.64726025,35.60291370,0.39
1226,110.64726035,35.60292486,90.39
1227,110.64742618,35.60292394,0.39
1228,110.64742628,35.60293511,270.39
1229,110.64726044,35.60293603,0.39
1230,110.64726053,35.60294720,90.39
1231,110.64742637,35.60294628,0.39
1232,110.64742646,35.60295744,270.39
1233,110.64726063,35.60295836,0.39
1234,110.64726072,35.60296953,90.39
1235,110.64742656,35.60296861,0.39
1236,110.64742665,35.60297978,270.39
1237,110.64726081,35.60298070,0.39
1238,110.64726090,35.60299186,90.39
1239,110.64742674,35.60299094,0.39
1240,110.64742683,35.60300211,270.39
1241,110.64726100,35.60300303,0.39
1242,110.64726109,35.60301420,90.39
1243,110.64742693,35.60301328,0.39
1244,110.64742702,35.60302444,270.39
1245,110.64726118,35.60302536,0.39
1246,110.64726128,35.60303653,90.39
1247,110.64742711,35.60303561,0.39
1248,110.64742721,35.60304678,270.39
1249,110.64726137,35.60304770,0.39
1250,110.64726146,35.60305886,90.39
1251,110.64742730,35.60305794,0.39
1252,110.64742739,35.60306911,270.39
1253,110.64726155,35.60307003,0.39
1254,110.64726165,35.60308120,90.39
1255,110.64742749,35.60308028,0.39
1256,110.64742758,35.60309144,270.39
1257,110.64726174,35.60309236,0.39
1258,110.64726183,35.60310353,90.39
1259,110.64742767,35.60310261,0.39
1260,110.64742776,35.60311378,270.39
1261,110.64726193,35.60311470,90.39
1262,110.64742776,35.60311378,148.07
#area_26
1263,110.64777055,35.60266656,359.79
1264,110.64776980,35.60283526,269.79
1265,110.64775646,35.60283522,179.79
1266,110.64775721,35.60266652,269.79
1267,110.64774386,35.60266648,359.79
1268,110.64774311,35.60283518,269.79
1269,110.64772976,35.60283514,179.79
1270,110.64773052,35.60266644,269.79
1271,110.64771717,35.60266640,359.79
1272,110.64771642,35.60283510,269.79
1273,110.64770307,35.60283506,179.79
1274,110.64770382,35.60266636,269.79
1275,110.64769048,35.60266632,359.79
1276,110.64768972,35.60283502,269.79
1277,110.64767638,35.60283498,179.79
1278,110.64767713,35.60266628,269.79
1279,110.64766378,35.60266624,359.79
1280,110.64766303,35.60283494,269.79
1281,110.64764969,35.60283490,179.79
1282,110.64765044,35.60266620,269.79
1283,110.64763709,35.60266616,359.79
1284,110.64763634,35.60283486,269.79
1285,110.64762299,35.60283482,179.79
1286,110.64762375,35.60266612,269.79
1287,110.64761040,35.60266608,359.79
1288,110.64760965,35.60283478,269.79
1289,110.64759630,35.60283474,179.79
1290,110.64759705,35.60266604,269.79
1291,110.64758371,35.60266600,359.79
1292,110.64758295,35.60283470,269.79
1293,110.64756961,35.60283466,179.79
1294,110.64757036,35.60266596,269.79
1295,110.64755701,35.60266592,359.79
1296,110.64755626,35.60283462,269.79
1297,110.64754291,35.60283458,179.79
1298,110.64754367,35.60266588,269.79
1299,110.64753032,35.60266584,359.79
1300,110.64752957,35.60283454,269.79
1301,110.64751622,35.60283450,179.79
1302,110.64751697,35.60266580,269.79
1303,110.64750363,35.60266576,359.79
1304,110.64750287,35.60283446,269.79
1305,110.64748953,35.60283442,179.79
1306,110.64749028,35.60266573,269.79
1307,110.64747694,35.60266569,359.79
1308,110.64747618,35.60283438,269.79
1309,110.64746284,35.60283434,179.79
1310,110.64746359,35.60266565,269.79
1311,110.64745024,35.60266561,359.79
1312,110.64744949,35.60283430,269.79
1313,110.64743614,35.60283426,179.79
1314,110.64743690,35.60266557,215.60
#area_27
1315,110.64742733,35.60265470,269.68
1316,110.64727895,35.60265401,359.68
1317,110.64727887,35.60266522,89.67
1318,110.64742725,35.60266590,359.68
1319,110.64742717,35.60267711,269.68
1320,110.64727880,35.60267643,359.68
1321,110.64727872,35.60268763,89.67
1322,110.64742710,35.60268832,359.68
1323,110.64742702,35.60269953,269.68
1324,110.64727864,35.60269884,359.68
1325,110.64727856,35.60271005,89.67
1326,110.64742694,35.60271073,359.68
1327,110.64742686,35.60272194,269.68
1328,110.64727849,35.60272126,359.68
1329,110.64727841,35.60273246,89.67
1330,110.64742679,35.60273315,359.68
1331,110.64742671,35.60274436,269.68
1332,110.64727833,35.60274367,359.68
1333,110.64727825,35.60275488,89.67
1334,110.64742663,35.60275556,359.68
1335,110.64742655,35.60276677,269.68
1336,110.64727818,35.60276609,359.68
1337,110.64727810,35.60277729,89.67
1338,110.64742648,35.60277798,359.68
1339,110.64742640,35.60278918,269.68
1340,110.64727802,35.60278850,359.68
1341,110.64727794,35.60279971,89.67
1342,110.64742632,35.60280039,359.68
1343,110.64742624,35.60281160,269.68
1344,110.64727787,35.60281091,359.68
1345,110.64727779,35.60282212,89.67
1346,110.64742617,35.60282281,359.68
1347,110.64742609,35.60283401,269.68
1348,110.64727771,35.60283333,89.67
1349,110.64742609,35.60283401,144.39
#area_28
1350,110.64777143,35.60244194,359.93
1351,110.64777125,35.60255899,269.93
1352,110.64775788,35.60255898,179.93
1353,110.64775806,35.60244193,269.93
1354,110.64774468,35.60244191,359.93
1355,110.64774450,35.60255897,269.93
1356,110.64773113,35.60255895,179.93
1357,110.64773131,35.60244190,269.93
1358,110.64771794,35.60244189,359.93
1359,110.64771776,35.60255894,269.93
1360,110.64770439,35.60255893,179.93
1361,110.64770457,35.60244187,269.93
1362,110.64769119,35.60244186,359.93
1363,110.64769101,35.60255891,269.93
1364,110.64767764,35.60255890,179.93
1365,110.64767782,35.60244184,269.93
1366,110.64766445,35.60244183,359.93
1367,110.64766427,35.60255889,269.93
1368,110.64765089,35.60255887,179.93
1369,110.64765107,35.60244182,269.93
1370,110.64763770,35.60244180,359.93
1371,110.64763752,35.60255886,269.93
1372,110.64762415,35.60255884,179.93
1373,110.64762433,35.60244179,269.93
1374,110.64761095,35.60244178,359.93
1375,110.64761077,35.60255883,269.93
1376,110.64759740,35.60255882,179.93
1377,110.64759758,35.60244176,269.93
1378,110.64758421,35.60244175,359.93
1379,110.64758403,35.60255880,269.93
1380,110.64757065,35.60255879,179.93
1381,110.64757083,35.60244173,269.93
1382,110.64755746,35.60244172,359.93
1383,110.64755728,35.60255878,269.93
1384,110.64754391,35.60255876,179.93
1385,110.64754409,35.60244171,269.93
1386,110.64753072,35.60244169,359.93
1387,110.64753053,35.60255875,269.93
1388,110.64751716,35.60255873,179.93
1389,110.64751734,35.60244168,269.93
1390,110.64750397,35.60244167,359.93
1391,110.64750379,35.60255872,269.93
1392,110.64749042,35.60255871,179.93
1393,110.64749060,35.60244165,269.93
1394,110.64747722,35.60244164,359.93
1395,110.64747704,35.60255869,269.93
1396,110.64746367,35.60255868,179.93
1397,110.64746385,35.60244162,269.93
1398,110.64745048,35.60244161,359.93
1399,110.64745030,35.60255867,269.93
1400,110.64743692,35.60255865,179.93
1401,110.64743710,35.60244160,265.39
#area_29
1402,110.64742722,35.60244095,269.68
1403,110.64727842,35.60244027,359.68
1404,110.64727834,35.60245184,89.68
1405,110.64742714,35.60245251,359.68
1406,110.64742706,35.60246408,269.68
1407,110.64727826,35.60246340,359.68
1408,110.64727818,35.60247496,89.68
1409,110.64742699,35.60247564,359.68
1410,110.64742691,35.60248721,269.68
1411,110.64727810,35.60248653,359.68
1412,110.64727803,35.60249809,89.68
1413,110.64742683,35.60249877,359.68
1414,110.64742675,35.60251033,269.68
1415,110.64727795,35.60250966,359.68
1416,110.64727787,35.60252122,89.68
1417,110.64742667,35.60252190,359.68
1418,110.64742659,35.60253346,269.68
1419,110.64727779,35.60253278,359.68
1420,110.64727771,35.60254435,89.68
1421,110.64742651,35.60254503,359.68
1422,110.64742643,35.60255659,269.68
1423,110.64727763,35.60255591,359.68
1424,110.64727755,35.60256748,89.68
1425,110.64742635,35.60256815,269.68
1426,110.64727755,35.60256748,124.58
#area_30
1427,110.64777218,35.60229022,359.93
1428,110.64777200,35.60240759,269.92
1429,110.64775863,35.60240757,179.93
1430,110.64775882,35.60229020,269.92
1431,110.64774545,35.60229019,359.93
1432,110.64774526,35.60240756,269.92
1433,110.64773190,35.60240754,179.93
1434,110.64773209,35.60229017,269.92
1435,110.64771872,35.60229016,359.93
1436,110.64771853,35.60240753,269.92
1437,110.64770517,35.60240751,179.93
1438,110.64770535,35.60229015,269.92
1439,110.64769199,35.60229013,359.93
1440,110.64769180,35.60240750,269.92
1441,110.64767843,35.60240749,179.93
1442,110.64767862,35.60229012,269.92
1443,110.64766526,35.60229010,359.93
1444,110.64766507,35.60240747,269.92
1445,110.64765170,35.60240746,179.93
1446,110.64765189,35.60229009,269.92
1447,110.64763852,35.60229007,359.93
1448,110.64763834,35.60240744,269.92
1449,110.64762497,35.60240743,179.93
1450,110.64762516,35.60229006,269.92
1451,110.64761179,35.60229005,359.93
1452,110.64761160,35.60240741,269.92
1453,110.64759824,35.60240740,179.93
1454,110.64759843,35.60229003,269.92
1455,110.64758506,35.60229002,359.93
1456,110.64758487,35.60240739,269.92
1457,110.64757150,35.60240737,179.93
1458,110.64757169,35.60229000,269.92
1459,110.64755833,35.60228999,359.93
1460,110.64755814,35.60240736,269.92
1461,110.64754477,35.60240734,179.92
1462,110.64754496,35.60228997,269.92
1463,110.64753160,35.60228996,359.92
1464,110.64753141,35.60240733,269.92
1465,110.64751804,35.60240731,179.92
1466,110.64751823,35.60228994,269.92
1467,110.64750486,35.60228993,359.92
1468,110.64750467,35.60240730,269.92
1469,110.64749131,35.60240729,179.92
1470,110.64749150,35.60228992,269.92
1471,110.64747813,35.60228990,359.92
1472,110.64747794,35.60240727,269.92
1473,110.64746458,35.60240726,179.92
1474,110.64746477,35.60228989,269.92
1475,110.64745140,35.60228987,359.92
1476,110.64745121,35.60240724,269.92
1477,110.64743784,35.60240723,179.92
1478,110.64743803,35.60228986,214.26
#area_31
1479,110.64742852,35.60227850,269.66
1480,110.64727928,35.60227777,359.66
1481,110.64727919,35.60228935,89.66
1482,110.64742843,35.60229008,359.66
1483,110.64742835,35.60230166,269.66
1484,110.64727911,35.60230093,359.66
1485,110.64727902,35.60231251,89.66
1486,110.64742826,35.60231324,359.66
1487,110.64742818,35.60232482,269.66
1488,110.64727894,35.60232409,359.66
1489,110.64727885,35.60233567,89.66
1490,110.64742809,35.60233640,359.66
1491,110.64742801,35.60234798,269.66
1492,110.64727877,35.60234725,359.66
1493,110.64727868,35.60235883,89.66
1494,110.64742792,35.60235956,359.66
1495,110.64742784,35.60237114,269.66
1496,110.64727860,35.60237041,359.66
1497,110.64727852,35.60238199,89.66
1498,110.64742776,35.60238272,359.66
1499,110.64742767,35.60239430,269.66
1500,110.64727843,35.60239357,359.66
1501,110.64727835,35.60240515,89.66
1502,110.64742759,35.60240588,269.66
1503,110.64727835,35.60240515,125.43
#area_32
1504,110.64777346,35.60211873,359.59
1505,110.64777289,35.60218388,269.58
1506,110.64775959,35.60218380,179.59
1507,110.64776016,35.60211865,269.58
1508,110.64774686,35.60211857,359.59
1509,110.64774628,35.60218372,269.58
1510,110.64773298,35.60218364,179.59
1511,110.64773356,35.60211849,269.58
1512,110.64772025,35.60211841,359.59
1513,110.64771968,35.60218356,269.58
1514,110.64770637,35.60218348,179.59
1515,110.64770695,35.60211833,269.58
1516,110.64769365,35.60211826,359.59
1517,110.64769307,35.60218340,269.58
1518,110.64767977,35.60218333,179.59
1519,110.64768034,35.60211818,269.58
1520,110.64766704,35.60211810,359.59
1521,110.64766647,35.60218325,269.58
1522,110.64765316,35.60218317,179.59
1523,110.64765374,35.60211802,269.58
1524,110.64764044,35.60211794,359.59
1525,110.64763986,35.60218309,269.58
1526,110.64762656,35.60218301,179.59
1527,110.64762713,35.60211786,269.58
1528,110.64761383,35.60211779,359.59
1529,110.64761325,35.60218293,269.58
1530,110.64759995,35.60218286,179.59
1531,110.64760053,35.60211771,269.58
1532,110.64758722,35.60211763,359.59
1533,110.64758665,35.60218278,269.58
1534,110.64757335,35.60218270,179.59
1535,110.64757392,35.60211755,269.58
1536,110.64756062,35.60211747,359.59
1537,110.64756004,35.60218262,269.58
1538,110.64754674,35.60218254,179.59
1539,110.64754732,35.60211739,269.58
1540,110.64753401,35.60211732,359.59
1541,110.64753344,35.60218246,269.58
1542,110.64752013,35.60218239,179.59
1543,110.64752071,35.60211724,269.58
1544,110.64750741,35.60211716,359.59
1545,110.64750683,35.60218231,269.58
1546,110.64749353,35.60218223,179.59
1547,110.64749410,35.60211708,269.58
1548,110.64748080,35.60211700,359.59
1549,110.64748023,35.60218215,269.58
1550,110.64746692,35.60218207,179.59
1551,110.64746750,35.60211692,269.58
1552,110.64745420,35.60211684,359.59
1553,110.64745362,35.60218199,269.58
1554,110.64744032,35.60218191,179.59
1555,110.64744089,35.60211677,269.58
1556,110.64742759,35.60211669,359.59
1557,110.64742701,35.60218184,269.58
1558,110.64741371,35.60218176,179.59
1559,110.64741429,35.60211661,269.58
1560,110.64740098,35.60211653,359.59
1561,110.64740041,35.60218168,269.58
1562,110.64738711,35.60218160,179.59
1563,110.64738768,35.60211645,269.58
1564,110.64737438,35.60211637,359.59
1565,110.64737380,35.60218152,269.58
1566,110.64736050,35.60218144,179.59
1567,110.64736108,35.60211630,269.58
1568,110.64734777,35.60211622,359.59
1569,110.64734720,35.60218137,269.58
1570,110.64733389,35.60218129,179.59
1571,110.64733447,35.60211614,269.58
1572,110.64732117,35.60211606,359.59
1573,110.64732059,35.60218121,269.58
1574,110.64730729,35.60218113,179.59
1575,110.64730786,35.60211598,269.58
1576,110.64729456,35.60211590,359.59
1577,110.64729399,35.60218105,269.58
1578,110.64728068,35.60218097,179.59
1579,110.64728126,35.60211582,273.59
#area_33
1580,110.64727090,35.60211635,0.27
1581,110.64727097,35.60212905,270.27
1582,110.64725713,35.60212911,180.27
1583,110.64725705,35.60211641,270.27
1584,110.64724321,35.60211646,0.27
1585,110.64724328,35.60212916,270.27
1586,110.64722944,35.60212921,180.27
1587,110.64722937,35.60211651,270.27
1588,110.64721552,35.60211657,0.27
1589,110.64721560,35.60212927,270.27
1590,110.64720175,35.60212932,180.27
1591,110.64720168,35.60211662,111.76
#area_34
1592,110.64777480,35.60193057,359.52
1593,110.64777326,35.60207865,269.51
1594,110.64775997,35.60207856,179.52
1595,110.64776151,35.60193048,269.51
1596,110.64774821,35.60193039,359.52
1597,110.64774668,35.60207847,269.51
1598,110.64773338,35.60207838,179.52
1599,110.64773492,35.60193030,269.51
1600,110.64772162,35.60193020,359.52
1601,110.64772009,35.60207828,269.51
1602,110.64770679,35.60207819,179.52
1603,110.64770833,35.60193011,269.51
1604,110.64769504,35.60193002,359.52
1605,110.64769350,35.60207810,269.51
1606,110.64768021,35.60207801,179.52
1607,110.64768174,35.60192993,269.51
1608,110.64766845,35.60192984,359.52
1609,110.64766691,35.60207792,269.51
1610,110.64765362,35.60207782,179.52
1611,110.64765516,35.60192974,269.51
1612,110.64764186,35.60192965,359.52
1613,110.64764032,35.60207773,269.51
1614,110.64762703,35.60207764,179.52
1615,110.64762857,35.60192956,269.51
1616,110.64761527,35.60192947,359.52
1617,110.64761374,35.60207755,269.51
1618,110.64760044,35.60207746,179.52
1619,110.64760198,35.60192938,269.51
1620,110.64758869,35.60192928,359.52
1621,110.64758715,35.60207736,269.51
1622,110.64757386,35.60207727,179.52
1623,110.64757539,35.60192919,269.51
1624,110.64756210,35.60192910,359.52
1625,110.64756056,35.60207718,269.51
1626,110.64754727,35.60207709,179.52
1627,110.64754880,35.60192901,269.51
1628,110.64753551,35.60192892,359.52
1629,110.64753397,35.60207700,269.51
1630,110.64752068,35.60207690,179.52
1631,110.64752222,35.60192882,269.51
1632,110.64750892,35.60192873,359.52
1633,110.64750739,35.60207681,269.51
1634,110.64749409,35.60207672,179.52
1635,110.64749563,35.60192864,269.51
1636,110.64748233,35.60192855,359.52
1637,110.64748080,35.60207663,269.51
1638,110.64746750,35.60207654,179.52
1639,110.64746904,35.60192846,269.51
1640,110.64745575,35.60192836,359.52
1641,110.64745421,35.60207644,269.51
1642,110.64744092,35.60207635,179.52
1643,110.64744245,35.60192827,269.51
1644,110.64742916,35.60192818,359.52
1645,110.64742762,35.60207626,269.51
1646,110.64741433,35.60207617,179.52
1647,110.64741587,35.60192809,269.51
1648,110.64740257,35.60192800,359.52
1649,110.64740103,35.60207607,269.51
1650,110.64738774,35.60207598,179.52
1651,110.64738928,35.60192790,269.51
1652,110.64737598,35.60192781,359.52
1653,110.64737445,35.60207589,269.51
1654,110.64736115,35.60207580,179.52
1655,110.64736269,35.60192772,269.51
1656,110.64734940,35.60192763,359.52
1657,110.64734786,35.60207571,269.51
1658,110.64733456,35.60207561,179.52
1659,110.64733610,35.60192753,269.51
1660,110.64732281,35.60192744,359.52
1661,110.64732127,35.60207552,269.51
1662,110.64730798,35.60207543,179.52
1663,110.64730951,35.60192735,269.51
1664,110.64729622,35.60192726,359.52
1665,110.64729468,35.60207534,269.51
1666,110.64728139,35.60207525,179.52
1667,110.64728293,35.60192717,269.51
1668,110.64726963,35.60192707,359.52
1669,110.64726809,35.60207515,269.51
1670,110.64725480,35.60207506,179.52
1671,110.64725634,35.60192698,269.51
1672,110.64724304,35.60192689,359.52
1673,110.64724151,35.60207497,269.51
1674,110.64722821,35.60207488,179.52
1675,110.64722975,35.60192680,269.51
1676,110.64721646,35.60192671,359.52
1677,110.64721492,35.60207479,269.51
1678,110.64720163,35.60207469,179.52
1679,110.64720316,35.60192661,357.42
#area_35
1680,110.64693551,35.60676450,89.82
1681,110.64708387,35.60676487,179.83
1682,110.64708392,35.60675367,269.82
1683,110.64693555,35.60675330,179.83
1684,110.64693560,35.60674210,89.82
1685,110.64708396,35.60674247,179.83
1686,110.64708400,35.60673127,269.82
1687,110.64693564,35.60673090,179.83
1688,110.64693568,35.60671969,89.82
1689,110.64708404,35.60672006,179.83
1690,110.64708408,35.60670886,269.82
1691,110.64693572,35.60670849,179.83
1692,110.64693576,35.60669729,89.82
1693,110.64708412,35.60669766,179.83
1694,110.64708417,35.60668646,269.82
1695,110.64693581,35.60668609,179.83
1696,110.64693585,35.60667489,89.82
1697,110.64708421,35.60667526,179.83
1698,110.64708425,35.60666405,269.82
1699,110.64693589,35.60666368,179.83
1700,110.64693593,35.60665248,89.82
1701,110.64708429,35.60665285,179.83
1702,110.64708433,35.60664165,269.82
1703,110.64693597,35.60664128,179.83
1704,110.64693602,35.60663008,89.82
1705,110.64708438,35.60663045,179.83
1706,110.64708442,35.60661925,269.82
1707,110.64693606,35.60661888,179.83
1708,110.64693610,35.60660767,89.82
1709,110.64708446,35.60660805,179.83
1710,110.64708450,35.60659684,269.82
1711,110.64693614,35.60659647,179.83
1712,110.64693618,35.60658527,89.82
1713,110.64708454,35.60658564,269.82
1714,110.64693618,35.60658527,179.60
#area_36
1715,110.64693651,35.60654732,90.03
1716,110.64708462,35.60654726,180.03
1717,110.64708462,35.60653608,270.03
1718,110.64693650,35.60653613,180.03
1719,110.64693650,35.60652495,90.03
1720,110.64708461,35.60652490,180.03
1721,110.64708460,35.60651371,270.03
1722,110.64693649,35.60651377,180.03
1723,110.64693648,35.60650259,90.03
1724,110.64708460,35.60650253,180.03
1725,110.64708459,35.60649135,270.03
1726,110.64693648,35.60649140,180.03
1727,110.64693647,35.60648022,90.03
1728,110.64708458,35.60648016,180.03
1729,110.64708458,35.60646898,270.03
1730,110.64693646,35.60646904,180.03
1731,110.64693646,35.60645785,90.03
1732,110.64708457,35.60645780,180.03
1733,110.64708457,35.60644661,270.03
1734,110.64693645,35.60644667,180.03
1735,110.64693645,35.60643549,90.03
1736,110.64708456,35.60643543,180.03
1737,110.64708455,35.60642425,270.03
1738,110.64693644,35.60642430,180.03
1739,110.64693643,35.60641312,90.03
1740,110.64708455,35.60641307,180.03
1741,110.64708454,35.60640188,270.03
1742,110.64693643,35.60640194,180.03
1743,110.64693642,35.60639075,90.03
1744,110.64708453,35.60639070,180.03
1745,110.64708453,35.60637952,270.03
1746,110.64693641,35.60637957,180.03
1747,110.64693641,35.60636839,90.03
1748,110.64708452,35.60636833,270.03
1749,110.64693641,35.60636839,179.86
#area_37
1750,110.64693652,35.60633128,90.04
1751,110.64708472,35.60633120,180.04
1752,110.64708471,35.60632001,270.04
1753,110.64693651,35.60632009,180.04
1754,110.64693650,35.60630889,90.04
1755,110.64708470,35.60630881,180.04
1756,110.64708469,35.60629761,270.04
1757,110.64693649,35.60629769,180.04
1758,110.64693648,35.60628649,90.04
1759,110.64708468,35.60628641,180.04
1760,110.64708467,35.60627522,270.04
1761,110.64693647,35.60627530,180.04
1762,110.64693647,35.60626410,90.04
1763,110.64708466,35.60626402,180.04
1764,110.64708465,35.60625282,270.04
1765,110.64693646,35.60625290,180.04
1766,110.64693645,35.60624170,90.04
1767,110.64708465,35.60624162,180.04
1768,110.64708464,35.60623043,270.04
1769,110.64693644,35.60623051,180.04
1770,110.64693643,35.60621931,90.04
1771,110.64708463,35.60621923,180.04
1772,110.64708462,35.60620803,270.04
1773,110.64693642,35.60620811,180.04
1774,110.64693641,35.60619691,90.04
1775,110.64708461,35.60619683,180.04
1776,110.64708460,35.60618564,270.04
1777,110.64693640,35.60618572,180.04
1778,110.64693639,35.60617452,90.04
1779,110.64708459,35.60617444,180.04
1780,110.64708458,35.60616324,270.04
1781,110.64693638,35.60616332,180.04
1782,110.64693637,35.60615212,90.04
1783,110.64708457,35.60615204,270.04
1784,110.64693637,35.60615212,179.55
#area_38
1785,110.64693674,35.60611403,89.75
1786,110.64708487,35.60611454,179.76
1787,110.64708492,35.60610333,269.75
1788,110.64693680,35.60610282,179.76
1789,110.64693686,35.60609160,89.75
1790,110.64708498,35.60609212,179.76
1791,110.64708504,35.60608091,269.75
1792,110.64693692,35.60608039,179.76
1793,110.64693698,35.60606918,89.75
1794,110.64708510,35.60606970,179.76
1795,110.64708516,35.60605848,269.75
1796,110.64693703,35.60605797,179.76
1797,110.64693709,35.60604676,89.75
1798,110.64708522,35.60604727,179.76
1799,110.64708528,35.60603606,269.75
1800,110.64693715,35.60603554,179.76
1801,110.64693721,35.60602433,89.75
1802,110.64708533,35.60602485,179.76
1803,110.64708539,35.60601363,269.75
1804,110.64693727,35.60601312,179.76
1805,110.64693733,35.60600191,89.75
1806,110.64708545,35.60600242,179.76
1807,110.64708551,35.60599121,269.75
1808,110.64693738,35.60599069,179.76
1809,110.64693744,35.60597948,89.75
1810,110.64708557,35.60598000,179.76
1811,110.64708563,35.60596879,269.75
1812,110.64693750,35.60596827,179.76
1813,110.64693756,35.60595706,89.75
1814,110.64708568,35.60595757,179.76
1815,110.64708574,35.60594636,269.75
1816,110.64693762,35.60594585,179.76
1817,110.64693768,35.60593463,89.75
1818,110.64708580,35.60593515,269.75
1819,110.64693768,35.60593463,179.69
#area_39
1820,110.64693791,35.60589864,89.73
1821,110.64708620,35.60589920,179.74
1822,110.64708626,35.60588801,269.73
1823,110.64693798,35.60588745,179.74
1824,110.64693804,35.60587627,89.73
1825,110.64708632,35.60587683,179.74
1826,110.64708639,35.60586564,269.73
1827,110.64693810,35.60586508,179.74
1828,110.64693817,35.60585390,89.73
1829,110.64708645,35.60585446,179.74
1830,110.64708651,35.60584328,269.73
1831,110.64693823,35.60584272,179.74
1832,110.64693829,35.60583153,89.73
1833,110.64708658,35.60583209,179.74
1834,110.64708664,35.60582091,269.73
1835,110.64693836,35.60582035,179.74
1836,110.64693842,35.60580916,89.73
1837,110.64708670,35.60580973,179.74
1838,110.64708677,35.60579854,269.73
1839,110.64693848,35.60579798,179.74
1840,110.64693855,35.60578680,89.73
1841,110.64708683,35.60578736,179.74
1842,110.64708689,35.60577617,269.73
1843,110.64693861,35.60577561,179.74
1844,110.64693868,35.60576443,89.73
1845,110.64708696,35.60576499,179.74
1846,110.64708702,35.60575381,269.73
1847,110.64693874,35.60575324,179.74
1848,110.64693880,35.60574206,89.73
1849,110.64708708,35.60574262,179.74
1850,110.64708715,35.60573144,269.73
1851,110.64693887,35.60573088,179.74
1852,110.64693893,35.60571969,89.73
1853,110.64708721,35.60572025,269.73
1854,110.64693893,35.60571969,179.93
#area_40
1855,110.64693899,35.60568166,89.86
1856,110.64708720,35.60568196,179.86
1857,110.64708723,35.60567077,269.86
1858,110.64693902,35.60567046,179.86
1859,110.64693906,35.60565927,89.86
1860,110.64708727,35.60565957,179.86
1861,110.64708730,35.60564838,269.86
1862,110.64693909,35.60564808,179.86
1863,110.64693912,35.60563688,89.86
1864,110.64708734,35.60563719,179.86
1865,110.64708737,35.60562599,269.86
1866,110.64693916,35.60562569,179.86
1867,110.64693919,35.60561449,89.86
1868,110.64708740,35.60561480,179.86
1869,110.64708744,35.60560360,269.86
1870,110.64693923,35.60560330,179.86
1871,110.64693926,35.60559210,89.86
1872,110.64708747,35.60559241,179.86
1873,110.64708751,35.60558121,269.86
1874,110.64693930,35.60558091,179.86
1875,110.64693933,35.60556971,89.86
1876,110.64708754,35.60557002,179.86
1877,110.64708758,35.60555882,269.86
1878,110.64693937,35.60555852,179.86
1879,110.64693940,35.60554732,89.86
1880,110.64708761,35.60554763,179.86
1881,110.64708765,35.60553643,269.86
1882,110.64693943,35.60553613,179.86
1883,110.64693947,35.60552494,89.86
1884,110.64708768,35.60552524,179.86
1885,110.64708771,35.60551405,269.86
1886,110.64693950,35.60551374,179.86
1887,110.64693954,35.60550255,89.86
1888,110.64708775,35.60550285,269.86
1889,110.64693954,35.60550255,179.89
#area_41
1890,110.64693963,35.60546554,89.81
1891,110.64708783,35.60546595,179.81
1892,110.64708787,35.60545475,269.81
1893,110.64693967,35.60545434,179.81
1894,110.64693972,35.60544314,89.81
1895,110.64708792,35.60544354,179.81
1896,110.64708796,35.60543234,269.81
1897,110.64693976,35.60543193,179.81
1898,110.64693981,35.60542073,89.81
1899,110.64708801,35.60542114,179.81
1900,110.64708806,35.60540993,269.81
1901,110.64693986,35.60540953,179.81
1902,110.64693990,35.60539832,89.81
1903,110.64708810,35.60539873,179.81
1904,110.64708815,35.60538753,269.81
1905,110.64693995,35.60538712,179.81
1906,110.64693999,35.60537592,89.81
1907,110.64708819,35.60537632,179.81
1908,110.64708824,35.60536512,269.81
1909,110.64694004,35.60536471,179.81
1910,110.64694009,35.60535351,89.81
1911,110.64708829,35.60535392,179.81
1912,110.64708833,35.60534271,269.81
1913,110.64694013,35.60534231,179.81
1914,110.64694018,35.60533110,89.81
1915,110.64708838,35.60533151,179.81
1916,110.64708842,35.60532031,269.81
1917,110.64694022,35.60531990,179.81
1918,110.64694027,35.60530870,89.81
1919,110.64708847,35.60530910,179.81
1920,110.64708852,35.60529790,269.81
1921,110.64694032,35.60529749,179.81
1922,110.64694036,35.60528629,89.81
1923,110.64708856,35.60528670,269.81
1924,110.64694036,35.60528629,179.70
#area_42
1925,110.64694059,35.60525020,89.78
1926,110.64708882,35.60525066,179.78
1927,110.64708887,35.60523947,269.78
1928,110.64694064,35.60523901,179.78
1929,110.64694070,35.60522783,89.78
1930,110.64708892,35.60522828,179.78
1931,110.64708898,35.60521710,269.78
1932,110.64694075,35.60521664,179.78
1933,110.64694080,35.60520545,89.78
1934,110.64708903,35.60520591,179.78
1935,110.64708908,35.60519473,269.78
1936,110.64694085,35.60519427,179.78
1937,110.64694090,35.60518308,89.78
1938,110.64708913,35.60518354,179.78
1939,110.64708918,35.60517235,269.78
1940,110.64694096,35.60517190,179.78
1941,110.64694101,35.60516071,89.78
1942,110.64708924,35.60516117,179.78
1943,110.64708929,35.60514998,269.78
1944,110.64694106,35.60514952,179.78
1945,110.64694111,35.60513834,89.78
1946,110.64708934,35.60513880,179.78
1947,110.64708939,35.60512761,269.78
1948,110.64694116,35.60512715,179.78
1949,110.64694121,35.60511597,89.78
1950,110.64708944,35.60511642,179.78
1951,110.64708950,35.60510524,269.78
1952,110.64694127,35.60510478,179.78
1953,110.64694132,35.60509359,89.78
1954,110.64708955,35.60509405,179.78
1955,110.64708960,35.60508287,269.78
1956,110.64694137,35.60508241,179.78
1957,110.64694142,35.60507122,89.78
1958,110.64708965,35.60507168,269.78
1959,110.64694142,35.60507122,179.39
#area_43
1960,110.64694191,35.60503441,180.18
1961,110.64694178,35.60500087,90.18
1962,110.64695527,35.60500084,0.18
1963,110.64695539,35.60503438,90.18
1964,110.64696888,35.60503435,180.18
1965,110.64696875,35.60500081,90.18
1966,110.64698224,35.60500077,0.18
1967,110.64698236,35.60503431,90.18
1968,110.64699585,35.60503428,180.18
1969,110.64699572,35.60500074,90.18
1970,110.64700921,35.60500070,0.18
1971,110.64700933,35.60503424,90.18
1972,110.64702282,35.60503421,180.18
1973,110.64702269,35.60500067,90.18
1974,110.64703618,35.60500064,0.18
1975,110.64703630,35.60503418,90.18
1976,110.64704979,35.60503414,180.18
1977,110.64704966,35.60500060,90.18
1978,110.64706315,35.60500057,0.18
1979,110.64706327,35.60503411,90.18
1980,110.64707676,35.60503407,180.18
1981,110.64707663,35.60500053,90.18
1982,110.64709012,35.60500050,0.18
1983,110.64709024,35.60503404,261.85
#area_44
1984,110.64659818,35.60497678,179.67
1985,110.64659908,35.60484948,89.67
1986,110.64661241,35.60484955,359.67
1987,110.64661152,35.60497684,89.67
1988,110.64662486,35.60497690,179.67
1989,110.64662575,35.60484961,89.67
1990,110.64663909,35.60484967,359.67
1991,110.64663820,35.60497696,89.67
1992,110.64665154,35.60497703,179.67
1993,110.64665243,35.60484973,89.67
1994,110.64666577,35.60484980,359.67
1995,110.64666488,35.60497709,89.67
1996,110.64667822,35.60497715,179.67
1997,110.64667911,35.60484986,89.67
1998,110.64669245,35.60484992,359.67
1999,110.64669156,35.60497721,89.67
2000,110.64670490,35.60497728,179.67
2001,110.64670579,35.60484998,89.67
2002,110.64671913,35.60485004,359.67
2003,110.64671823,35.60497734,89.67
2004,110.64673157,35.60497740,179.67
2005,110.64673247,35.60485011,89.67
2006,110.64674580,35.60485017,359.67
2007,110.64674491,35.60497746,89.67
2008,110.64675825,35.60497752,179.67
2009,110.64675914,35.60485023,89.67
2010,110.64677248,35.60485029,359.67
2011,110.64677159,35.60497759,89.67
2012,110.64678493,35.60497765,179.67
2013,110.64678582,35.60485036,89.67
2014,110.64679916,35.60485042,359.67
2015,110.64679827,35.60497771,89.67
2016,110.64681161,35.60497777,179.67
2017,110.64681250,35.60485048,89.67
2018,110.64682584,35.60485054,359.67
2019,110.64682495,35.60497784,89.67
2020,110.64683829,35.60497790,179.67
2021,110.64683918,35.60485061,89.67
2022,110.64685252,35.60485067,359.67
2023,110.64685162,35.60497796,89.67
2024,110.64686496,35.60497802,179.67
2025,110.64686586,35.60485073,89.67
2026,110.64687919,35.60485079,359.67
2027,110.64687830,35.60497809,89.67
2028,110.64689164,35.60497815,179.67
2029,110.64689253,35.60485085,89.67
2030,110.64690587,35.60485092,359.67
2031,110.64690498,35.60497821,89.67
2032,110.64691832,35.60497827,179.67
2033,110.64691921,35.60485098,89.67
2034,110.64693255,35.60485104,359.67
2035,110.64693166,35.60497834,89.18
#area_45
2036,110.64694165,35.60497845,89.63
2037,110.64709082,35.60497923,179.63
2038,110.64709091,35.60496785,269.63
2039,110.64694174,35.60496707,179.63
2040,110.64694183,35.60495569,89.63
2041,110.64709100,35.60495647,179.63
2042,110.64709109,35.60494509,269.63
2043,110.64694191,35.60494431,179.63
2044,110.64694200,35.60493293,89.63
2045,110.64709117,35.60493371,179.63
2046,110.64709126,35.60492233,269.63
2047,110.64694209,35.60492155,179.63
2048,110.64694218,35.60491017,89.63
2049,110.64709135,35.60491095,179.63
2050,110.64709144,35.60489957,269.63
2051,110.64694227,35.60489879,179.63
2052,110.64694236,35.60488741,89.63
2053,110.64709153,35.60488819,179.63
2054,110.64709162,35.60487681,269.63
2055,110.64694245,35.60487603,179.63
2056,110.64694254,35.60486465,89.63
2057,110.64709171,35.60486543,179.63
2058,110.64709180,35.60485405,269.63
2059,110.64694263,35.60485327,179.63
2060,110.64694272,35.60484189,89.63
2061,110.64709189,35.60484267,179.63
2062,110.64709198,35.60483129,269.63
2063,110.64694281,35.60483051,89.63
2064,110.64709198,35.60483129,258.14
#area_46
2065,110.64659913,35.60474715,179.69
2066,110.64660062,35.60452661,89.68
2067,110.64661398,35.60452667,359.69
2068,110.64661249,35.60474721,89.68
2069,110.64662585,35.60474727,179.69
2070,110.64662734,35.60452673,89.68
2071,110.64664069,35.60452679,359.69
2072,110.64663921,35.60474733,89.68
2073,110.64665257,35.60474739,179.69
2074,110.64665405,35.60452685,89.68
2075,110.64666741,35.60452691,359.69
2076,110.64666593,35.60474745,89.68
2077,110.64667929,35.60474751,179.69
2078,110.64668077,35.60452697,89.68
2079,110.64669413,35.60452703,359.69
2080,110.64669264,35.60474757,89.68
2081,110.64670600,35.60474763,179.69
2082,110.64670749,35.60452709,89.68
2083,110.64672085,35.60452715,359.69
2084,110.64671936,35.60474769,89.68
2085,110.64673272,35.60474775,179.69
2086,110.64673421,35.60452721,89.68
2087,110.64674757,35.60452727,359.69
2088,110.64674608,35.60474781,89.68
2089,110.64675944,35.60474787,179.69
2090,110.64676092,35.60452733,89.68
2091,110.64677428,35.60452739,359.69
2092,110.64677280,35.60474793,89.68
2093,110.64678616,35.60474799,179.69
2094,110.64678764,35.60452745,89.68
2095,110.64680100,35.60452751,359.69
2096,110.64679952,35.60474805,89.68
2097,110.64681287,35.60474811,179.69
2098,110.64681436,35.60452757,89.68
2099,110.64682772,35.60452763,359.69
2100,110.64682623,35.60474817,89.68
2101,110.64683959,35.60474823,179.69
2102,110.64684108,35.60452769,89.68
2103,110.64685444,35.60452775,359.69
2104,110.64685295,35.60474829,89.68
2105,110.64686631,35.60474835,179.69
2106,110.64686779,35.60452781,89.68
2107,110.64688115,35.60452787,359.69
2108,110.64687967,35.60474841,89.68
2109,110.64689303,35.60474847,179.69
2110,110.64689451,35.60452793,89.68
2111,110.64690787,35.60452799,359.69
2112,110.64690639,35.60474853,89.68
2113,110.64691975,35.60474859,179.69
2114,110.64692123,35.60452805,89.68
2115,110.64693459,35.60452811,359.69
2116,110.64693311,35.60474865,89.17
#area_47
2117,110.64694315,35.60474877,89.67
2118,110.64709211,35.60474947,179.67
2119,110.64709219,35.60473851,269.67
2120,110.64694323,35.60473780,179.67
2121,110.64694331,35.60472683,89.67
2122,110.64709227,35.60472754,179.67
2123,110.64709235,35.60471657,269.67
2124,110.64694338,35.60471586,179.67
2125,110.64694346,35.60470490,89.67
2126,110.64709242,35.60470560,179.67
2127,110.64709250,35.60469463,269.67
2128,110.64694354,35.60469393,179.67
2129,110.64694362,35.60468296,89.67
2130,110.64709258,35.60468366,179.67
2131,110.64709266,35.60467270,269.67
2132,110.64694370,35.60467199,179.67
2133,110.64694377,35.60466102,89.67
2134,110.64709274,35.60466173,179.67
2135,110.64709281,35.60465076,269.67
2136,110.64694385,35.60465005,179.67
2137,110.64694393,35.60463908,89.67
2138,110.64709289,35.60463979,179.67
2139,110.64709297,35.60462882,269.67
2140,110.64694401,35.60462812,179.67
2141,110.64694408,35.60461715,89.67
2142,110.64709305,35.60461785,179.67
2143,110.64709312,35.60460688,269.67
2144,110.64694416,35.60460618,179.67
2145,110.64694424,35.60459521,89.67
2146,110.64709320,35.60459592,179.67
2147,110.64709328,35.60458495,269.67
2148,110.64694432,35.60458424,179.67
2149,110.64694440,35.60457327,89.67
2150,110.64709336,35.60457398,179.67
2151,110.64709344,35.60456301,269.67
2152,110.64694447,35.60456230,179.67
2153,110.64694455,35.60455134,89.67
2154,110.64709351,35.60455204,179.67
2155,110.64709359,35.60454107,269.67
2156,110.64694463,35.60454037,179.67
2157,110.64694471,35.60452940,89.67
2158,110.64709367,35.60453010,179.67
2159,110.64709375,35.60451914,269.67
2160,110.64694479,35.60451843,179.67
2161,110.64694486,35.60450746,89.67
2162,110.64709383,35.60450817,269.67
2163,110.64694486,35.60450746,252.80
#area_48
2164,110.64660094,35.60442093,179.65
2165,110.64660188,35.60429349,89.65
2166,110.64661519,35.60429356,359.65
2167,110.64661425,35.60442099,89.65
2168,110.64662755,35.60442106,179.65
2169,110.64662850,35.60429363,89.65
2170,110.64664181,35.60429369,359.65
2171,110.64664086,35.60442112,89.65
2172,110.64665417,35.60442119,179.65
2173,110.64665512,35.60429376,89.65
2174,110.64666842,35.60429382,359.65
2175,110.64666748,35.60442125,89.65
2176,110.64668079,35.60442132,179.65
2177,110.64668173,35.60429389,89.65
2178,110.64669504,35.60429396,359.65
2179,110.64669410,35.60442139,89.65
2180,110.64670740,35.60442145,179.65
2181,110.64670835,35.60429402,89.65
2182,110.64672166,35.60429409,359.65
2183,110.64672071,35.60442152,89.65
2184,110.64673402,35.60442158,179.65
2185,110.64673497,35.60429415,89.65
2186,110.64674827,35.60429422,359.65
2187,110.64674733,35.60442165,89.65
2188,110.64676064,35.60442171,179.65
2189,110.64676158,35.60429428,89.65
2190,110.64677489,35.60429435,359.65
2191,110.64677395,35.60442178,89.65
2192,110.64678725,35.60442185,179.65
2193,110.64678820,35.60429442,89.65
2194,110.64680151,35.60429448,359.65
2195,110.64680056,35.60442191,89.65
2196,110.64681387,35.60442198,179.65
2197,110.64681482,35.60429455,89.65
2198,110.64682812,35.60429461,359.65
2199,110.64682718,35.60442204,89.65
2200,110.64684049,35.60442211,179.65
2201,110.64684143,35.60429468,89.65
2202,110.64685474,35.60429474,359.65
2203,110.64685380,35.60442218,89.65
2204,110.64686710,35.60442224,179.65
2205,110.64686805,35.60429481,89.65
2206,110.64688136,35.60429488,359.65
2207,110.64688041,35.60442231,89.65
2208,110.64689372,35.60442237,179.65
2209,110.64689467,35.60429494,89.65
2210,110.64690797,35.60429501,359.65
2211,110.64690703,35.60442244,89.65
2212,110.64692034,35.60442250,179.65
2213,110.64692128,35.60429507,89.65
2214,110.64693459,35.60429514,359.65
2215,110.64693365,35.60442257,89.65
2216,110.64694695,35.60442264,179.65
2217,110.64694790,35.60429520,89.65
2218,110.64696121,35.60429527,359.65
2219,110.64696026,35.60442270,89.65
2220,110.64697357,35.60442277,179.65
2221,110.64697452,35.60429534,89.65
2222,110.64698782,35.60429540,359.65
2223,110.64698688,35.60442283,89.65
2224,110.64700019,35.60442290,179.65
2225,110.64700113,35.60429547,89.65
2226,110.64701444,35.60429553,359.65
2227,110.64701350,35.60442296,89.65
2228,110.64702680,35.60442303,179.65
2229,110.64702775,35.60429560,89.65
2230,110.64704106,35.60429567,359.65
2231,110.64704011,35.60442310,89.65
2232,110.64705342,35.60442316,179.65
2233,110.64705437,35.60429573,89.65
2234,110.64706767,35.60429580,359.65
2235,110.64706673,35.60442323,89.65
2236,110.64708004,35.60442329,179.65
2237,110.64708098,35.60429586,89.65
2238,110.64709429,35.60429593,359.65
2239,110.64709335,35.60442336,247.66
#area_49
2240,110.64660164,35.60425906,180.03
2241,110.64660157,35.60415237,90.03
2242,110.64661493,35.60415236,0.03
2243,110.64661500,35.60425905,90.03
2244,110.64662837,35.60425905,180.03
2245,110.64662830,35.60415235,90.03
2246,110.64664166,35.60415235,0.03
2247,110.64664173,35.60425904,90.03
2248,110.64665510,35.60425903,180.03
2249,110.64665502,35.60415234,90.03
2250,110.64666839,35.60415234,0.03
2251,110.64666846,35.60425903,90.03
2252,110.64668183,35.60425902,180.03
2253,110.64668175,35.60415233,90.03
2254,110.64669512,35.60415232,0.03
2255,110.64669519,35.60425902,90.03
2256,110.64670856,35.60425901,180.03
2257,110.64670848,35.60415232,90.03
2258,110.64672185,35.60415231,0.03
2259,110.64672192,35.60425900,90.03
2260,110.64673528,35.60425900,180.03
2261,110.64673521,35.60415231,90.03
2262,110.64674858,35.60415230,0.03
2263,110.64674865,35.60425899,90.03
2264,110.64676201,35.60425898,180.03
2265,110.64676194,35.60415229,90.03
2266,110.64677530,35.60415229,0.03
2267,110.64677538,35.60425898,90.03
2268,110.64678874,35.60425897,180.03
2269,110.64678867,35.60415228,90.03
2270,110.64680203,35.60415227,0.03
2271,110.64680211,35.60425897,90.03
2272,110.64681547,35.60425896,180.03
2273,110.64681540,35.60415227,90.03
2274,110.64682876,35.60415226,0.03
2275,110.64682884,35.60425895,90.03
2276,110.64684220,35.60425895,180.03
2277,110.64684213,35.60415226,90.03
2278,110.64685549,35.60415225,0.03
2279,110.64685556,35.60425894,90.03
2280,110.64686893,35.60425894,180.03
2281,110.64686885,35.60415224,90.03
2282,110.64688222,35.60415224,0.03
2283,110.64688229,35.60425893,90.03
2284,110.64689566,35.60425892,180.03
2285,110.64689558,35.60415223,90.03
2286,110.64690895,35.60415223,0.03
2287,110.64690902,35.60425892,90.03
2288,110.64692239,35.60425891,180.03
2289,110.64692231,35.60415222,90.03
2290,110.64693568,35.60415221,0.03
2291,110.64693575,35.60425890,82.90
#area_50
2292,110.64694557,35.60425990,89.80
2293,110.64709416,35.60426031,179.81
2294,110.64709421,35.60424877,269.80
2295,110.64694562,35.60424836,179.81
2296,110.64694566,35.60423682,89.80
2297,110.64709426,35.60423723,179.81
2298,110.64709431,35.60422569,269.80
2299,110.64694571,35.60422528,179.81
2300,110.64694576,35.60421374,89.80
2301,110.64709435,35.60421415,179.81
2302,110.64709440,35.60420261,269.80
2303,110.64694581,35.60420220,179.81
2304,110.64694586,35.60419066,89.80
2305,110.64709445,35.60419107,179.81
2306,110.64709450,35.60417953,269.80
2307,110.64694590,35.60417912,179.81
2308,110.64694595,35.60416758,89.80
2309,110.64709455,35.60416799,179.81
2310,110.64709459,35.60415645,269.80
2311,110.64694600,35.60415604,179.81
2312,110.64694605,35.60414450,89.80
2313,110.64709464,35.60414491,179.81
2314,110.64709469,35.60413337,269.80
2315,110.64694610,35.60413296,89.80
2316,110.64709469,35.60413337,257.17
#area_51
2317,110.64660205,35.60404211,179.99
2318,110.64660208,35.60386293,89.99
2319,110.64661537,35.60386293,359.99
2320,110.64661535,35.60404211,89.99
2321,110.64662864,35.60404211,179.99
2322,110.64662867,35.60386293,89.99
2323,110.64664197,35.60386293,359.99
2324,110.64664194,35.60404211,89.99
2325,110.64665524,35.60404212,179.99
2326,110.64665527,35.60386293,89.99
2327,110.64666857,35.60386293,359.99
2328,110.64666854,35.60404212,89.99
2329,110.64668184,35.60404212,179.99
2330,110.64668187,35.60386293,89.99
2331,110.64669517,35.60386294,359.99
2332,110.64669514,35.60404212,89.99
2333,110.64670844,35.60404212,179.99
2334,110.64670847,35.60386294,89.99
2335,110.64672177,35.60386294,359.99
2336,110.64672174,35.60404212,89.99
2337,110.64673504,35.60404212,179.99
2338,110.64673507,35.60386294,89.99
2339,110.64674836,35.60386294,359.99
2340,110.64674834,35.60404213,89.99
2341,110.64676163,35.60404213,179.99
2342,110.64676166,35.60386294,89.99
2343,110.64677496,35.60386294,359.99
2344,110.64677493,35.60404213,89.99
2345,110.64678823,35.60404213,179.99
2346,110.64678826,35.60386295,89.99
2347,110.64680156,35.60386295,359.99
2348,110.64680153,35.60404213,89.99
2349,110.64681483,35.60404213,179.99
2350,110.64681486,35.60386295,89.99
2351,110.64682816,35.60386295,359.99
2352,110.64682813,35.60404213,89.99
2353,110.64684143,35.60404214,179.99
2354,110.64684146,35.60386295,89.99
2355,110.64685476,35.60386295,359.99
2356,110.64685473,35.60404214,89.99
2357,110.64686803,35.60404214,179.99
2358,110.64686806,35.60386295,89.99
2359,110.64688135,35.60386296,359.99
2360,110.64688133,35.60404214,89.99
2361,110.64689462,35.60404214,179.99
2362,110.64689465,35.60386296,89.99
2363,110.64690795,35.60386296,359.99
2364,110.64690792,35.60404214,89.99
2365,110.64692122,35.60404214,179.99
2366,110.64692125,35.60386296,89.99
2367,110.64693455,35.60386296,359.99
2368,110.64693452,35.60404215,89.99
2369,110.64694782,35.60404215,179.99
2370,110.64694785,35.60386296,89.99
2371,110.64696115,35.60386296,359.99
2372,110.64696112,35.60404215,89.99
2373,110.64697442,35.60404215,179.99
2374,110.64697445,35.60386297,89.99
2375,110.64698775,35.60386297,359.99
2376,110.64698772,35.60404215,89.99
2377,110.64700102,35.60404215,179.99
2378,110.64700105,35.60386297,89.99
2379,110.64701434,35.60386297,359.99
2380,110.64701432,35.60404215,89.99
2381,110.64702762,35.60404216,179.99
2382,110.64702764,35.60386297,89.99
2383,110.64704094,35.60386297,359.99
2384,110.64704091,35.60404216,89.99
2385,110.64705421,35.60404216,179.99
2386,110.64705424,35.60386297,89.99
2387,110.64706754,35.60386297,359.99
2388,110.64706751,35.60404216,89.99
2389,110.64708081,35.60404216,179.99
2390,110.64708084,35.60386298,89.99
2391,110.64709414,35.60386298,359.99
2392,110.64709411,35.60404216,241.64
#area_52
2393,110.64660317,35.60382671,179.86
2394,110.64660366,35.60366845,89.86
2395,110.64661700,35.60366848,359.86
2396,110.64661651,35.60382673,89.86
2397,110.64662986,35.60382676,179.86
2398,110.64663034,35.60366851,89.86
2399,110.64664368,35.60366853,359.86
2400,110.64664320,35.60382679,89.86
2401,110.64665654,35.60382682,179.86
2402,110.64665703,35.60366856,89.86
2403,110.64667037,35.60366859,359.86
2404,110.64666989,35.60382684,89.86
2405,110.64668323,35.60382687,179.86
2406,110.64668371,35.60366861,89.86
2407,110.64669706,35.60366864,359.86
2408,110.64669657,35.60382690,89.86
2409,110.64670991,35.60382692,179.86
2410,110.64671040,35.60366867,89.86
2411,110.64672374,35.60366870,359.86
2412,110.64672326,35.60382695,89.86
2413,110.64673660,35.60382698,179.86
2414,110.64673708,35.60366872,89.86
2415,110.64675043,35.60366875,359.86
2416,110.64674994,35.60382701,89.86
2417,110.64676329,35.60382703,179.86
2418,110.64676377,35.60366878,89.86
2419,110.64677711,35.60366881,359.86
2420,110.64677663,35.60382706,89.86
2421,110.64678997,35.60382709,179.86
2422,110.64679046,35.60366883,89.86
2423,110.64680380,35.60366886,359.86
2424,110.64680332,35.60382711,89.86
2425,110.64681666,35.60382714,179.86
2426,110.64681714,35.60366889,89.86
2427,110.64683049,35.60366891,359.86
2428,110.64683000,35.60382717,89.86
2429,110.64684334,35.60382720,179.86
2430,110.64684383,35.60366894,89.86
2431,110.64685717,35.60366897,359.86
2432,110.64685669,35.60382722,89.86
2433,110.64687003,35.60382725,179.86
2434,110.64687051,35.60366900,89.86
2435,110.64688386,35.60366902,359.86
2436,110.64688337,35.60382728,89.86
2437,110.64689672,35.60382731,179.86
2438,110.64689720,35.60366905,89.86
2439,110.64691054,35.60366908,359.86
2440,110.64691006,35.60382733,89.86
2441,110.64692340,35.60382736,179.86
2442,110.64692389,35.60366910,89.86
2443,110.64693723,35.60366913,359.86
2444,110.64693674,35.60382739,88.32
#area_53
2445,110.64694705,35.60382763,89.76
2446,110.64709529,35.60382813,179.77
2447,110.64709535,35.60381695,269.76
2448,110.64694710,35.60381646,179.77
2449,110.64694716,35.60380528,89.76
2450,110.64709540,35.60380578,179.77
2451,110.64709546,35.60379461,269.76
2452,110.64694722,35.60379411,179.77
2453,110.64694727,35.60378293,89.76
2454,110.64709551,35.60378343,179.77
2455,110.64709557,35.60377226,269.76
2456,110.64694733,35.60377176,179.77
2457,110.64694738,35.60376058,89.76
2458,110.64709563,35.60376108,179.77
2459,110.64709568,35.60374991,269.76
2460,110.64694744,35.60374941,179.77
2461,110.64694750,35.60373824,89.76
2462,110.64709574,35.60373873,179.77
2463,110.64709580,35.60372756,269.76
2464,110.64694755,35.60372706,179.77
2465,110.64694761,35.60371589,89.76
2466,110.64709585,35.60371638,179.77
2467,110.64709591,35.60370521,269.76
2468,110.64694767,35.60370471,179.77
2469,110.64694772,35.60369354,89.76
2470,110.64709596,35.60369403,179.77
2471,110.64709602,35.60368286,269.76
2472,110.64694778,35.60368236,179.77
2473,110.64694783,35.60367119,89.76
2474,110.64709608,35.60367169,179.77
2475,110.64709613,35.60366051,269.76
2476,110.64694789,35.60366001,179.77
2477,110.64694795,35.60364884,89.76
2478,110.64709619,35.60364934,269.76
2479,110.64694795,35.60364884,251.17
#area_54
2480,110.64660482,35.60355368,179.84
2481,110.64660511,35.60346826,89.84
2482,110.64661840,35.60346829,359.84
2483,110.64661811,35.60355371,89.84
2484,110.64663140,35.60355374,179.84
2485,110.64663169,35.60346832,89.84
2486,110.64664498,35.60346834,359.84
2487,110.64664470,35.60355377,89.84
2488,110.64665799,35.60355380,179.84
2489,110.64665827,35.60346837,89.84
2490,110.64667157,35.60346840,359.84
2491,110.64667128,35.60355383,89.84
2492,110.64668457,35.60355386,179.84
2493,110.64668486,35.60346843,89.84
2494,110.64669815,35.60346846,359.84
2495,110.64669786,35.60355389,89.84
2496,110.64671116,35.60355392,179.84
2497,110.64671144,35.60346849,89.84
2498,110.64672473,35.60346852,359.84
2499,110.64672445,35.60355395,89.84
2500,110.64673774,35.60355398,179.84
2501,110.64673803,35.60346855,89.84
2502,110.64675132,35.60346858,359.84
2503,110.64675103,35.60355401,89.84
2504,110.64676432,35.60355404,179.84
2505,110.64676461,35.60346861,89.84
2506,110.64677790,35.60346864,359.84
2507,110.64677762,35.60355407,89.84
2508,110.64679091,35.60355410,179.84
2509,110.64679119,35.60346867,89.84
2510,110.64680448,35.60346870,359.84
2511,110.64680420,35.60355413,89.84
2512,110.64681749,35.60355416,179.84
2513,110.64681778,35.60346873,89.84
2514,110.64683107,35.60346876,359.84
2515,110.64683078,35.60355418,89.84
2516,110.64684408,35.60355421,179.84
2517,110.64684436,35.60346879,89.84
2518,110.64685765,35.60346882,359.84
2519,110.64685737,35.60355424,89.84
2520,110.64687066,35.60355427,179.84
2521,110.64687094,35.60346885,89.84
2522,110.64688424,35.60346888,359.84
2523,110.64688395,35.60355430,89.84
2524,110.64689724,35.60355433,179.84
2525,110.64689753,35.60346891,89.84
2526,110.64691082,35.60346894,359.84
2527,110.64691054,35.60355436,89.84
2528,110.64692383,35.60355439,179.84
2529,110.64692411,35.60346897,89.84
2530,110.64693740,35.60346900,359.84
2531,110.64693712,35.60355442,89.84
2532,110.64695041,35.60355445,179.84
2533,110.64695070,35.60346902,89.84
2534,110.64696399,35.60346905,359.84
2535,110.64696370,35.60355448,89.84
2536,110.64697700,35.60355451,179.84
2537,110.64697728,35.60346908,89.84
2538,110.64699057,35.60346911,359.84
2539,110.64699029,35.60355454,89.84
2540,110.64700358,35.60355457,179.84
2541,110.64700386,35.60346914,89.84
2542,110.64701716,35.60346917,359.84
2543,110.64701687,35.60355460,89.84
2544,110.64703016,35.60355463,179.84
2545,110.64703045,35.60346920,89.84
2546,110.64704374,35.60346923,359.84
2547,110.64704345,35.60355466,89.84
2548,110.64705675,35.60355469,179.84
2549,110.64705703,35.60346926,89.84
2550,110.64707032,35.60346929,359.84
2551,110.64707004,35.60355472,89.84
2552,110.64708333,35.60355475,179.84
2553,110.64708362,35.60346932,89.84
2554,110.64709691,35.60346935,359.84
2555,110.64709662,35.60355478,253.92
#area_55
2556,110.64660484,35.60343950,179.93
2557,110.64660505,35.60330178,89.93
2558,110.64661838,35.60330179,359.93
2559,110.64661817,35.60343951,89.93
2560,110.64663150,35.60343953,179.93
2561,110.64663171,35.60330181,89.93
2562,110.64664504,35.60330182,359.93
2563,110.64664483,35.60343954,89.93
2564,110.64665816,35.60343955,179.93
2565,110.64665837,35.60330183,89.93
2566,110.64667170,35.60330185,359.93
2567,110.64667149,35.60343957,89.93
2568,110.64668482,35.60343958,179.93
2569,110.64668503,35.60330186,89.93
2570,110.64669836,35.60330187,359.93
2571,110.64669815,35.60343959,89.93
2572,110.64671148,35.60343961,179.93
2573,110.64671169,35.60330189,89.93
2574,110.64672502,35.60330190,359.93
2575,110.64672481,35.60343962,89.93
2576,110.64673814,35.60343963,179.93
2577,110.64673835,35.60330191,89.93
2578,110.64675168,35.60330193,359.93
2579,110.64675147,35.60343965,89.93
2580,110.64676480,35.60343966,179.93
2581,110.64676501,35.60330194,89.93
2582,110.64677834,35.60330195,359.93
2583,110.64677813,35.60343967,89.93
2584,110.64679146,35.60343969,179.93
2585,110.64679167,35.60330197,89.93
2586,110.64680500,35.60330198,359.93
2587,110.64680479,35.60343970,89.93
2588,110.64681812,35.60343971,179.93
2589,110.64681833,35.60330200,89.93
2590,110.64683166,35.60330201,359.93
2591,110.64683145,35.60343973,89.93
2592,110.64684478,35.60343974,179.93
2593,110.64684499,35.60330202,89.93
2594,110.64685832,35.60330204,359.93
2595,110.64685811,35.60343975,89.93
2596,110.64687144,35.60343977,179.93
2597,110.64687165,35.60330205,89.93
2598,110.64688498,35.60330206,359.93
2599,110.64688477,35.60343978,89.93
2600,110.64689810,35.60343979,179.93
2601,110.64689831,35.60330208,89.93
2602,110.64691164,35.60330209,359.93
2603,110.64691143,35.60343981,89.93
2604,110.64692476,35.60343982,179.93
2605,110.64692496,35.60330210,89.93
2606,110.64693829,35.60330212,359.93
2607,110.64693809,35.60343983,89.93
2608,110.64695142,35.60343985,179.93
2609,110.64695162,35.60330213,89.93
2610,110.64696495,35.60330214,359.93
2611,110.64696475,35.60343986,89.93
2612,110.64697808,35.60343987,179.93
2613,110.64697828,35.60330216,89.93
2614,110.64699161,35.60330217,359.93
2615,110.64699141,35.60343989,89.93
2616,110.64700474,35.60343990,179.93
2617,110.64700494,35.60330218,89.93
2618,110.64701827,35.60330220,359.93
2619,110.64701806,35.60343991,89.93
2620,110.64703139,35.60343993,179.93
2621,110.64703160,35.60330221,89.93
2622,110.64704493,35.60330222,359.93
2623,110.64704472,35.60343994,89.93
2624,110.64705805,35.60343995,179.93
2625,110.64705826,35.60330224,89.93
2626,110.64707159,35.60330225,359.93
2627,110.64707138,35.60343997,89.93
2628,110.64708471,35.60343998,179.93
2629,110.64708492,35.60330226,89.93
2630,110.64709825,35.60330228,359.93
2631,110.64709804,35.60344000,246.60
#area_56
2632,110.64660507,35.60326656,180.16
2633,110.64660488,35.60321184,90.16
2634,110.64661824,35.60321181,0.16
2635,110.64661842,35.60326653,90.16
2636,110.64663177,35.60326650,180.16
2637,110.64663159,35.60321178,90.16
2638,110.64664494,35.60321175,0.16
2639,110.64664513,35.60326647,90.16
2640,110.64665848,35.60326644,180.16
2641,110.64665830,35.60321172,90.16
2642,110.64667165,35.60321169,0.16
2643,110.64667183,35.60326641,90.16
2644,110.64668519,35.60326638,180.16
2645,110.64668500,35.60321166,90.16
2646,110.64669836,35.60321163,0.16
2647,110.64669854,35.60326635,90.16
2648,110.64671189,35.60326632,180.16
2649,110.64671171,35.60321160,90.16
2650,110.64672506,35.60321157,0.16
2651,110.64672525,35.60326629,90.16
2652,110.64673860,35.60326626,180.16
2653,110.64673842,35.60321154,90.16
2654,110.64675177,35.60321151,0.16
2655,110.64675195,35.60326623,90.16
2656,110.64676531,35.60326620,180.16
2657,110.64676512,35.60321148,90.16
2658,110.64677848,35.60321145,0.16
2659,110.64677866,35.60326617,90.16
2660,110.64679201,35.60326614,180.16
2661,110.64679183,35.60321142,90.16
2662,110.64680518,35.60321139,0.16
2663,110.64680537,35.60326611,90.16
2664,110.64681872,35.60326608,180.16
2665,110.64681854,35.60321136,90.16
2666,110.64683189,35.60321133,0.16
2667,110.64683207,35.60326605,90.16
2668,110.64684543,35.60326602,180.16
2669,110.64684524,35.60321130,90.16
2670,110.64685860,35.60321127,0.16
2671,110.64685878,35.60326599,90.16
2672,110.64687213,35.60326596,180.16
2673,110.64687195,35.60321124,90.16
2674,110.64688530,35.60321121,0.16
2675,110.64688549,35.60326593,90.16
2676,110.64689884,35.60326590,180.16
2677,110.64689866,35.60321118,90.16
2678,110.64691201,35.60321115,0.16
2679,110.64691220,35.60326587,90.16
2680,110.64692555,35.60326584,180.16
2681,110.64692536,35.60321112,90.16
2682,110.64693872,35.60321109,0.16
2683,110.64693890,35.60326581,85.10
#area_57
2684,110.64694871,35.60326649,179.84
2685,110.64694896,35.60319149,89.84
2686,110.64696242,35.60319152,359.84
2687,110.64696216,35.60326652,89.84
2688,110.64697562,35.60326655,179.84
2689,110.64697587,35.60319155,89.84
2690,110.64698932,35.60319158,359.84
2691,110.64698907,35.60326658,89.84
2692,110.64700253,35.60326661,179.84
2693,110.64700278,35.60319161,89.84
2694,110.64701623,35.60319164,359.84
2695,110.64701598,35.60326664,89.84
2696,110.64702944,35.60326667,179.84
2697,110.64702969,35.60319167,89.84
2698,110.64704314,35.60319170,359.84
2699,110.64704289,35.60326670,89.84
2700,110.64705634,35.60326673,179.84
2701,110.64705659,35.60319173,89.84
2702,110.64707005,35.60319176,359.84
2703,110.64706980,35.60326676,89.84
2704,110.64708325,35.60326679,179.84
2705,110.64708350,35.60319179,89.84
2706,110.64709696,35.60319182,359.84
2707,110.64709671,35.60326682,247.58
#area_58
2708,110.64660560,35.60310205,179.78
2709,110.64660671,35.60287106,89.77
2710,110.64662002,35.60287110,359.78
2711,110.64661890,35.60310210,89.77
2712,110.64663221,35.60310214,179.78
2713,110.64663332,35.60287114,89.77
2714,110.64664663,35.60287119,359.78
2715,110.64664551,35.60310218,89.77
2716,110.64665882,35.60310223,179.78
2717,110.64665993,35.60287123,89.77
2718,110.64667324,35.60287127,359.78
2719,110.64667213,35.60310227,89.77
2720,110.64668543,35.60310231,179.78
2721,110.64668654,35.60287132,89.77
2722,110.64669985,35.60287136,359.78
2723,110.64669874,35.60310235,89.77
2724,110.64671204,35.60310240,179.78
2725,110.64671316,35.60287140,89.77
2726,110.64672646,35.60287144,359.78
2727,110.64672535,35.60310244,89.77
2728,110.64673865,35.60310248,179.78
2729,110.64673977,35.60287149,89.77
2730,110.64675307,35.60287153,359.78
2731,110.64675196,35.60310253,89.77
2732,110.64676526,35.60310257,179.78
2733,110.64676638,35.60287157,89.77
2734,110.64677968,35.60287162,359.78
2735,110.64677857,35.60310261,89.77
2736,110.64679187,35.60310265,179.78
2737,110.64679299,35.60287166,89.77
2738,110.64680629,35.60287170,359.78
2739,110.64680518,35.60310270,89.77
2740,110.64681849,35.60310274,179.78
2741,110.64681960,35.60287174,89.77
2742,110.64683290,35.60287179,359.78
2743,110.64683179,35.60310278,89.77
2744,110.64684510,35.60310283,179.78
2745,110.64684621,35.60287183,89.77
2746,110.64685951,35.60287187,359.78
2747,110.64685840,35.60310287,89.77
2748,110.64687171,35.60310291,179.78
2749,110.64687282,35.60287191,89.77
2750,110.64688613,35.60287196,359.78
2751,110.64688501,35.60310295,89.77
2752,110.64689832,35.60310300,179.78
2753,110.64689943,35.60287200,89.77
2754,110.64691274,35.60287204,359.78
2755,110.64691162,35.60310304,89.77
2756,110.64692493,35.60310308,179.78
2757,110.64692604,35.60287209,89.77
2758,110.64693935,35.60287213,359.78
2759,110.64693823,35.60310312,89.77
2760,110.64695154,35.60310317,179.78
2761,110.64695265,35.60287217,89.77
2762,110.64696596,35.60287221,359.78
2763,110.64696484,35.60310321,89.77
2764,110.64697815,35.60310325,179.78
2765,110.64697926,35.60287226,89.77
2766,110.64699257,35.60287230,359.78
2767,110.64699146,35.60310330,89.77
2768,110.64700476,35.60310334,179.78
2769,110.64700587,35.60287234,89.77
2770,110.64701918,35.60287239,359.78
2771,110.64701807,35.60310338,89.77
2772,110.64703137,35.60310342,179.78
2773,110.64703248,35.60287243,89.77
2774,110.64704579,35.60287247,359.78
2775,110.64704468,35.60310347,89.77
2776,110.64705798,35.60310351,179.78
2777,110.64705910,35.60287251,89.77
2778,110.64707240,35.60287256,359.78
2779,110.64707129,35.60310355,89.77
2780,110.64708459,35.60310359,179.78
2781,110.64708571,35.60287260,89.77
2782,110.64709901,35.60287264,359.78
2783,110.64709790,35.60310364,236.34
#area_59
2784,110.64660690,35.60283779,179.99
2785,110.64660694,35.60266896,89.99
2786,110.64662029,35.60266896,359.99
2787,110.64662024,35.60283779,89.99
2788,110.64663359,35.60283779,179.99
2789,110.64663363,35.60266896,89.99
2790,110.64664697,35.60266896,359.99
2791,110.64664693,35.60283779,89.99
2792,110.64666027,35.60283780,179.99
2793,110.64666031,35.60266897,89.99
2794,110.64667365,35.60266897,359.99
2795,110.64667361,35.60283780,89.99
2796,110.64668695,35.60283780,179.99
2797,110.64668699,35.60266897,89.99
2798,110.64670034,35.60266897,359.99
2799,110.64670029,35.60283780,89.99
2800,110.64671364,35.60283780,179.99
2801,110.64671368,35.60266897,89.99
2802,110.64672702,35.60266898,359.99
2803,110.64672698,35.60283781,89.99
2804,110.64674032,35.60283781,179.99
2805,110.64674036,35.60266898,89.99
2806,110.64675370,35.60266898,359.99
2807,110.64675366,35.60283781,89.99
2808,110.64676700,35.60283781,179.99
2809,110.64676704,35.60266898,89.99
2810,110.64678039,35.60266899,359.99
2811,110.64678034,35.60283782,89.99
2812,110.64679369,35.60283782,179.99
2813,110.64679373,35.60266899,89.99
2814,110.64680707,35.60266899,359.99
2815,110.64680703,35.60283782,89.99
2816,110.64682037,35.60283782,179.99
2817,110.64682041,35.60266899,89.99
2818,110.64683375,35.60266899,359.99
2819,110.64683371,35.60283782,89.99
2820,110.64684705,35.60283783,179.99
2821,110.64684709,35.60266900,89.99
2822,110.64686044,35.60266900,359.99
2823,110.64686039,35.60283783,89.99
2824,110.64687374,35.60283783,179.99
2825,110.64687378,35.60266900,89.99
2826,110.64688712,35.60266900,359.99
2827,110.64688708,35.60283783,89.99
2828,110.64690042,35.60283784,179.99
2829,110.64690046,35.60266901,89.99
2830,110.64691380,35.60266901,359.99
2831,110.64691376,35.60283784,89.99
2832,110.64692710,35.60283784,179.99
2833,110.64692714,35.60266901,89.99
2834,110.64694049,35.60266901,359.99
2835,110.64694044,35.60283784,89.35
#area_60
2836,110.64695028,35.60283793,89.97
2837,110.64709882,35.60283799,179.97
2838,110.64709883,35.60282686,269.97
2839,110.64695028,35.60282680,179.97
2840,110.64695029,35.60281567,89.97
2841,110.64709883,35.60281573,179.97
2842,110.64709884,35.60280459,269.97
2843,110.64695030,35.60280454,179.97
2844,110.64695030,35.60279341,89.97
2845,110.64709885,35.60279346,179.97
2846,110.64709885,35.60278233,269.97
2847,110.64695031,35.60278228,179.97
2848,110.64695032,35.60277114,89.97
2849,110.64709886,35.60277120,179.97
2850,110.64709886,35.60276007,269.97
2851,110.64695032,35.60276001,179.97
2852,110.64695033,35.60274888,89.97
2853,110.64709887,35.60274894,179.97
2854,110.64709888,35.60273781,269.97
2855,110.64695033,35.60273775,179.97
2856,110.64695034,35.60272662,89.97
2857,110.64709888,35.60272667,179.97
2858,110.64709889,35.60271554,269.97
2859,110.64695035,35.60271549,179.97
2860,110.64695035,35.60270436,89.97
2861,110.64709890,35.60270441,179.97
2862,110.64709890,35.60269328,269.97
2863,110.64695036,35.60269322,179.97
2864,110.64695037,35.60268209,89.97
2865,110.64709891,35.60268215,179.97
2866,110.64709891,35.60267102,269.97
2867,110.64695037,35.60267096,179.97
2868,110.64695038,35.60265983,89.97
2869,110.64709892,35.60265989,179.97
2870,110.64709893,35.60264875,269.97
2871,110.64695038,35.60264870,89.97
2872,110.64709893,35.60264875,257.73
#area_61
2873,110.64660791,35.60256196,179.72
2874,110.64660868,35.60243511,89.71
2875,110.64662199,35.60243516,359.72
2876,110.64662122,35.60256201,89.71
2877,110.64663452,35.60256207,179.72
2878,110.64663530,35.60243522,89.71
2879,110.64664861,35.60243527,359.72
2880,110.64664783,35.60256212,89.71
2881,110.64666114,35.60256218,179.72
2882,110.64666191,35.60243533,89.71
2883,110.64667522,35.60243538,359.72
2884,110.64667445,35.60256223,89.71
2885,110.64668775,35.60256228,179.72
2886,110.64668853,35.60243544,89.71
2887,110.64670184,35.60243549,359.72
2888,110.64670106,35.60256234,89.71
2889,110.64671437,35.60256239,179.72
2890,110.64671514,35.60243554,89.71
2891,110.64672845,35.60243560,359.72
2892,110.64672768,35.60256245,89.71
2893,110.64674098,35.60256250,179.72
2894,110.64674176,35.60243565,89.71
2895,110.64675506,35.60243571,359.72
2896,110.64675429,35.60256256,89.71
2897,110.64676760,35.60256261,179.72
2898,110.64676837,35.60243576,89.71
2899,110.64678168,35.60243581,359.72
2900,110.64678090,35.60256266,89.71
2901,110.64679421,35.60256272,179.72
2902,110.64679499,35.60243587,89.71
2903,110.64680829,35.60243592,359.72
2904,110.64680752,35.60256277,89.71
2905,110.64682083,35.60256283,179.72
2906,110.64682160,35.60243598,89.71
2907,110.64683491,35.60243603,359.72
2908,110.64683413,35.60256288,89.71
2909,110.64684744,35.60256294,179.72
2910,110.64684822,35.60243609,89.71
2911,110.64686152,35.60243614,359.72
2912,110.64686075,35.60256299,89.71
2913,110.64687406,35.60256304,179.72
2914,110.64687483,35.60243619,89.71
2915,110.64688814,35.60243625,359.72
2916,110.64688736,35.60256310,89.71
2917,110.64690067,35.60256315,179.72
2918,110.64690144,35.60243630,89.71
2919,110.64691475,35.60243636,359.72
2920,110.64691398,35.60256321,89.71
2921,110.64692729,35.60256326,179.72
2922,110.64692806,35.60243641,89.71
2923,110.64694137,35.60243647,359.72
2924,110.64694059,35.60256331,89.71
2925,110.64695390,35.60256337,179.72
2926,110.64695467,35.60243652,89.71
2927,110.64696798,35.60243657,359.72
2928,110.64696721,35.60256342,89.71
2929,110.64698051,35.60256348,179.72
2930,110.64698129,35.60243663,89.71
2931,110.64699460,35.60243668,359.72
2932,110.64699382,35.60256353,89.71
2933,110.64700713,35.60256359,179.72
2934,110.64700790,35.60243674,89.71
2935,110.64702121,35.60243679,359.72
2936,110.64702044,35.60256364,89.71
2937,110.64703374,35.60256369,179.72
2938,110.64703452,35.60243684,89.71
2939,110.64704783,35.60243690,359.72
2940,110.64704705,35.60256375,89.71
2941,110.64706036,35.60256380,179.72
2942,110.64706113,35.60243695,89.71
2943,110.64707444,35.60243701,359.72
2944,110.64707367,35.60256386,89.71
2945,110.64708697,35.60256391,179.72
2946,110.64708775,35.60243706,89.71
2947,110.64710105,35.60243712,359.72
2948,110.64710028,35.60256396,247.66
#area_62
2949,110.64660887,35.60239979,179.85
2950,110.64660922,35.60229341,89.85
2951,110.64662258,35.60229344,359.85
2952,110.64662223,35.60239982,89.85
2953,110.64663558,35.60239985,179.85
2954,110.64663593,35.60229347,89.85
2955,110.64664929,35.60229350,359.85
2956,110.64664894,35.60239988,89.85
2957,110.64666230,35.60239991,179.85
2958,110.64666265,35.60229353,89.85
2959,110.64667601,35.60229356,359.85
2960,110.64667566,35.60239994,89.85
2961,110.64668902,35.60239997,179.85
2962,110.64668937,35.60229359,89.85
2963,110.64670273,35.60229361,359.85
2964,110.64670238,35.60240000,89.85
2965,110.64671573,35.60240003,179.85
2966,110.64671608,35.60229364,89.85
2967,110.64672944,35.60229367,359.85
2968,110.64672909,35.60240006,89.85
2969,110.64674245,35.60240009,179.85
2970,110.64674280,35.60229370,89.85
2971,110.64675616,35.60229373,359.85
2972,110.64675581,35.60240012,89.85
2973,110.64676917,35.60240015,179.85
2974,110.64676952,35.60229376,89.85
2975,110.64678288,35.60229379,359.85
2976,110.64678253,35.60240017,89.85
2977,110.64679589,35.60240020,179.85
2978,110.64679624,35.60229382,89.85
2979,110.64680959,35.60229385,359.85
2980,110.64680924,35.60240023,89.85
2981,110.64682260,35.60240026,179.85
2982,110.64682295,35.60229388,89.85
2983,110.64683631,35.60229391,359.85
2984,110.64683596,35.60240029,89.85
2985,110.64684932,35.60240032,179.85
2986,110.64684967,35.60229394,89.85
2987,110.64686303,35.60229397,359.85
2988,110.64686268,35.60240035,89.85
2989,110.64687604,35.60240038,179.85
2990,110.64687639,35.60229400,89.85
2991,110.64688974,35.60229403,359.85
2992,110.64688939,35.60240041,89.85
2993,110.64690275,35.60240044,179.85
2994,110.64690310,35.60229405,89.85
2995,110.64691646,35.60229408,359.85
2996,110.64691611,35.60240047,89.85
2997,110.64692947,35.60240050,179.85
2998,110.64692982,35.60229411,89.85
2999,110.64694318,35.60229414,359.85
3000,110.64694283,35.60240053,83.59
#area_63
3001,110.64695244,35.60240140,89.73
3002,110.64710108,35.60240198,179.73
3003,110.64710114,35.60239041,269.73
3004,110.64695251,35.60238983,179.73
3005,110.64695258,35.60237825,89.73
3006,110.64710121,35.60237883,179.73
3007,110.64710128,35.60236725,269.73
3008,110.64695264,35.60236667,179.73
3009,110.64695271,35.60235509,89.73
3010,110.64710135,35.60235567,179.73
3011,110.64710141,35.60234410,269.73
3012,110.64695278,35.60234352,179.73
3013,110.64695285,35.60233194,89.73
3014,110.64710148,35.60233252,179.73
3015,110.64710155,35.60232094,269.73
3016,110.64695292,35.60232036,179.73
3017,110.64695298,35.60230878,89.73
3018,110.64710162,35.60230936,179.73
3019,110.64710169,35.60229779,269.73
3020,110.64695305,35.60229721,179.73
3021,110.64695312,35.60228563,89.73
3022,110.64710175,35.60228621,179.73
3023,110.64710182,35.60227463,269.73
3024,110.64695319,35.60227405,89.73
3025,110.64710182,35.60227463,256.58
#area_64
3026,110.64660977,35.60217920,179.87
3027,110.64660995,35.60211417,89.87
3028,110.64662330,35.60211420,359.87
3029,110.64662312,35.60217922,89.87
3030,110.64663647,35.60217924,179.87
3031,110.64663665,35.60211422,89.87
3032,110.64665000,35.60211425,359.87
3033,110.64664983,35.60217927,89.87
3034,110.64666318,35.60217929,179.87
3035,110.64666335,35.60211427,89.87
3036,110.64667670,35.60211429,359.87
3037,110.64667653,35.60217932,89.87
3038,110.64668988,35.60217934,179.87
3039,110.64669005,35.60211432,89.87
3040,110.64670341,35.60211434,359.87
3041,110.64670323,35.60217937,89.87
3042,110.64671658,35.60217939,179.87
3043,110.64671676,35.60211437,89.87
3044,110.64673011,35.60211439,359.87
3045,110.64672993,35.60217941,89.87
3046,110.64674328,35.60217944,179.87
3047,110.64674346,35.60211442,89.87
3048,110.64675681,35.60211444,359.87
3049,110.64675663,35.60217946,89.87
3050,110.64676998,35.60217949,179.87
3051,110.64677016,35.60211446,89.87
3052,110.64678351,35.60211449,359.87
3053,110.64678334,35.60217951,89.87
3054,110.64679669,35.60217953,179.87
3055,110.64679686,35.60211451,89.87
3056,110.64681021,35.60211454,359.87
3057,110.64681004,35.60217956,89.87
3058,110.64682339,35.60217958,179.87
3059,110.64682357,35.60211456,89.87
3060,110.64683692,35.60211458,359.87
3061,110.64683674,35.60217961,89.87
3062,110.64685009,35.60217963,179.87
3063,110.64685027,35.60211461,89.87
3064,110.64686362,35.60211463,359.87
3065,110.64686344,35.60217965,89.87
3066,110.64687679,35.60217968,179.87
3067,110.64687697,35.60211466,89.87
3068,110.64689032,35.60211468,359.87
3069,110.64689014,35.60217970,89.87
3070,110.64690350,35.60217973,179.87
3071,110.64690367,35.60211470,89.87
3072,110.64691702,35.60211473,359.87
3073,110.64691685,35.60217975,89.87
3074,110.64693020,35.60217978,179.87
3075,110.64693037,35.60211475,89.87
3076,110.64694372,35.60211478,359.87
3077,110.64694355,35.60217980,4.85
#area_65
3078,110.64695320,35.60227225,89.79
3079,110.64710176,35.60227268,179.80
3080,110.64710181,35.60226148,269.79
3081,110.64695324,35.60226105,179.80
3082,110.64695329,35.60224985,89.79
3083,110.64710186,35.60225028,179.80
3084,110.64710191,35.60223908,269.79
3085,110.64695334,35.60223865,179.80
3086,110.64695339,35.60222745,89.79
3087,110.64710196,35.60222788,179.80
3088,110.64710201,35.60221669,269.79
3089,110.64695344,35.60221625,179.80
3090,110.64695349,35.60220505,89.79
3091,110.64710206,35.60220549,179.80
3092,110.64710211,35.60219429,269.79
3093,110.64695354,35.60219385,179.80
3094,110.64695359,35.60218265,89.79
3095,110.64710216,35.60218309,179.80
3096,110.64710221,35.60217189,269.79
3097,110.64695364,35.60217145,179.80
3098,110.64695369,35.60216025,89.79
3099,110.64710225,35.60216069,179.80
3100,110.64710230,35.60214949,269.79
3101,110.64695374,35.60214905,179.80
3102,110.64695379,35.60213786,89.79
3103,110.64710235,35.60213829,179.80
3104,110.64710240,35.60212709,269.79
3105,110.64695383,35.60212666,179.80
3106,110.64695388,35.60211546,89.79
3107,110.64710245,35.60211589,269.79
3108,110.64695388,35.60211546,84.04
#area_66
3109,110.64711294,35.60212896,181.02
3110,110.64711267,35.60211622,91.03
3111,110.64712649,35.60211602,1.02
3112,110.64712677,35.60212876,91.03
3113,110.64714060,35.60212856,181.02
3114,110.64714032,35.60211581,91.03
3115,110.64715415,35.60211561,1.02
3116,110.64715443,35.60212836,91.03
3117,110.64716826,35.60212815,181.02
3118,110.64716798,35.60211541,91.03
3119,110.64718181,35.60211521,1.02
3120,110.64718209,35.60212795,263.88
#area_67
3121,110.64661054,35.60207811,179.87
3122,110.64661095,35.60193052,89.87
3123,110.64662424,35.60193054,359.87
3124,110.64662383,35.60207813,89.87
3125,110.64663713,35.60207816,179.87
3126,110.64663753,35.60193057,89.87
3127,110.64665083,35.60193059,359.87
3128,110.64665042,35.60207818,89.87
3129,110.64666372,35.60207821,179.87
3130,110.64666412,35.60193062,89.87
3131,110.64667742,35.60193064,359.87
3132,110.64667701,35.60207823,89.87
3133,110.64669031,35.60207826,179.87
3134,110.64669071,35.60193067,89.87
3135,110.64670401,35.60193069,359.87
3136,110.64670360,35.60207828,89.87
3137,110.64671690,35.60207830,179.87
3138,110.64671730,35.60193071,89.87
3139,110.64673060,35.60193074,359.87
3140,110.64673019,35.60207833,89.87
3141,110.64674348,35.60207835,179.87
3142,110.64674389,35.60193076,89.87
3143,110.64675718,35.60193079,359.87
3144,110.64675678,35.60207838,89.87
3145,110.64677007,35.60207840,179.87
3146,110.64677048,35.60193081,89.87
3147,110.64678377,35.60193084,359.87
3148,110.64678337,35.60207843,89.87
3149,110.64679666,35.60207845,179.87
3150,110.64679707,35.60193086,89.87
3151,110.64681036,35.60193088,359.87
3152,110.64680996,35.60207847,89.87
3153,110.64682325,35.60207850,179.87
3154,110.64682366,35.60193091,89.87
3155,110.64683695,35.60193093,359.87
3156,110.64683655,35.60207852,89.87
3157,110.64684984,35.60207855,179.87
3158,110.64685024,35.60193096,89.87
3159,110.64686354,35.60193098,359.87
3160,110.64686313,35.60207857,89.87
3161,110.64687643,35.60207860,179.87
3162,110.64687683,35.60193101,89.87
3163,110.64689013,35.60193103,359.87
3164,110.64688972,35.60207862,89.87
3165,110.64690302,35.60207865,179.87
3166,110.64690342,35.60193105,89.87
3167,110.64691672,35.60193108,359.87
3168,110.64691631,35.60207867,89.87
3169,110.64692961,35.60207869,179.87
3170,110.64693001,35.60193110,89.87
3171,110.64694331,35.60193113,359.87
3172,110.64694290,35.60207872,89.87
3173,110.64695620,35.60207874,179.87
3174,110.64695660,35.60193115,89.87
3175,110.64696989,35.60193118,359.87
3176,110.64696949,35.60207877,89.87
3177,110.64698278,35.60207879,179.87
3178,110.64698319,35.60193120,89.87
3179,110.64699648,35.60193123,359.87
3180,110.64699608,35.60207882,89.87
3181,110.64700937,35.60207884,179.87
3182,110.64700978,35.60193125,89.87
3183,110.64702307,35.60193127,359.87
3184,110.64702267,35.60207886,89.87
3185,110.64703596,35.60207889,179.87
3186,110.64703637,35.60193130,89.87
3187,110.64704966,35.60193132,359.87
3188,110.64704926,35.60207891,89.87
3189,110.64706255,35.60207894,179.87
3190,110.64706296,35.60193135,89.87
3191,110.64707625,35.60193137,359.87
3192,110.64707585,35.60207896,89.87
3193,110.64708914,35.60207899,179.87
3194,110.64708954,35.60193140,89.87
3195,110.64710284,35.60193142,359.87
3196,110.64710243,35.60207901,89.87
3197,110.64711573,35.60207903,179.87
3198,110.64711613,35.60193144,89.87
3199,110.64712943,35.60193147,359.87
3200,110.64712902,35.60207906,89.87
3201,110.64714232,35.60207908,179.87
3202,110.64714272,35.60193149,89.87
3203,110.64715602,35.60193152,359.87
3204,110.64715561,35.60207911,89.87
3205,110.64716891,35.60207913,179.87
3206,110.64716931,35.60193154,89.87
3207,110.64718261,35.60193157,359.87
3208,110.64718220,35.60207916,359.87
